183;93,5;93,9;91,9;93,7
177;93,9;91,9;93,7;93,9
178;91,9;93,7;93,9;106,1
185;93,7;93,9;106,1;107,1
188;93,9;106,1;107,1;106,6
265;106,1;107,1;106,6;117,5
273;107,1;106,6;117,5;116,8
261;106,6;117,5;116,8;118,6
235;117,5;116,8;118,6;117,3
227;116,8;118,6;117,3;105,6
202;118,6;117,3;105,6;107,4
183;117,3;105,6;107,4;106,9
168;105,6;107,4;106,9;107,3
151;107,4;106,9;107,3;92,8
131;106,9;107,3;92,8;89,6
126;107,3;92,8;89,6;90,2
125;92,8;89,6;90,2;90,1
117;89,6;90,2;90,1;88,8
110;90,2;90,1;88,8;89,3
106;90,1;88,8;89,3;90,1
99;88,8;89,3;90,1;90,9
88;89,3;90,1;90,9;83,2
80;90,1;90,9;83,2;82
78;90,9;83,2;82;86,1
74;83,2;82;86,1;86,1
72;82;86,1;86,1;84,6
56;86,1;86,1;84,6;84
58;86,1;84,6;84;72,5
57;84,6;84;72,5;83,6
61;84;72,5;83,6;84,3
43;72,5;83,6;84,3;84,5
63;83,6;84,3;84,5;80
59;84,3;84,5;80;80
57;84,5;80;80;80,3
55;80;80;80,3;80,7
49;80;80,3;80,7;80,1
47;80,3;80,7;80,1;80,3
46;80,7;80,1;80,3;80,6
44;80,1;80,3;80,6;79,1
43;80,3;80,6;79,1;80,9
40;80,6;79,1;80,9;82,5
38;79,1;80,9;82,5;81,7
42;80,9;82,5;81,7;81,5
47;82,5;81,7;81,5;81,6
46;81,7;81,5;81,6;80,6
49;81,5;81,6;80,6;79,4
47;81,6;80,6;79,4;81
47;80,6;79,4;81;78,4
43;79,4;81;78,4;80,7
40;81;78,4;80,7;78,1
42;78,4;80,7;78,1;80,3
44;80,7;78,1;80,3;80,2
44;78,1;80,3;80,2;80,3
43;80,3;80,2;80,3;80
44;80,2;80,3;80;82,9
46;80,3;80;82,9;81
45;80;82,9;81;80,6
43;82,9;81;80,6;80,5
42;81;80,6;80,5;80,9
39;80,6;80,5;80,9;80,8
37;80,5;80,9;80,8;80,3
36;80,9;80,8;80,3;80,8
34;80,8;80,3;80,8;81
33;80,3;80,8;81;74,2
34;80,8;81;74,2;73,7
32;81;74,2;73,7;73,7
34;74,2;73,7;73,7;73,6
36;73,7;73,7;73,6;73,6
38;73,7;73,6;73,6;73,1
40;73,6;73,6;73,1;72,6
40;73,6;73,1;72,6;73,1
38;73,1;72,6;73,1;73,1
37;72,6;73,1;73,1;73,5
37;73,1;73,1;73,5;74,2
38;73,1;73,5;74,2;73,1
38;73,5;74,2;73,1;74,1
38;74,2;73,1;74,1;73,2
39;73,1;74,1;73,2;72,7
40;74,1;73,2;72,7;72,4
44;73,2;72,7;72,4;73,1
45;72,7;72,4;73,1;73,1
43;72,4;73,1;73,1;73,9
42;73,1;73,1;73,9;72,9
40;73,1;73,9;72,9;73,2
38;73,9;72,9;73,2;73,7
39;72,9;73,2;73,7;72,9
38;73,2;73,7;72,9;73,3
39;73,7;72,9;73,3;73,5
38;72,9;73,3;73,5;70,9
40;73,3;73,5;70,9;75,9
47;73,5;70,9;75,9;74,8
51;70,9;75,9;74,8;74,5
56;75,9;74,8;74,5;73,6
49;74,8;74,5;73,6;73,4
49;74,5;73,6;73,4;74
45;73,6;73,4;74;73,3
43;73,4;74;73,3;73,7
45;74;73,3;73,7;73,2
50;73,3;73,7;73,2;72,5
59;73,7;73,2;72,5;73,6
55;73,2;72,5;73,6;74
52;72,5;73,6;74;73,5
48;73,6;74;73,5;73,1
45;74;73,5;73,1;72,6
43;73,5;73,1;72,6;73,6
42;73,1;72,6;73,6;73,2
41;72,6;73,6;73,2;72,8
41;73,6;73,2;72,8;74,1
42;73,2;72,8;74,1;75,5
40;72,8;74,1;75,5;74,8
39;74,1;75,5;74,8;74,6
40;75,5;74,8;74,6;74,7
42;74,8;74,6;74,7;73,6
44;74,6;74,7;73,6;74,2
43;74,7;73,6;74,2;73,7
41;73,6;74,2;73,7;74,2
39;74,2;73,7;74,2;73,3
36;73,7;74,2;73,3;73,4
30;74,2;73,3;73,4;73
32;73,3;73,4;73;73
32;73,4;73;73;72,2
23;73;73;72,2;75,9
37;73;72,2;75,9;71,4
42;72,2;75,9;71,4;72,8
43;75,9;71,4;72,8;72,1
44;71,4;72,8;72,1;72
40;72,8;72,1;72;71,2
35;72,1;72;71,2;72,2
28;72;71,2;72,2;72,8
27;71,2;72,2;72,8;73,8
29;72,2;72,8;73,8;73
32;72,8;73,8;73;64,3
37;73,8;73;64,3;64,1
39;73;64,3;64,1;65,7
40;64,3;64,1;65,7;86,4
39;64,1;65,7;86,4;66,1
28;65,7;86,4;66,1;66,9
27;86,4;66,1;66,9;64,7
25;66,1;66,9;64,7;67,1
26;66,9;64,7;67,1;67,1
28;64,7;67,1;67,1;67,7
32;67,1;67,1;67,7;66,8
35;67,1;67,7;66,8;66,8
40;67,7;66,8;66,8;66,8
43;66,8;66,8;66,8;66,7
45;66,8;66,8;66,7;67,2
45;66,8;66,7;67,2;67,4
38;66,7;67,2;67,4;66,8
36;67,2;67,4;66,8;67,4
32;67,4;66,8;67,4;67,9
29;66,8;67,4;67,9;76
27;67,4;67,9;76;67,9
28;67,9;76;67,9;67,5
30;76;67,9;67,5;67,3
31;67,9;67,5;67,3;67,4
32;67,5;67,3;67,4;66,7
32;67,3;67,4;66,7;67,1
33;67,4;66,7;67,1;67,7
34;66,7;67,1;67,7;67,2
30;67,1;67,7;67,2;66,8
28;67,7;67,2;66,8;67,1
27;67,2;66,8;67,1;66,8
26;66,8;67,1;66,8;66,7
23;67,1;66,8;66,7;67
23;66,8;66,7;67;63,2
22;66,7;67;63,2;64
28;67;63,2;64;63,6
34;63,2;64;63,6;63,7
32;64;63,6;63,7;63,9
32;63,6;63,7;63,9;64,2
28;63,7;63,9;64,2;64,1
27;63,9;64,2;64,1;64,2
25;64,2;64,1;64,2;63,8
23;64,1;64,2;63,8;63,3
22;64,2;63,8;63,3;64,6
24;63,8;63,3;64,6;63,6
22;63,3;64,6;63,6;63,4
24;64,6;63,6;63,4;63,8
26;63,6;63,4;63,8;63,5
22;63,4;63,8;63,5;64,3
29;63,8;63,5;64,3;63,6
32;63,5;64,3;63,6;63,2
36;64,3;63,6;63,2;71,8
31;63,6;63,2;71,8;61,2
30;63,2;71,8;61,2;64
37;71,8;61,2;64;54,8
25;61,2;64;54,8;73
28;64;54,8;73;63,4
34;54,8;73;63,4;64,3
42;73;63,4;64,3;71
84;63,4;64,3;71;71,7
150;64,3;71;71,7;77,8
178;71;71,7;77,8;71,6
233;71,7;77,8;71,6;79,3
241;77,8;71,6;79,3;78,9
222;71,6;79,3;78,9;78,3
147;79,3;78,9;78,3;78,4
112;78,9;78,3;78,4;69,3
85;78,3;78,4;69,3;69
92;78,4;69,3;69;69,3
78;69,3;69;69,3;69,2
69;69;69,3;69,2;70,6
82;69,3;69,2;70,6;71,3
88;69,2;70,6;71,3;71,1
95;70,6;71,3;71,1;71,8
97;71,3;71,1;71,8;71,3
96;71,1;71,8;71,3;70,7
76;71,8;71,3;70,7;70,6
72;71,3;70,7;70,6;70,3
68;70,7;70,6;70,3;71,2
61;70,6;70,3;71,2;70
60;70,3;71,2;70;69,4
62;71,2;70;69,4;69,3
64;70;69,4;69,3;70,1
65;69,4;69,3;70,1;70,3
65;69,3;70,1;70,3;69,8
64;70,1;70,3;69,8;69,9
61;70,3;69,8;69,9;70,3
60;69,8;69,9;70,3;69,5
58;69,9;70,3;69,5;70
58;70,3;69,5;70;69,8
54;69,5;70;69,8;70,5
52;70;69,8;70,5;65,7
48;69,8;70,5;65,7;65,9
47;70,5;65,7;65,9;65,5
62;65,7;65,9;65,5;65,7
60;65,9;65,5;65,7;70,7
61;65,5;65,7;70,7;70,7
61;65,7;70,7;70,7;70,7
61;70,7;70,7;70,7;70,9
61;70,7;70,7;70,9;70,6
60;70,7;70,9;70,6;70
60;70,9;70,6;70;70,1
85;70,6;70;70,1;71,1
93;70;70,1;71,1;70,1
178;70,1;71,1;70,1;91,8
222;71,1;70,1;91,8;87,9
178;70,1;91,8;87,9;88,2
156;91,8;87,9;88,2;86,7
134;87,9;88,2;86,7;87,7
119;88,2;86,7;87,7;87,6
106;86,7;87,7;87,6;88,4
98;87,7;87,6;88,4;88,2
96;87,6;88,4;88,2;89
95;88,4;88,2;89;88,4
93;88,2;89;88,4;76,8
92;89;88,4;76,8;76
92;88,4;76,8;76;76,1
90;76,8;76;76,1;75,7
87;76;76,1;75,7;75,2
85;76,1;75,7;75,2;76,3
84;75,7;75,2;76,3;75,5
70;75,2;76,3;75,5;76,8
71;76,3;75,5;76,8;77,3
72;75,5;76,8;77,3;76,6
74;76,8;77,3;76,6;76,8
73;77,3;76,6;76,8;77,2
72;76,6;76,8;77,2;77,6
72;76,8;77,2;77,6;76,9
71;77,2;77,6;76,9;77
69;77,6;76,9;77;76,9
67;76,9;77;76,9;76,9
65;77;76,9;76,9;77,3
63;76,9;76,9;77,3;77,8
62;76,9;77,3;77,8;77,4
61;77,3;77,8;77,4;76,6
62;77,8;77,4;76,6;77
64;77,4;76,6;77;77
64;76,6;77;77;77
63;77;77;77;77
63;77;77;77;76,9
62;77;77;76,9;77,2
57;77;76,9;77,2;76,8
55;76,9;77,2;76,8;73,8
53;77,2;76,8;73,8;74,7
51;76,8;73,8;74,7;76,3
59;73,8;74,7;76,3;75,8
61;74,7;76,3;75,8;76
71;76,3;75,8;76;75,9
89;75,8;76;75,9;75,5
108;76;75,9;75,5;75,5
112;75,9;75,5;75,5;80,8
120;75,5;75,5;80,8;79,7
102;75,5;80,8;79,7;79,9
88;80,8;79,7;79,9;80,2
82;79,7;79,9;80,2;80,2
79;79,9;80,2;80,2;80,2
73;80,2;80,2;80,2;79,9
72;80,2;80,2;79,9;75,1
72;80,2;79,9;75,1;74,9
71;79,9;75,1;74,9;75,5
72;75,1;74,9;75,5;75,4
72;74,9;75,5;75,4;74,7
68;75,5;75,4;74,7;75,2
63;75,4;74,7;75,2;74,2
59;74,7;75,2;74,2;74,5
57;75,2;74,2;74,5;80,2
55;74,2;74,5;80,2;80,2
54;74,5;80,2;80,2;80,2
52;80,2;80,2;80,2;79,9
53;80,2;80,2;79,9;75,1
54;80,2;79,9;75,1;74,9
53;79,9;75,1;74,9;75,5
57;75,1;74,9;75,5;75,4
56;74,9;75,5;75,4;74,7
59;75,5;75,4;74,7;75,2
63;75,4;74,7;75,2;74,2
61;74,7;75,2;74,2;74,5
57;75,2;74,2;74,5;74,9
56;74,2;74,5;74,9;70,4
54;74,5;74,9;70,4;72
52;74,9;70,4;72;74,7
50;70,4;72;74,7;79,9
55;72;74,7;79,9;79,4
55;74,7;79,9;79,4;79,2
56;79,9;79,4;79,2;79,9
58;79,4;79,2;79,9;79,7
56;79,2;79,9;79,7;79,1
55;79,9;79,7;79,1;79,6
52;79,7;79,1;79,6;79,2
49;79,1;79,6;79,2;79,2
46;79,6;79,2;79,2;79,4
45;79,2;79,2;79,4;79,9
48;79,2;79,4;79,9;81,6
49;79,4;79,9;81,6;81,2
45;79,9;81,6;81,2;80,3
44;81,6;81,2;80,3;91,5
42;81,2;80,3;91,5;88
44;80,3;91,5;88;87,3
47;91,5;88;87,3;76
50;88;87,3;76;76,1
48;87,3;76;76,1;75,7
45;76;76,1;75,7;75,1
43;76,1;75,7;75,1;76,6
41;75,7;75,1;76,6;77,3
40;75,1;76,6;77,3;75,4
40;76,6;77,3;75,4;76,3
40;77,3;75,4;76,3;75,6
43;75,4;76,3;75,6;75,9
44;76,3;75,6;75,9;75,4
45;75,6;75,9;75,4;76,3
42;75,9;75,4;76,3;75,5
33;75,4;76,3;75,5;75,9
30;76,3;75,5;75,9;76
29;75,5;75,9;76;75,1
28;75,9;76;75,1;87,3
35;76;75,1;87,3;73,9
33;75,1;87,3;73,9;74
31;87,3;73,9;74;73,9
31;73,9;74;73,9;74,8
30;74;73,9;74,8;74
33;73,9;74,8;74;75,2
35;74,8;74;75,2;75,1
37;74;75,2;75,1;82,6
38;75,2;75,1;82,6;67,3
38;75,1;82,6;67,3;67,7
35;82,6;67,3;67,7;68
33;67,3;67,7;68;68
30;67,7;68;68;68,1
31;68;68;68,1;67,2
33;68;68,1;67,2;67,8
32;68,1;67,2;67,8;67,4
33;67,2;67,8;67,4;67,7
34;67,8;67,4;67,7;67,6
34;67,4;67,7;67,6;67,9
35;67,7;67,6;67,9;67,7
38;67,6;67,9;67,7;67,4
36;67,9;67,7;67,4;67,4
34;67,7;67,4;67,4;67,8
32;67,4;67,4;67,8;67
30;67,4;67,8;67;66,8
31;67,8;67;66,8;66,6
30;67;66,8;66,6;67,1
31;66,8;66,6;67,1;67
32;66,6;67,1;67;66,7
37;67,1;67;66,7;69,2
38;67;66,7;69,2;66,4
38;66,7;69,2;66,4;66,3
35;69,2;66,4;66,3;66,8
33;66,4;66,3;66,8;66,6
32;66,3;66,8;66,6;66,9
30;66,8;66,6;66,9;66,5
29;66,6;66,9;66,5;67,1
28;66,9;66,5;67,1;66
30;66,5;67,1;66;67,2
27;67,1;66;67,2;67,3
34;66;67,2;67,3;67,3
36;67,2;67,3;67,3;67,5
35;67,3;67,3;67,5;68,1
32;67,3;67,5;68,1;67,8
31;67,5;68,1;67,8;68,5
31;68,1;67,8;68,5;68,1
29;67,8;68,5;68,1;68,4
30;68,5;68,1;68,4;67,9
30;68,1;68,4;67,9;68
30;68,4;67,9;68;67,9
32;67,9;68;67,9;67,8
34;68;67,9;67,8;68,3
36;67,9;67,8;68,3;71,1
38;67,8;68,3;71,1;71,8
36;68,3;71,1;71,8;77,3
33;71,1;71,8;77,3;71,9
31;71,8;77,3;71,9;71,6
30;77,3;71,9;71,6;71,4
28;71,9;71,6;71,4;70,7
29;71,6;71,4;70,7;71,6
30;71,4;70,7;71,6;71,3
28;70,7;71,6;71,3;71,1
32;71,6;71,3;71,1;71,6
32;71,3;71,1;71,6;71,3
33;71,1;71,6;71,3;71,1
33;71,6;71,3;71,1;71,4
34;71,3;71,1;71,4;67,1
30;71,1;71,4;67,1;67,6
29;71,4;67,1;67,6;66,9
28;67,1;67,6;66,9;67,8
28;67,6;66,9;67,8;67,9
28;66,9;67,8;67,9;67,3
27;67,8;67,9;67,3;67
30;67,9;67,3;67;69,4
32;67,3;67;69,4;67,2
31;67;69,4;67,2;67,4
31;69,4;67,2;67,4;67,5
30;67,2;67,4;67,5;67,3
29;67,4;67,5;67,3;66,7
28;67,5;67,3;66,7;67
26;67,3;66,7;67;67
25;66,7;67;67;66,6
26;67;67;66,6;67,5
23;67;66,6;67,5;67,4
25;66,6;67,5;67,4;68,5
25;67,5;67,4;68,5;68,2
29;67,4;68,5;68,2;69,1
28;68,5;68,2;69,1;70,9
29;68,2;69,1;70,9;69,1
31;69,1;70,9;69,1;70,2
29;70,9;69,1;70,2;68,2
26;69,1;70,2;68,2;68,8
24;70,2;68,2;68,8;68,8
23;68,2;68,8;68,8;68
15;68,8;68,8;68;69,1
10;68,8;68;69,1;68,5
10;68;69,1;68,5;93,1
12;69,1;68,5;93,1;69,2
143;68,5;93,1;69,2;68,9
16;93,1;69,2;68,9;69,9
19;69,2;68,9;69,9;68,1
21;68,9;69,9;68,1;68,4
21;69,9;68,1;68,4;68,8
20;68,1;68,4;68,8;68,8
19;68,4;68,8;68,8;69,2
19;68,8;68,8;69,2;68,3
19;68,8;69,2;68,3;67,7
19;69,2;68,3;67,7;68,9
19;68,3;67,7;68,9;66,2
20;67,7;68,9;66,2;65,8
21;68,9;66,2;65,8;65,6
23;66,2;65,8;65,6;65,6
24;65,8;65,6;65,6;66
25;65,6;65,6;66;73,3
26;65,6;66;73,3;80,9
25;66;73,3;80,9;70
24;73,3;80,9;70;69,1
23;80,9;70;69,1;68,9
16;70;69,1;68,9;66,2
22;69,1;68,9;66,2;71,2
24;68,9;66,2;71,2;67,9
25;66,2;71,2;67,9;63,5
24;71,2;67,9;63,5;63,1
27;67,9;63,5;63,1;73,5
29;63,5;63,1;73,5;66,6
28;63,1;73,5;66,6;67,3
26;73,5;66,6;67,3;97,3
29;66,6;67,3;97,3;90,1
32;67,3;97,3;90,1;89,4
34;97,3;90,1;89,4;90,6
37;90,1;89,4;90,6;90,3
39;89,4;90,6;90,3;89,5
43;90,6;90,3;89,5;89,3
42;90,3;89,5;89,3;90,3
44;89,5;89,3;90,3;90
46;89,3;90,3;90;91
48;90,3;90;91;90,1
51;90;91;90,1;90,5
52;91;90,1;90,5;86
50;90,1;90,5;86;84,8
48;90,5;86;84,8;85,3
46;86;84,8;85,3;85,6
46;84,8;85,3;85,6;84,2
46;85,3;85,6;84,2;85,5
47;85,6;84,2;85,5;85,6
46;84,2;85,5;85,6;83,3
47;85,5;85,6;83,3;84
49;85,6;83,3;84;83,8
48;83,3;84;83,8;83,9
56;84;83,8;83,9;84,2
54;83,8;83,9;84,2;85,6
50;83,9;84,2;85,6;84,4
47;84,2;85,6;84,4;83,9
43;85,6;84,4;83,9;84,5
41;84,4;83,9;84,5;85,8
41;83,9;84,5;85,8;84,4
41;84,5;85,8;84,4;84
41;85,8;84,4;84;83,9
42;84,4;84;83,9;85,6
43;84;83,9;85,6;83,7
43;83,9;85,6;83,7;84,8
41;85,6;83,7;84,8;85,1
40;83,7;84,8;85,1;83,9
40;84,8;85,1;83,9;84,8
40;85,1;83,9;84,8;84,9
39;83,9;84,8;84,9;83,9
39;84,8;84,9;83,9;84,4
36;84,9;83,9;84,4;68,3
36;83,9;84,4;68,3;79,9
33;84,4;68,3;79,9;69
32;68,3;79,9;69;88,1
39;79,9;69;88,1;98,5
43;69;88,1;98,5;84,1
41;88,1;98,5;84,1;85,9
42;98,5;84,1;85,9;83,5
45;84,1;85,9;83,5;84,4
42;85,9;83,5;84,4;84,7
42;83,5;84,4;84,7;83,7
43;84,4;84,7;83,7;84,3
40;84,7;83,7;84,3;84,1
38;83,7;84,3;84,1;84,2
38;84,3;84,1;84,2;84,2
37;84,1;84,2;84,2;84
37;84,2;84,2;84;85,5
37;84,2;84;85,5;84,5
38;84;85,5;84,5;85,8
38;85,5;84,5;85,8;84,4
38;84,5;85,8;84,4;85,6
38;85,8;84,4;85,6;85,3
37;84,4;85,6;85,3;84,6
37;85,6;85,3;84,6;84,6
34;85,3;84,6;84,6;84,2
35;84,6;84,6;84,2;84,1
36;84,6;84,2;84,1;84
36;84,2;84,1;84;84,3
39;84,1;84;84,3;84
38;84;84,3;84;83,5
39;84,3;84;83,5;83,8
38;84;83,5;83,8;83,6
37;83,5;83,8;83,6;83,9
35;83,8;83,6;83,9;84,1
33;83,6;83,9;84,1;84,1
31;83,9;84,1;84,1;83,6
31;84,1;84,1;83,6;83,9
32;84,1;83,6;83,9;83,2
33;83,6;83,9;83,2;82,5
34;83,9;83,2;82,5;89,5
36;83,2;82,5;89,5;89,6
37;82,5;89,5;89,6;87,1
37;89,5;89,6;87,1;98,3
36;89,6;87,1;98,3;90
34;87,1;98,3;90;89,3
30;98,3;90;89,3;88,7
31;90;89,3;88,7;66,9
29;89,3;88,7;66,9;66,8
29;88,7;66,9;66,8;68,2
30;66,9;66,8;68,2;68
31;66,8;68,2;68;68,1
32;68,2;68;68,1;68,3
34;68;68,1;68,3;91,9
32;68,1;68,3;91,9;92,2
31;68,3;91,9;92,2;91,5
38;91,9;92,2;91,5;81,9
37;92,2;91,5;81,9;82,9
35;91,5;81,9;82,9;82,1
35;81,9;82,9;82,1;81,9
31;82,9;82,1;81,9;81,5
32;82,1;81,9;81,5;82,6
31;81,9;81,5;82,6;82,6
34;81,5;82,6;82,6;81,7
36;82,6;82,6;81,7;82,3
37;82,6;81,7;82,3;82
38;81,7;82,3;82;82,3
36;82,3;82;82,3;81,5
33;82;82,3;81,5;81,7
31;82,3;81,5;81,7;81,9
29;81,5;81,7;81,9;82,6
28;81,7;81,9;82,6;82,4
30;81,9;82,6;82,4;81,9
27;82,6;82,4;81,9;81,8
29;82,4;81,9;81,8;81,6
28;81,9;81,8;81,6;83,7
33;81,8;81,6;83,7;83,2
34;81,6;83,7;83,2;82,4
32;83,7;83,2;82,4;83,4
33;83,2;82,4;83,4;82,2
30;82,4;83,4;82,2;84
29;83,4;82,2;84;84,8
31;82,2;84;84,8;81,3
29;84;84,8;81,3;83,7
28;84,8;81,3;83,7;83,6
28;81,3;83,7;83,6;83,8
29;83,7;83,6;83,8;83,3
30;83,6;83,8;83,3;83
31;83,8;83,3;83;84
32;83,3;83;84;84,1
32;83;84;84,1;83,2
33;84;84,1;83,2;83,6
32;84,1;83,2;83,6;83,1
31;83,2;83,6;83,1;83
30;83,6;83,1;83;83,3
28;83,1;83;83,3;84,4
30;83;83,3;84,4;83,8
28;83,3;84,4;83,8;83,6
28;84,4;83,8;83,6;83,2
29;83,8;83,6;83,2;84,3
30;83,6;83,2;84,3;84,3
30;83,2;84,3;84,3;83,4
29;84,3;84,3;83,4;84
29;84,3;83,4;84;80,3
29;83,4;84;80,3;79,6
28;84;80,3;79,6;83
28;80,3;79,6;83;83,3
27;79,6;83;83,3;84,4
29;83;83,3;84,4;83,8
30;83,3;84,4;83,8;83,6
30;84,4;83,8;83,6;83,2
31;83,8;83,6;83,2;84,3
31;83,6;83,2;84,3;84,3
32;83,2;84,3;84,3;83,4
32;84,3;84,3;83,4;84
31;84,3;83,4;84;80,3
30;83,4;84;80,3;79,6
28;84;80,3;79,6;81,2
28;80,3;79,6;81,2;80,8
27;79,6;81,2;80,8;83,3
28;81,2;80,8;83,3;83,4
26;80,8;83,3;83,4;84
28;83,3;83,4;84;82,8
31;83,4;84;82,8;85,9
32;84;82,8;85,9;97,9
36;82,8;85,9;97,9;82,3
32;85,9;97,9;82,3;84,3
30;97,9;82,3;84,3;80,2
29;82,3;84,3;80,2;81,2
27;84,3;80,2;81,2;83,7
28;80,2;81,2;83,7;81,7
28;81,2;83,7;81,7;81,1
29;83,7;81,7;81,1;80,6
30;81,7;81,1;80,6;80,6
31;81,1;80,6;80,6;81,4
32;80,6;80,6;81,4;80,8
34;80,6;81,4;80,8;81
35;81,4;80,8;81;80,1
43;80,8;81;80,1;80,5
45;81;80,1;80,5;81,3
45;80,1;80,5;81,3;80,3
46;80,5;81,3;80,3;80,6
47;81,3;80,3;80,6;81,6
48;80,3;80,6;81,6;82,1
48;80,6;81,6;82,1;82,6
47;81,6;82,1;82,6;81,8
47;82,1;82,6;81,8;82,2
47;82,6;81,8;82,2;81,7
45;81,8;82,2;81,7;81,4
45;82,2;81,7;81,4;81,8
45;81,7;81,4;81,8;81,4
47;81,4;81,8;81,4;81,4
47;81,8;81,4;81,4;81,3
48;81,4;81,4;81,3;81
28;81,4;81,3;81;82,3
29;81,3;81;82,3;81,9
29;81;82,3;81,9;81,9
31;82,3;81,9;81,9;82,5
33;81,9;81,9;82,5;82,5
34;81,9;82,5;82,5;82,4
34;82,5;82,5;82,4;82,7
105;82,5;82,4;82,7;85,9
106;82,4;82,7;85,9;85,1
102;82,7;85,9;85,1;84,7
116;85,9;85,1;84,7;83,7
119;85,1;84,7;83,7;83,9
121;84,7;83,7;83,9;86,1
121;83,7;83,9;86,1;82,7
110;83,9;86,1;82,7;82,4
125;86,1;82,7;82,4;85
128;82,7;82,4;85;85,1
128;82,4;85;85,1;83,3
132;85;85,1;83,3;84,2
117;85,1;83,3;84,2;81,4
120;83,3;84,2;81,4;81,9
119;84,2;81,4;81,9;81,5
117;81,4;81,9;81,5;81,5
114;81,9;81,5;81,5;81,9
112;81,5;81,5;81,9;81,7
113;81,5;81,9;81,7;82,4
110;81,9;81,7;82,4;82
112;81,7;82,4;82;82
110;82,4;82;82;82,3
108;82;82;82,3;81,9
107;82;82,3;81,9;82,6
117;82,3;81,9;82,6;82,7
103;81,9;82,6;82,7;83,3
112;82,6;82,7;83,3;83,2
127;82,7;83,3;83,2;84,4
122;83,3;83,2;84,4;77,1
121;83,2;84,4;77,1;77,8
120;84,4;77,1;77,8;77,8
119;77,1;77,8;77,8;76,6
117;77,8;77,8;76,6;77,7
116;77,8;76,6;77,7;76,8
121;76,6;77,7;76,8;77,9
108;77,7;76,8;77,9;77,6
104;76,8;77,9;77,6;77,1
101;77,9;77,6;77,1;77,7
100;77,6;77,1;77,7;77,3
98;77,1;77,7;77,3;91,9
97;77,7;77,3;91,9;76,6
96;77,3;91,9;76,6;73,5
97;91,9;76,6;73,5;77,1
104;76,6;73,5;77,1;74,2
98;73,5;77,1;74,2;78,5
92;77,1;74,2;78,5;79,1
90;74,2;78,5;79,1;79,2
92;78,5;79,1;79,2;79,6
90;79,1;79,2;79,6;79,2
88;79,2;79,6;79,2;79,5
87;79,6;79,2;79,5;79,6
86;79,2;79,5;79,6;80,3
89;79,5;79,6;80,3;85,4
94;79,6;80,3;85,4;85,4
99;80,3;85,4;85,4;84,9
96;85,4;85,4;84,9;84,2
91;85,4;84,9;84,2;86
86;84,9;84,2;86;86,2
84;84,2;86;86,2;85,6
86;86;86,2;85,6;85,4
86;86,2;85,6;85,4;85,7
86;85,6;85,4;85,7;85,8
94;85,4;85,7;85,8;85,6
96;85,7;85,8;85,6;85
99;85,8;85,6;85;86,5
104;85,6;85;86,5;85,5
106;85;86,5;85,5;85,5
105;86,5;85,5;85,5;85,3
106;85,5;85,5;85,3;84,2
105;85,5;85,3;84,2;85,4
95;85,3;84,2;85,4;85
101;84,2;85,4;85;84,9
103;85,4;85;84,9;84,4
105;85;84,9;84,4;84,7
83;84,9;84,4;84,7;84,2
81;84,4;84,7;84,2;84,7
101;84,7;84,2;84,7;85,4
100;84,2;84,7;85,4;84,4
98;84,7;85,4;84,4;84,6
97;85,4;84,4;84,6;84,6
95;84,4;84,6;84,6;84,9
80;84,6;84,6;84,9;84,5
80;84,6;84,9;84,5;84,7
80;84,9;84,5;84,7;83,6
75;84,5;84,7;83,6;85
73;84,7;83,6;85;87,9
74;83,6;85;87,9;88,9
76;85;87,9;88,9;91,3
75;87,9;88,9;91,3;85,4
82;88,9;91,3;85,4;85,6
96;91,3;85,4;85,6;85
98;85,4;85,6;85;85,7
108;85,6;85;85,7;85,4
114;85;85,7;85,4;86,2
122;85,7;85,4;86,2;85,4
127;85,4;86,2;85,4;85,3
138;86,2;85,4;85,3;84,5
144;85,4;85,3;84,5;84,6
125;85,3;84,5;84,6;84,3
123;84,5;84,6;84,3;87,5
112;84,6;84,3;87,5;84,2
100;84,3;87,5;84,2;84,5
100;87,5;84,2;84,5;79,2
99;84,2;84,5;79,2;78,4
99;84,5;79,2;78,4;78,5
100;79,2;78,4;78,5;77,5
101;78,4;78,5;77,5;79,1
104;78,5;77,5;79,1;79,6
113;77,5;79,1;79,6;78,9
116;79,1;79,6;78,9;81,4
102;79,6;78,9;81,4;79,7
106;78,9;81,4;79,7;78,5
113;81,4;79,7;78,5;79,2
103;79,7;78,5;79,2;85
93;78,5;79,2;85;85,5
102;79,2;85;85,5;85,4
100;85;85,5;85,4;85,6
98;85,5;85,4;85,6;87,2
96;85,4;85,6;87,2;85,4
93;85,6;87,2;85,4;85,6
96;87,2;85,4;85,6;85
95;85,4;85,6;85;85,7
99;85,6;85;85,7;83,1
98;85;85,7;83,1;81,9
82;85,7;83,1;81,9;82,6
103;83,1;81,9;82,6;82,7
103;81,9;82,6;82,7;83,2
104;82,6;82,7;83,2;83,1
105;82,7;83,2;83,1;83,3
104;83,2;83,1;83,3;81,9
104;83,1;83,3;81,9;82,6
103;83,3;81,9;82,6;82,7
116;81,9;82,6;82,7;83,2
118;82,6;82,7;83,2;83
120;82,7;83,2;83;82,3
137;83,2;83;82,3;82,3
140;83;82,3;82,3;82,1
136;82,3;82,3;82,1;85,2
129;82,3;82,1;85,2;82
123;82,1;85,2;82;82,2
119;85,2;82;82,2;82,2
118;82;82,2;82,2;83,4
117;82,2;82,2;83,4;82,6
107;82,2;83,4;82,6;83
105;83,4;82,6;83;83
102;82,6;83;83;83
100;83;83;83;83
97;83;83;83;83
93;83;83;83;83
93;83;83;83;83
92;83;83;83;83
93;83;83;83;83
92;83;83;83;83
92;83;83;83;83
91;83;83;83;83
90;83;83;83;83
90;83;83;83;83
90;83;83;83;83
91;83;83;83;83
90;83;83;83;83
90;83;83;83;83
90;83;83;83;83
90;83;83;83;83
91;83;83;83;83
91;83;83;83;83
90;83;83;83;83
90;83;83;83;83
98;83;83;83;83
104;83;83;83;83
110;83;83;83;83
108;83;83;83;83
108;83;83;83;83
107;83;83;83;83
106;83;83;83;83
103;83;83;83;83
98;83;83;83;83
93;83;83;83;83
90;83;83;83;83
90;83;83;83;83
87;83;83;83;83
86;83;83;83;83
84;83;83;83;83
84;83;83;83;83
82;83;83;83;83
77;83;83;83;83
72;83;83;83;83
73;83;83;83;83
70;83;83;83;83
74;83;83;83;83
78;83;83;83;83
84;83;83;83;83
87;83;83;83;83
89;83;83;83;83
91;83;83;83;83
95;83;83;83;83
93;83;83;83;83
92;83;83;83;83
82;83;83;83;83
80;83;83;83;83
87;83;83;83;83
123;83;83;83;83
137;83;83;83;83
141;83;83;83;83
135;83;83;83;83
128;83;83;83;83
120;83;83;83;84
114;83;83;84;84
108;83;84;84;84
106;84;84;84;84,5
110;84;84;84,5;83,7
110;84;84,5;83,7;84
111;84,5;83,7;84;83,3
112;83,7;84;83,3;84,1
112;84;83,3;84,1;84,1
110;83,3;84,1;84,1;84,6
108;84,1;84,1;84,6;83,1
105;84,1;84,6;83,1;94,2
103;84,6;83,1;94,2;100,5
101;83,1;94,2;100,5;99,9
101;94,2;100,5;99,9;99,8
106;100,5;99,9;99,8;89,2
108;99,9;99,8;89,2;89,5
110;99,8;89,2;89,5;89,4
112;89,2;89,5;89,4;88,6
113;89,5;89,4;88,6;86,8
117;89,4;88,6;86,8;89,1
121;88,6;86,8;89,1;82,5
124;86,8;89,1;82,5;82,8
123;89,1;82,5;82,8;79,6
125;82,5;82,8;79,6;78,4
128;82,8;79,6;78,4;77,4
127;79,6;78,4;77,4;77,7
105;78,4;77,4;77,7;80,1
105;77,4;77,7;80,1;79,8
103;77,7;80,1;79,8;80,3
106;80,1;79,8;80,3;80,3
105;79,8;80,3;80,3;79,8
105;80,3;80,3;79,8;80,8
104;80,3;79,8;80,8;80,4
92;79,8;80,8;80,4;102,9
78;80,8;80,4;102,9;101,3
102;80,4;102,9;101,3;54
105;102,9;101,3;54;52,9
106;101,3;54;52,9;54,3
102;54;52,9;54,3;81,4
100;52,9;54,3;81,4;81,6
98;54,3;81,4;81,6;81,1
96;81,4;81,6;81,1;81,7
96;81,6;81,1;81,7;81
94;81,1;81,7;81;82,2
93;81,7;81;82,2;78,4
92;81;82,2;78,4;78,4
92;82,2;78,4;78,4;78,4
94;78,4;78,4;78,4;78,4
92;78,4;78,4;78,4;78,4
96;78,4;78,4;78,4;78,4
103;78,4;78,4;78,4;78,4
108;78,4;78,4;78,4;85,3
106;78,4;78,4;85,3;85,3
109;78,4;85,3;85,3;85,3
110;85,3;85,3;85,3;85,3
102;85,3;85,3;85,3;85,3
90,9;85,3;85,3;85,3;88,7
89,6;85,3;85,3;88,7;88,7
87,3;85,3;88,7;88,7;88,7
85;88,7;88,7;88,7;88,7
83;88,7;88,7;88,7;88,7
89;88,7;88,7;88,7;88,7
94;88,7;88,7;88,7;89
95;88,7;88,7;89;88,5
93;88,7;89;88,5;88,7
91;89;88,5;88,7;88,6
90;88,5;88,7;88,6;88,6
89;88,7;88,6;88,6;88,8
90;88,6;88,6;88,8;88,2
92;88,6;88,8;88,2;89,5
94;88,8;88,2;89,5;88,5
93;88,2;89,5;88,5;89,1
92;89,5;88,5;89,1;88,6
93;88,5;89,1;88,6;88,7
90;89,1;88,6;88,7;89,2
88;88,6;88,7;89,2;88,6
89;88,7;89,2;88,6;89
92;89,2;88,6;89;89,3
94;88,6;89;89,3;88,8
95;89;89,3;88,8;88,2
82;89,3;88,8;88,2;88,4
74,9;88,8;88,2;88,4;91,4
83,2;88,2;88,4;91,4;91,6
95;88,4;91,4;91,6;92,3
97;91,4;91,6;92,3;91
87;91,6;92,3;91;91,8
95;92,3;91;91,8;91,9
101;91;91,8;91,9;91,9
100;91,8;91,9;91,9;91,2
99;91,9;91,9;91,2;88,4
96;91,9;91,2;88,4;89
97;91,2;88,4;89;89,5
92;88,4;89;89,5;90,2
85;89;89,5;90,2;89,5
84;89,5;90,2;89,5;89,7
86;90,2;89,5;89,7;88,7
89;89,5;89,7;88,7;89,2
90;89,7;88,7;89,2;89,5
92;88,7;89,2;89,5;89,1
94;89,2;89,5;89,1;88,6
92;89,5;89,1;88,6;88,7
89;89,1;88,6;88,7;88,7
88;88,6;88,7;88,7;88,7
86;88,7;88,7;88,7;88,7
89;88,7;88,7;88,7;89,3
90;88,7;88,7;89,3;89,6
88;88,7;89,3;89,6;89,7
85;89,3;89,6;89,7;89,6
84;89,6;89,7;89,6;89,2
89;89,7;89,6;89,2;89,5
103;89,6;89,2;89,5;88,8
101;89,2;89,5;88,8;88,9
98;89,5;88,8;88,9;90,1
96;88,8;88,9;90,1;87,3
93;88,9;90,1;87,3;87,4
94;90,1;87,3;87,4;87,3
96;87,3;87,4;87,3;88
95;87,4;87,3;88;87,3
89;87,3;88;87,3;90,4
88;88;87,3;90,4;91,3
87;87,3;90,4;91,3;90,8
86;90,4;91,3;90,8;90,5
84;91,3;90,8;90,5;90,1
83;90,8;90,5;90,1;86,7
81;90,5;90,1;86,7;86,1
82;90,1;86,7;86,1;86,3
77;86,7;86,1;86,3;85,3
74;86,1;86,3;85,3;85,8
78;86,3;85,3;85,8;86,8
84;85,3;85,8;86,8;82,7
89;85,8;86,8;82,7;85,8
87;86,8;82,7;85,8;83,1
83;82,7;85,8;83,1;82,8
77;85,8;83,1;82,8;82,6
71;83,1;82,8;82,6;82,2
69;82,8;82,6;82,2;81,3
70;82,6;82,2;81,3;82
67;82,2;81,3;82;82,7
67;81,3;82;82,7;82,3
69;82;82,7;82,3;81,7
89;82,7;82,3;81,7;82,6
78;82,3;81,7;82,6;83,1
79;81,7;82,6;83,1;82,1
75;82,6;83,1;82,1;83,6
71;83,1;82,1;83,6;83,5
71;82,1;83,6;83,5;83,5
69;83,6;83,5;83,5;82,9
68;83,5;83,5;82,9;83,7
68;83,5;82,9;83,7;83,7
69;82,9;83,7;83,7;83,2
71;83,7;83,7;83,2;83,5
74;83,7;83,2;83,5;83,5
74;83,2;83,5;83,5;82,9
76;83,5;83,5;82,9;84,5
74;83,5;82,9;84,5;83,3
71;82,9;84,5;83,3;82,6
69;84,5;83,3;82,6;83
69;83,3;82,6;83;82,4
61;82,6;83;82,4;82,1
60;83;82,4;82,1;83,9
65;82,4;82,1;83,9;83,8
69;82,1;83,9;83,8;83,9
69;83,9;83,8;83,9;84,1
69;83,8;83,9;84,1;84,2
69;83,9;84,1;84,2;84,6
69;84,1;84,2;84,6;85,2
69;84,2;84,6;85,2;84,7
65;84,6;85,2;84,7;84,3
63;85,2;84,7;84,3;86,7
64;84,7;84,3;86,7;84,2
62;84,3;86,7;84,2;84,1
64;86,7;84,2;84,1;84,4
70;84,2;84,1;84,4;80,8
76;84,1;84,4;80,8;81,6
82;84,4;80,8;81,6;80,1
80;80,8;81,6;80,1;80,9
77;81,6;80,1;80,9;79,6
74;80,1;80,9;79,6;79,5
70;80,9;79,6;79,5;79,8
65;79,6;79,5;79,8;79,3
65;79,5;79,8;79,3;79,5
63;79,8;79,3;79,5;79,5
62;79,3;79,5;79,5;79,5
61;79,5;79,5;79,5;79,9
60;79,5;79,5;79,9;79,7
64;79,5;79,9;79,7;79,9
64;79,9;79,7;79,9;79,4
64;79,7;79,9;79,4;79,5
64;79,9;79,4;79,5;79,3
65;79,4;79,5;79,3;79,2
65;79,5;79,3;79,2;79,3
62;79,3;79,2;79,3;79,6
60;79,2;79,3;79,6;79,5
63;79,3;79,6;79,5;80,4
65;79,6;79,5;80,4;79,3
69;79,5;80,4;79,3;83,6
77;80,4;79,3;83,6;79
84;79,3;83,6;79;75
88;83,6;79;75;75,1
84;79;75;75,1;74,9
79;75;75,1;74,9;75
76;75,1;74,9;75;75
73;74,9;75;75;75,1
65;75;75;75,1;75,3
63;75;75,1;75,3;75,3
65;75,1;75,3;75,3;75,7
64;75,3;75,3;75,7;75,2
66;75,3;75,7;75,2;74,5
67;75,7;75,2;74,5;78
72;75,2;74,5;78;77,5
69;74,5;78;77,5;77,5
62;78;77,5;77,5;77,9
60;77,5;77,5;77,9;77,8
60;77,5;77,9;77,8;78,1
60;77,9;77,8;78,1;77,9
60;77,8;78,1;77,9;78,1
58;78,1;77,9;78,1;77,8
58;77,9;78,1;77,8;79
57;78,1;77,8;79;77,9
56;77,8;79;77,9;77,8
59;79;77,9;77,8;77,4
62;77,9;77,8;77,4;77,5
66;77,8;77,4;77,5;77,7
66;77,4;77,5;77,7;78
65;77,5;77,7;78;74,9
65;77,7;78;74,9;74,5
65;78;74,9;74,5;74,9
65;74,9;74,5;74,9;74,6
64;74,5;74,9;74,6;75,3
63;74,9;74,6;75,3;74,2
63;74,6;75,3;74,2;75,1
65;75,3;74,2;75,1;75,2
66;74,2;75,1;75,2;74,8
67;75,1;75,2;74,8;75,3
68;75,2;74,8;75,3;75,8
65;74,8;75,3;75,8;75,3
62;75,3;75,8;75,3;75,1
60;75,8;75,3;75,1;75,2
58;75,3;75,1;75,2;74,8
55;75,1;75,2;74,8;75,5
54;75,2;74,8;75,5;75,1
56;74,8;75,5;75,1;74,7
57;75,5;75,1;74,7;75,6
55;75,1;74,7;75,6;74,6
53;74,7;75,6;74,6;74,9
53;75,6;74,6;74,9;76,8
55;74,6;74,9;76,8;76,6
57;74,9;76,8;76,6;76,7
57;76,8;76,6;76,7;75,7
60;76,6;76,7;75,7;75,8
62;76,7;75,7;75,8;76,6
59;75,7;75,8;76,6;76,7
57;75,8;76,6;76,7;76,5
56;76,6;76,7;76,5;78
58;76,7;76,5;78;77,4
60;76,5;78;77,4;77,6
64;78;77,4;77,6;77,6
67;77,4;77,6;77,6;76,8
66;77,6;77,6;76,8;76,9
64;77,6;76,8;76,9;77,4
63;76,8;76,9;77,4;77,6
62;76,9;77,4;77,6;77,6
60;77,4;77,6;77,6;76,1
59;77,6;77,6;76,1;75,7
59;77,6;76,1;75,7;74,9
60;76,1;75,7;74,9;74,8
62;75,7;74,9;74,8;77,5
64;74,9;74,8;77,5;81,8
53;74,8;77,5;81,8;80,8
52;77,5;81,8;80,8;81,6
52;81,8;80,8;81,6;81,7
60;80,8;81,6;81,7;81,1
57;81,6;81,7;81,1;81
58;81,7;81,1;81;80,9
55;81,1;81;80,9;81,1
55;81;80,9;81,1;76,6
54;80,9;81,1;76,6;77,2
53;81,1;76,6;77,2;79,6
57;76,6;77,2;79,6;80,9
63;77,2;79,6;80,9;81,1
58;79,6;80,9;81,1;82,8
55;80,9;81,1;82,8;80,4
53;81,1;82,8;80,4;80,9
52;82,8;80,4;80,9;84
51;80,4;80,9;84;80,4
51;80,9;84;80,4;81,1
50;84;80,4;81,1;76,6
51;80,4;81,1;76,6;77,2
50;81,1;76,6;77,2;79,6
52;76,6;77,2;79,6;81,9
57;77,2;79,6;81,9;80,9
58;79,6;81,9;80,9;81,1
60;81,9;80,9;81,1;82,8
59;80,9;81,1;82,8;80,4
57;81,1;82,8;80,4;81
56;82,8;80,4;81;81,9
54;80,4;81;81,9;81,5
50;81;81,9;81,5;80,9
49;81,9;81,5;80,9;81,1
53;81,5;80,9;81,1;81,4
58;80,9;81,1;81,4;80,9
58;81,1;81,4;80,9;81,1
59;81,4;80,9;81,1;82,5
59;80,9;81,1;82,5;80,4
53;81,1;82,5;80,4;80,6
54;82,5;80,4;80,6;81,6
55;80,4;80,6;81,6;81,5
54;80,6;81,6;81,5;80,9
56;81,6;81,5;80,9;81,1
57;81,5;80,9;81,1;81,5
57;80,9;81,1;81,5;82,1
57;81,1;81,5;82,1;81,4
55;81,5;82,1;81,4;81,1
54;82,1;81,4;81,1;81,4
53;81,4;81,1;81,4;81,2
49;81,1;81,4;81,2;87,3
50;81,4;81,2;87,3;84,8
52;81,2;87,3;84,8;82,2
46;87,3;84,8;82,2;81,8
48;84,8;82,2;81,8;83,9
50;82,2;81,8;83,9;85,8
50;81,8;83,9;85,8;85,2
50;83,9;85,8;85,2;86,2
51;85,8;85,2;86,2;86,5
51;85,2;86,2;86,5;85,7
52;86,2;86,5;85,7;86,4
51;86,5;85,7;86,4;86,7
49;85,7;86,4;86,7;84
49;86,4;86,7;84;85
45;86,7;84;85;83,2
45;84;85;83,2;84,3
45;85;83,2;84,3;84
49;83,2;84,3;84;87
49;84,3;84;87;86,6
55;84;87;86,6;86,3
52;87;86,6;86,3;86,9
52;86,6;86,3;86,9;85,9
51;86,3;86,9;85,9;86,6
51;86,9;85,9;86,6;86,7
49;85,9;86,6;86,7;87,2
47;86,6;86,7;87,2;86,5
49;86,7;87,2;86,5;86,7
50;87,2;86,5;86,7;83,9
50;86,5;86,7;83,9;84,8
51;86,7;83,9;84,8;84,7
51;83,9;84,8;84,7;84,3
52;84,8;84,7;84,3;81,1
50;84,7;84,3;81,1;81,8
47;84,3;81,1;81,8;81
48;81,1;81,8;81;81,9
45;81,8;81;81,9;81,8
44;81;81,9;81,8;81,5
43;81,9;81,8;81,5;81,8
42;81,8;81,5;81,8;81,8
41;81,5;81,8;81,8;81,2
39;81,8;81,8;81,2;81,9
42;81,8;81,2;81,9;80,2
46;81,2;81,9;80,2;81,2
45;81,9;80,2;81,2;81,7
44;80,2;81,2;81,7;82
44;81,2;81,7;82;81,3
46;81,7;82;81,3;81,6
45;82;81,3;81,6;81,5
47;81,3;81,6;81,5;80,9
46;81,6;81,5;80,9;82
44;81,5;80,9;82;81
43;80,9;82;81;82,1
41;82;81;82,1;81,1
43;81;82,1;81,1;81,9
43;82,1;81,1;81,9;81,6
45;81,1;81,9;81,6;82,5
48;81,9;81,6;82,5;81,1
47;81,6;82,5;81,1;82,4
46;82,5;81,1;82,4;82,4
44;81,1;82,4;82,4;81,8
46;82,4;82,4;81,8;81,4
46;82,4;81,8;81,4;81,5
48;81,8;81,4;81,5;82,3
46;81,4;81,5;82,3;80,9
45;81,5;82,3;80,9;82,2
45;82,3;80,9;82,2;82
42;80,9;82,2;82;81,2
44;82,2;82;81,2;80,7
44;82;81,2;80,7;78,4
41;81,2;80,7;78,4;78,7
40;80,7;78,4;78,7;78
41;78,4;78,7;78;78,8
42;78,7;78;78,8;78,5
42;78;78,8;78,5;78,5
42;78,8;78,5;78,5;78,5
42;78,5;78,5;78,5;78,2
41;78,5;78,5;78,2;78,6
41;78,5;78,2;78,6;79,3
43;78,2;78,6;79,3;78,1
43;78,6;79,3;78,1;78,6
44;79,3;78,1;78,6;79,7
43;78,1;78,6;79,7;80,3
42;78,6;79,7;80,3;79,3
42;79,7;80,3;79,3;80,1
41;80,3;79,3;80,1;79,5
41;79,3;80,1;79,5;79,5
42;80,1;79,5;79,5;79,9
42;79,5;79,5;79,9;79,4
43;79,5;79,9;79,4;79,7
43;79,9;79,4;79,7;80,4
41;79,4;79,7;80,4;81,5
42;79,7;80,4;81,5;80,8
40;80,4;81,5;80,8;80,1
39;81,5;80,8;80,1;80,8
38;80,8;80,1;80,8;80,9
37;80,1;80,8;80,9;80,1
36;80,8;80,9;80,1;79,9
38;80,9;80,1;79,9;79,9
39;80,1;79,9;79,9;80,4
40;79,9;79,9;80,4;80,3
42;79,9;80,4;80,3;79,7
41;80,4;80,3;79,7;81
40;80,3;79,7;81;81,2
38;79,7;81;81,2;73,4
38;81;81,2;73,4;73,2
37;81,2;73,4;73,2;73,4
37;73,4;73,2;73,4;72,7
39;73,2;73,4;72,7;73
38;73,4;72,7;73;73,3
39;72,7;73;73,3;72,6
44;73;73,3;72,6;73,1
45;73,3;72,6;73,1;72,6
45;72,6;73,1;72,6;73,6
46;73,1;72,6;73,6;73,3
50;72,6;73,6;73,3;73,4
66;73,6;73,3;73,4;73,2
68;73,3;73,4;73,2;72,8
68;73,4;73,2;72,8;77,1
69;73,2;72,8;77,1;77,7
68;72,8;77,1;77,7;76,5
66;77,1;77,7;76,5;76,9
66;77,7;76,5;76,9;77
62;76,5;76,9;77;76,5
58;76,9;77;76,5;76,1
55;77;76,5;76,1;77,3
51;76,5;76,1;77,3;76,2
49;76,1;77,3;76,2;76,3
47;77,3;76,2;76,3;79
50;76,2;76,3;79;76,7
52;76,3;79;76,7;72,8
55;79;76,7;72,8;73,3
58;76,7;72,8;73,3;72,6
60;72,8;73,3;72,6;72,1
61;73,3;72,6;72,1;72,2
59;72,6;72,1;72,2;72,2
56;72,1;72,2;72,2;72,4
54;72,2;72,2;72,4;72,8
52;72,2;72,4;72,8;73,3
50;72,4;72,8;73,3;72,3
51;72,8;73,3;72,3;70
53;73,3;72,3;70;73,4
47;72,3;70;73,4;69,5
51;70;73,4;69,5;71,9
53;73,4;69,5;71,9;72,1
52;69,5;71,9;72,1;73,5
50;71,9;72,1;73,5;74
51;72,1;73,5;74;72,7
49;73,5;74;72,7;74,2
49;74;72,7;74,2;74,1
48;72,7;74,2;74,1;73
46;74,2;74,1;73;74
43;74,1;73;74;69,4
44;73;74;69,4;69,9
41;74;69,4;69,9;69,4
43;69,4;69,9;69,4;70,6
41;69,9;69,4;70,6;69,9
44;69,4;70,6;69,9;70,4
47;70,6;69,9;70,4;74
47;69,9;70,4;74;73,5
45;70,4;74;73,5;72,9
47;74;73,5;72,9;73,5
46;73,5;72,9;73,5;73
44;72,9;73,5;73;73,2
45;73,5;73;73,2;73,3
46;73;73,2;73,3;73,1
48;73,2;73,3;73,1;73,2
44;73,3;73,1;73,2;72,8
46;73,1;73,2;72,8;72,8
48;73,2;72,8;72,8;73,7
48;72,8;72,8;73,7;73,2
47;72,8;73,7;73,2;73,2
45;73,7;73,2;73,2;73
43;73,2;73,2;73;74,1
43;73,2;73;74,1;73,3
44;73;74,1;73,3;73,3
40;74,1;73,3;73,3;73,2
40;73,3;73,3;73,2;72,2
42;73,3;73,2;72,2;72,4
44;73,2;72,2;72,4;73,7
46;72,2;72,4;73,7;73,4
44;72,4;73,7;73,4;73,1
45;73,7;73,4;73,1;73,6
46;73,4;73,1;73,6;72,9
44;73,1;73,6;72,9;73,2
42;73,6;72,9;73,2;73,3
41;72,9;73,2;73,3;73,1
40;73,2;73,3;73,1;77,6
38;73,3;73,1;77,6;77,6
38;73,1;77,6;77,6;78,8
40;77,6;77,6;78,8;81,3
41;77,6;78,8;81,3;81
41;78,8;81,3;81;80,2
40;81,3;81;80,2;80,1
40;81;80,2;80,1;80,3
39;80,2;80,1;80,3;79,9
40;80,1;80,3;79,9;80,5
40;80,3;79,9;80,5;77,5
40;79,9;80,5;77,5;72,9
39;80,5;77,5;72,9;72,9
38;77,5;72,9;72,9;73,5
38;72,9;72,9;73,5;72,8
40;72,9;73,5;72,8;72,8
41;73,5;72,8;72,8;78,6
41;72,8;72,8;78,6;78
40;72,8;78,6;78;78,2
40;78,6;78;78,2;80,4
36;78;78,2;80,4;79,7
36;78,2;80,4;79,7;80,1
38;80,4;79,7;80,1;80
36;79,7;80,1;80;80,2
37;80,1;80;80,2;80,6
38;80;80,2;80,6;80,5
39;80,2;80,6;80,5;79,9
40;80,6;80,5;79,9;80,7
42;80,5;79,9;80,7;79,3
43;79,9;80,7;79,3;79,4
42;80,7;79,3;79,4;80,7
40;79,3;79,4;80,7;80,9
39;79,4;80,7;80,9;79,3
39;80,7;80,9;79,3;80,1
37;80,9;79,3;80,1;80,5
39;79,3;80,1;80,5;80,5
38;80,1;80,5;80,5;80,4
37;80,5;80,5;80,4;81,2
38;80,5;80,4;81,2;80,1
38;80,4;81,2;80,1;78
39;81,2;80,1;78;78
40;80,1;78;78;77,6
40;78;78;77,6;77,6
39;78;77,6;77,6;77,5
38;77,6;77,6;77,5;78,2
38;77,6;77,5;78,2;78,1
34;77,5;78,2;78,1;77,7
35;78,2;78,1;77,7;75,6
33;78,1;77,7;75,6;72,1
36;77,7;75,6;72,1;71,3
39;75,6;72,1;71,3;75,2
38;72,1;71,3;75,2;76,9
38;71,3;75,2;76,9;77,8
37;75,2;76,9;77,8;75,9
38;76,9;77,8;75,9;76,9
36;77,8;75,9;76,9;76,4
37;75,9;76,9;76,4;80,4
36;76,9;76,4;80,4;76,5
35;76,4;80,4;76,5;74,8
36;80,4;76,5;74,8;71,6
36;76,5;74,8;71,6;72,2
37;74,8;71,6;72,2;72,7
40;71,6;72,2;72,7;72
35;72,2;72,7;72;74,7
33;72,7;72;74,7;75,5
33;72;74,7;75,5;75,7
33;74,7;75,5;75,7;78,8
34;75,5;75,7;78,8;78,9
35;75,7;78,8;78,9;78,7
36;78,8;78,9;78,7;78,9
35;78,9;78,7;78,9;83,1
35;78,7;78,9;83,1;83,4
34;78,9;83,1;83,4;84,7
32;83,1;83,4;84,7;84,9
32;83,4;84,7;84,9;84,7
30;84,7;84,9;84,7;85
31;84,9;84,7;85;83,1
31;84,7;85;83,1;83,5
31;85;83,1;83,5;83,4
33;83,1;83,5;83,4;82,7
35;83,5;83,4;82,7;84,3
34;83,4;82,7;84,3;84,8
34;82,7;84,3;84,8;84,6
33;84,3;84,8;84,6;84,4
32;84,8;84,6;84,4;84,9
31;84,6;84,4;84,9;83,3
30;84,4;84,9;83,3;83,4
28;84,9;83,3;83,4;84,4
28;83,3;83,4;84,4;84,9
29;83,4;84,4;84,9;84,3
32;84,4;84,9;84,3;83,9
34;84,9;84,3;83,9;78,8
36;84,3;83,9;78,8;77,7
37;83,9;78,8;77,7;77,3
37;78,8;77,7;77,3;78,5
30;77,7;77,3;78,5;78,5
31;77,3;78,5;78,5;78,6
32;78,5;78,5;78,6;77,5
30;78,5;78,6;77,5;78,2
30;78,6;77,5;78,2;85,3
31;77,5;78,2;85,3;91,1
32;78,2;85,3;91,1;88
32;85,3;91,1;88;87,1
33;91,1;88;87,1;87,4
33;88;87,1;87,4;87,3
31;87,1;87,4;87,3;87,4
30;87,4;87,3;87,4;87,2
28;87,3;87,4;87,2;88,1
26;87,4;87,2;88,1;88,7
26;87,2;88,1;88,7;87,8
27;88,1;88,7;87,8;87,7
28;88,7;87,8;87,7;88,6
27;87,8;87,7;88,6;87,4
27;87,7;88,6;87,4;86,9
28;88,6;87,4;86,9;88,2
29;87,4;86,9;88,2;88,4
30;86,9;88,2;88,4;87,4
31;88,2;88,4;87,4;86,6
30;88,4;87,4;86,6;86,8
29;87,4;86,6;86,8;88,1
28;86,6;86,8;88,1;88,7
27;86,8;88,1;88,7;87,8
25;88,1;88,7;87,8;87,7
26;88,7;87,8;87,7;88,6
27;87,8;87,7;88,6;87,4
28;87,7;88,6;87,4;86,9
28;88,6;87,4;86,9;88,2
29;87,4;86,9;88,2;88,4
29;86,9;88,2;88,4;87,4
28;88,2;88,4;87,4;86,6
27;88,4;87,4;86,6;86,8
27;87,4;86,6;86,8;86,5
26;86,6;86,8;86,5;87,1
26;86,8;86,5;87,1;86,8
31;86,5;87,1;86,8;86,4
29;87,1;86,8;86,4;85,3
30;86,8;86,4;85,3;85,7
25;86,4;85,3;85,7;86
26;85,3;85,7;86;85,3
27;85,7;86;85,3;85,5
28;86;85,3;85,5;85,5
28;85,3;85,5;85,5;85,6
28;85,5;85,5;85,6;85,7
26;85,5;85,6;85,7;86,2
26;85,6;85,7;86,2;85,8
24;85,7;86,2;85,8;85,6
24;86,2;85,8;85,6;85,9
24;85,8;85,6;85,9;86
23;85,6;85,9;86;85,5
24;85,9;86;85,5;85,9
24;86;85,5;85,9;85,3
25;85,5;85,9;85,3;85,7
25;85,9;85,3;85,7;86,3
26;85,3;85,7;86,3;85,3
26;85,7;86,3;85,3;85,3
26;86,3;85,3;85,3;85,5
26;85,3;85,3;85,5;85,4
26;85,3;85,5;85,4;85,2
24;85,5;85,4;85,2;85,8
23;85,4;85,2;85,8;86
23;85,2;85,8;86;80,2
24;85,8;86;80,2;80,1
25;86;80,2;80,1;80,1
25;80,2;80,1;80,1;80,4
26;80,1;80,1;80,4;80
26;80,1;80,4;80;80,3
26;80,4;80;80,3;80,1
26;80;80,3;80,1;81,3
25;80,3;80,1;81,3;81,1
25;80,1;81,3;81,1;81,4
24;81,3;81,1;81,4;81,5
25;81,1;81,4;81,5;77,6
25;81,4;81,5;77,6;76,5
25;81,5;77,6;76,5;86
25;77,6;76,5;86;80,3
26;76,5;86;80,3;81,1
26;86;80,3;81,1;80,9
25;80,3;81,1;80,9;81,6
25;81,1;80,9;81,6;81,9
25;80,9;81,6;81,9;81,4
24;81,6;81,9;81,4;81,6
24;81,9;81,4;81,6;81,3
23;81,4;81,6;81,3;79
26;81,6;81,3;79;79,8
24;81,3;79;79,8;79,9
21;79;79,8;79,9;79,2
21;79,8;79,9;79,2;79,7
22;79,9;79,2;79,7;79,9
24;79,2;79,7;79,9;80,2
25;79,7;79,9;80,2;79,8
28;79,9;80,2;79,8;80,3
26;80,2;79,8;80,3;80,3
23;79,8;80,3;80,3;79,7
23;80,3;80,3;79,7;80,4
23;80,3;79,7;80,4;79,7
23;79,7;80,4;79,7;80,6
24;80,4;79,7;80,6;80,4
22;79,7;80,6;80,4;80
23;80,6;80,4;80;80,6
23;80,4;80;80,6;80,4
23;80;80,6;80,4;79,6
24;80,6;80,4;79,6;80,5
24;80,4;79,6;80,5;81
23;79,6;80,5;81;80,3
23;80,5;81;80,3;80,8
23;81;80,3;80,8;80,3
24;80,3;80,8;80,3;80,5
24;80,8;80,3;80,5;80,2
25;80,3;80,5;80,2;80,1
24;80,5;80,2;80,1;80,8
25;80,2;80,1;80,8;80,9
25;80,1;80,8;80,9;80,2
26;80,8;80,9;80,2;80,7
26;80,9;80,2;80,7;79,9
26;80,2;80,7;79,9;80,7
25;80,7;79,9;80,7;80,5
24;79,9;80,7;80,5;80,2
23;80,7;80,5;80,2;80
21;80,5;80,2;80;80,9
21;80,2;80;80,9;78,4
20;80;80,9;78,4;76,7
20;80,9;78,4;76,7;79,4
20;78,4;76,7;79,4;80
19;76,7;79,4;80;79,9
19;79,4;80;79,9;80,9
20;80;79,9;80,9;80,9
20;79,9;80,9;80,9;79,7
20;80,9;80,9;79,7;81,4
21;80,9;79,7;81,4;80,7
21;79,7;81,4;80,7;80,7
21;81,4;80,7;80,7;77,5
20;80,7;80,7;77,5;77,9
21;80,7;77,5;77,9;78,7
19;77,5;77,9;78,7;78
20;77,9;78,7;78;77,8
20;78,7;78;77,8;78,5
23;78;77,8;78,5;77,5
23;77,8;78,5;77,5;77,1
22;78,5;77,5;77,1;77,2
24;77,5;77,1;77,2;78,2
26;77,1;77,2;78,2;80,6
26;77,2;78,2;80,6;80,2
26;78,2;80,6;80,2;79,9
24;80,6;80,2;79,9;80,1
25;80,2;79,9;80,1;81,4
24;79,9;80,1;81,4;80,3
26;80,1;81,4;80,3;80,3
26;81,4;80,3;80,3;80,5
24;80,3;80,3;80,5;79,6
22;80,3;80,5;79,6;80,9
20;80,5;79,6;80,9;80,5
20;79,6;80,9;80,5;79,7
19;80,9;80,5;79,7;80,8
19;80,5;79,7;80,8;81,2
19;79,7;80,8;81,2;80,3
19;80,8;81,2;80,3;79,8
19;81,2;80,3;79,8;80,2
20;80,3;79,8;80,2;80,3
20;79,8;80,2;80,3;80,2
20;80,2;80,3;80,2;79,5
21;80,3;80,2;79,5;80,5
21;80,2;79,5;80,5;79,6
21;79,5;80,5;79,6;79,9
21;80,5;79,6;79,9;80,1
20;79,6;79,9;80,1;81,4
20;79,9;80,1;81,4;80,3
18;80,1;81,4;80,3;78,3
19;81,4;80,3;78,3;78,8
18;80,3;78,3;78,8;79,7
19;78,3;78,8;79,7;79,8
20;78,8;79,7;79,8;82,4
21;79,7;79,8;82,4;82,2
20;79,8;82,4;82,2;82,1
20;82,4;82,2;82,1;81,7
21;82,2;82,1;81,7;82,5
21;82,1;81,7;82,5;82,1
22;81,7;82,5;82,1;82,7
21;82,5;82,1;82,7;82,8
22;82,1;82,7;82,8;83,6
22;82,7;82,8;83,6;84,2
20;82,8;83,6;84,2;84,2
20;83,6;84,2;84,2;84,3
21;84,2;84,2;84,3;85,8
20;84,2;84,3;85,8;86,1
19;84,3;85,8;86,1;87,1
18;85,8;86,1;87,1;90,8
18;86,1;87,1;90,8;91,1
17;87,1;90,8;91,1;92,5
17;90,8;91,1;92,5;91
18;91,1;92,5;91;78,1
18;92,5;91;78,1;76,2
18;91;78,1;76,2;76,5
18;78,1;76,2;76,5;77,2
19;76,2;76,5;77,2;76,6
20;76,5;77,2;76,6;76,8
20;77,2;76,6;76,8;73,6
19;76,6;76,8;73,6;73,6
19;76,8;73,6;73,6;73,4
19;73,6;73,6;73,4;73,9
18;73,6;73,4;73,9;74,1
18;73,4;73,9;74,1;74,1
18;73,9;74,1;74,1;70,7
17;74,1;74,1;70,7;71,2
17;74,1;70,7;71,2;71
18;70,7;71,2;71;71,3
17;71,2;71;71,3;69,3
17;71;71,3;69,3;70,3
18;71,3;69,3;70,3;69,6
18;69,3;70,3;69,6;70
18;70,3;69,6;70;70
19;69,6;70;70;71,1
19;70;70;71,1;70,7
20;70;71,1;70,7;69,6
17;71,1;70,7;69,6;70,9
18;70,7;69,6;70,9;69,4
18;69,6;70,9;69,4;69,3
19;70,9;69,4;69,3;68,8
18;69,4;69,3;68,8;70,4
21;69,3;68,8;70,4;71,6
23;68,8;70,4;71,6;71,7
23;70,4;71,6;71,7;70,9
22;71,6;71,7;70,9;71,3
20;71,7;70,9;71,3;71
18;70,9;71,3;71;70,9
17;71,3;71;70,9;71,3
16;71;70,9;71,3;71,2
16;70,9;71,3;71,2;71
17;71,3;71,2;71;71,4
17;71,2;71;71,4;71,2
18;71;71,4;71,2;71,1
19;71,4;71,2;71,1;71,2
20;71,2;71,1;71,2;70,5
20;71,1;71,2;70,5;71,2
20;71,2;70,5;71,2;70,4
19;70,5;71,2;70,4;70,8
19;71,2;70,4;70,8;71,4
19;70,4;70,8;71,4;70,9
18;70,8;71,4;70,9;67,9
17;71,4;70,9;67,9;68,2
17;70,9;67,9;68,2;67,6
16;67,9;68,2;67,6;69,1
17;68,2;67,6;69,1;68,4
18;67,6;69,1;68,4;70,8
18;69,1;68,4;70,8;70
18;68,4;70,8;70;70,9
18;70,8;70;70,9;70,7
18;70;70,9;70,7;71,2
17;70,9;70,7;71,2;70,9
17;70,7;71,2;70,9;71,7
16;71,2;70,9;71,7;71,6
16;70,9;71,7;71,6;67,7
15;71,7;71,6;67,7;68,1
16;71,6;67,7;68,1;68,9
21;67,7;68,1;68,9;70,5
20;68,1;68,9;70,5;70
18;68,9;70,5;70;70,9
18;70,5;70;70,9;71,2
17;70;70,9;71,2;71
17;70,9;71,2;71;68,9
16;71,2;71;68,9;68
16;71;68,9;68;67,8
15;68,9;68;67,8;68,3
15;68;67,8;68,3;68,9
16;67,8;68,3;68,9;68,2
16;68,3;68,9;68,2;65,6
17;68,9;68,2;65,6;87,8
18;68,2;65,6;87,8;89,4
18;65,6;87,8;89,4;84,1
19;87,8;89,4;84,1;65,3
19;89,4;84,1;65,3;63,1
18;84,1;65,3;63,1;65,3
17;65,3;63,1;65,3;65,2
16;63,1;65,3;65,2;65
14;65,3;65,2;65;60,6
14;65,2;65;60,6;60,3
14;65;60,6;60,3;59,9
15;60,6;60,3;59,9;60,7
15;60,3;59,9;60,7;61,3
16;59,9;60,7;61,3;60,3
17;60,7;61,3;60,3;59,7
16;61,3;60,3;59,7;71
16;60,3;59,7;71;70,7
16;59,7;71;70,7;71,3
16;71;70,7;71,3;70,7
15;70,7;71,3;70,7;71
14;71,3;70,7;71;70,7
15;70,7;71;70,7;70,6
15;71;70,7;70,6;71
16;70,7;70,6;71;71,2
16;70,6;71;71,2;71,3
17;71;71,2;71,3;71,2
17;71,2;71,3;71,2;71,2
16;71,3;71,2;71,2;71,3
15;71,2;71,2;71,3;70,8
15;71,2;71,3;70,8;70,7
15;71,3;70,8;70,7;71,7
14;70,8;70,7;71,7;70,9
14;70,7;71,7;70,9;71,2
14;71,7;70,9;71,2;70,2
15;70,9;71,2;70,2;71,3
15;71,2;70,2;71,3;70,8
16;70,2;71,3;70,8;69,7
16;71,3;70,8;69,7;70,5
17;70,8;69,7;70,5;70,5
