7,1;34,5;34,3;32,9;35,3
7,2;34,3;32,9;35,3;35,3
7,2;32,9;35,3;35,3;35,3
7,3;35,3;35,3;35,3;35,3
7,3;35,3;35,3;35,3;35,3
7,4;35,3;35,3;35,3;35,3
7,5;35,3;35,3;35,3;35,3
7,2;35,3;35,3;35,3;35,3
7,1;35,3;35,3;35,3;35,3
6,8;35,3;35,3;35,3;38
6,3;35,3;35,3;38;38
5,7;35,3;38;38;38
5,4;38;38;38;39
5,2;38;38;39;37,7
5,5;38;39;37,7;37,4
5,7;39;37,7;37,4;37,4
6;37,7;37,4;37,4;37,3
6,3;37,4;37,4;37,3;41,1
6,4;37,4;37,3;41,1;37,4
6,5;37,3;41,1;37,4;37,4
6,2;41,1;37,4;37,4;36,4
6;37,4;37,4;36,4;37,1
5,6;37,4;36,4;37,1;37,8
5,1;36,4;37,1;37,8;37,5
5,7;37,1;37,8;37,5;41,7
5,8;37,8;37,5;41,7;37,6
5,9;37,5;41,7;37,6;37,8
6,1;41,7;37,6;37,8;37,8
6,3;37,6;37,8;37,8;38,4
6,4;37,8;37,8;38,4;39,2
6,6;37,8;38,4;39,2;38,3
6,7;38,4;39,2;38,3;45,8
6,9;39,2;38,3;45,8;45,8
6,8;38,3;45,8;45,8;40,2
6,7;45,8;45,8;40,2;40,5
6,6;45,8;40,2;40,5;39,5
6;40,2;40,5;39,5;42
8;40,5;39,5;42;40,5
8,3;39,5;42;40,5;40,6
8,2;42;40,5;40,6;42,8
7,8;40,5;40,6;42,8;42,9
7,6;40,6;42,8;42,9;36,3
8;42,8;42,9;36,3;38,3
8,3;42,9;36,3;38,3;42,8
7,2;36,3;38,3;42,8;43,1
6,6;38,3;42,8;43,1;42,3
6,5;42,8;43,1;42,3;43,1
5,8;43,1;42,3;43,1;43,7
5,3;42,3;43,1;43,7;42,2
4,8;43,1;43,7;42,2;41,7
4,9;43,7;42,2;41,7;42,7
5,3;42,2;41,7;42,7;44,2
5,8;41,7;42,7;44,2;41,4
5,9;42,7;44,2;41,4;45,3
6,1;44,2;41,4;45,3;43,8
6;41,4;45,3;43,8;44,3
6,2;45,3;43,8;44,3;41,8
6,5;43,8;44,3;41,8;42,8
6,7;44,3;41,8;42,8;42,3
6,9;41,8;42,8;42,3;42,9
5,8;42,8;42,3;42,9;42,2
5,9;42,3;42,9;42,2;41,5
6,1;42,9;42,2;41,5;42,5
6,2;42,2;41,5;42,5;42,2
6,3;41,5;42,5;42,2;45,9
6,1;42,5;42,2;45,9;48,5
6,4;42,2;45,9;48,5;49
6,5;45,9;48,5;49;48,9
6,4;48,5;49;48,9;46,6
6,6;49;48,9;46,6;42,8
6,5;48,9;46,6;42,8;42,3
6,7;46,6;42,8;42,3;42,9
5,3;42,8;42,3;42,9;42,2
5,3;42,3;42,9;42,2;41,5
5,4;42,9;42,2;41,5;42,5
4,7;42,2;41,5;42,5;42,2
4,6;41,5;42,5;42,2;45,9
4,6;42,5;42,2;45,9;48,5
4,6;42,2;45,9;48,5;49
4,6;45,9;48,5;49;48,9
4,6;48,5;49;48,9;46,6
4,5;49;48,9;46,6;46,7
4,5;48,9;46,6;46,7;47
4,5;46,6;46,7;47;47,1
5,1;46,7;47;47,1;48,3
6,1;47;47,1;48,3;48,4
6,3;47,1;48,3;48,4;47
6,5;48,3;48,4;47;45,9
6,8;48,4;47;45,9;45,8
7,4;47;45,9;45,8;45,3
7,6;45,9;45,8;45,3;47,2
7,3;45,8;45,3;47,2;47,1
7,2;45,3;47,2;47,1;44,6
7;47,2;47,1;44,6;46,4
6,9;47,1;44,6;46,4;47,1
7,2;44,6;46,4;47,1;44,7
4,4;46,4;47,1;44,7;45
4,5;47,1;44,7;45;48
4,5;44,7;45;48;45,7
4,4;45;48;45,7;46
5,2;48;45,7;46;46
5,3;45,7;46;46;44,1
5,3;46;46;44,1;46,6
5,5;46;44,1;46,6;47,7
5,6;44,1;46,6;47,7;47,1
5,8;46,6;47,7;47,1;46,8
5,8;47,7;47,1;46,8;45
5,9;47,1;46,8;45;45,2
5,8;46,8;45;45,2;50,7
5,4;45;45,2;50,7;49,4
5,1;45,2;50,7;49,4;49
6;50,7;49,4;49;49
7;49,4;49;49;54,2
6;49;49;54,2;51,2
5,8;49;54,2;51,2;50,7
5,7;54,2;51,2;50,7;50,5
5,7;51,2;50,7;50,5;50,8
5,6;50,7;50,5;50,8;50,5
5,6;50,5;50,8;50,5;51,4
5,6;50,8;50,5;51,4;49,6
5,8;50,5;51,4;49,6;50,3
5,7;51,4;49,6;50,3;47,6
5,7;49,6;50,3;47,6;49,2
5,9;50,3;47,6;49,2;49,3
6,1;47,6;49,2;49,3;54,1
5,9;49,2;49,3;54,1;44,8
6,3;49,3;54,1;44,8;44,7
6,9;54,1;44,8;44,7;44,6
7,4;44,8;44,7;44,6;43,8
8,2;44,7;44,6;43,8;43,2
7,9;44,6;43,8;43,2;44,7
8,2;43,8;43,2;44,7;44,9
8,4;43,2;44,7;44,9;44,9
8,2;44,7;44,9;44,9;50,4
8;44,9;44,9;50,4;50,4
8,1;44,9;50,4;50,4;50,4
8,9;50,4;50,4;50,4;50,4
9,6;50,4;50,4;50,4;50,4
11;50,4;50,4;50,4;50,4
10;50,4;50,4;50,4;50,4
9,4;50,4;50,4;50,4;50,4
8,6;50,4;50,4;50,4;50,4
7,1;50,4;50,4;50,4;50,4
5,5;50,4;50,4;50,4;50,1
5,6;50,4;50,4;50,1;50,2
4,9;50,4;50,1;50,2;50,4
4,6;50,1;50,2;50,4;49,8
4,4;50,2;50,4;49,8;50
4,5;50,4;49,8;50;54,1
4,7;49,8;50;54,1;50,6
4,8;50;54,1;50,6;51,3
5,3;54,1;50,6;51,3;51,4
5,5;50,6;51,3;51,4;51,2
5,8;51,3;51,4;51,2;50,8
5,9;51,4;51,2;50,8;45,9
5,7;51,2;50,8;45,9;47
5,4;50,8;45,9;47;47
5,5;45,9;47;47;47
5,7;47;47;47;47
5,8;47;47;47;47
5,5;47;47;47;47,4
5,7;47;47;47,4;47,4
5,6;47;47,4;47,4;47,4
5,9;47,4;47,4;47,4;47,4
6,4;47,4;47,4;47,4;52,2
6,3;47,4;47,4;52,2;52,2
6,4;47,4;52,2;52,2;52,2
6,6;52,2;52,2;52,2;52
6,7;52,2;52,2;52;53,8
6,8;52,2;52;53,8;53,6
6,7;52;53,8;53,6;51,2
6,8;53,8;53,6;51,2;44,9
6,6;53,6;51,2;44,9;45,8
6,5;51,2;44,9;45,8;46,7
6,4;44,9;45,8;46,7;46,8
6,7;45,8;46,7;46,8;46,4
7;46,7;46,8;46,4;44,5
7,4;46,8;46,4;44,5;45,8
7,7;46,4;44,5;45,8;44,9
7,2;44,5;45,8;44,9;44,2
6,1;45,8;44,9;44,2;44,1
6,4;44,9;44,2;44,1;43,5
6,9;44,2;44,1;43,5;43,8
7,2;44,1;43,5;43,8;65,1
6,8;43,5;43,8;65,1;65,9
6,7;43,8;65,1;65,9;46,3
7,1;65,1;65,9;46,3;44,5
7,3;65,9;46,3;44,5;44,9
7,9;46,3;44,5;44,9;45,7
8,6;44,5;44,9;45,7;45,4
8,4;44,9;45,7;45,4;43,5
5,9;45,7;45,4;43,5;45,6
5,9;45,4;43,5;45,6;45,7
7,3;43,5;45,6;45,7;45,5
8,2;45,6;45,7;45,5;45,5
7,2;45,7;45,5;45,5;45,9
7,3;45,5;45,5;45,9;43,5
6,8;45,5;45,9;43,5;46
6,7;45,9;43,5;46;46,2
6,5;43,5;46;46,2;45,4
6,1;46;46,2;45,4;45,3
5,5;46,2;45,4;45,3;44,4
5,1;45,4;45,3;44,4;44,3
5,7;45,3;44,4;44,3;44,7
6;44,4;44,3;44,7;45,7
6,1;44,3;44,7;45,7;44,8
6;44,7;45,7;44,8;50,8
5,9;45,7;44,8;50,8;40,2
6,4;44,8;50,8;40,2;49
7,3;50,8;40,2;49;49,7
8;40,2;49;49,7;50,4
7,7;49;49,7;50,4;50,3
7,4;49,7;50,4;50,3;49,7
6,9;50,4;50,3;49,7;49,9
6,6;50,3;49,7;49,9;47,6
5,6;49,7;49,9;47,6;42,8
5,5;49,9;47,6;42,8;48,1
5,6;47,6;42,8;48,1;47,5
5,7;42,8;48,1;47,5;47,9
7,1;48,1;47,5;47,9;48,2
7;47,5;47,9;48,2;48,3
6,8;47,9;48,2;48,3;48,5
6,8;48,2;48,3;48,5;47,9
6,6;48,3;48,5;47,9;47,3
6,5;48,5;47,9;47,3;66,1
6,8;47,9;47,3;66,1;60,9
6,2;47,3;66,1;60,9;48
6,4;66,1;60,9;48;44,8
6,4;60,9;48;44,8;45,6
6,6;48;44,8;45,6;47,1
6,9;44,8;45,6;47,1;47,1
6,8;45,6;47,1;47,1;49,7
6,7;47,1;47,1;49,7;49,2
6,7;47,1;49,7;49,2;49,1
6,5;49,7;49,2;49,1;49,1
6,9;49,2;49,1;49,1;48,9
6,4;49,1;49,1;48,9;49,1
6;49,1;48,9;49,1;47
5,8;48,9;49,1;47;47,3
5,7;49,1;47;47,3;46,8
5,9;47;47,3;46,8;46,6
6;47,3;46,8;46,6;47,4
6,1;46,8;46,6;47,4;45,6
6;46,6;47,4;45,6;50,5
5,9;47,4;45,6;50,5;50,4
5,8;45,6;50,5;50,4;47,4
5,6;50,5;50,4;47,4;47,3
5,6;50,4;47,4;47,3;46,9
5,5;47,4;47,3;46,9;47,8
4,9;47,3;46,9;47,8;47,6
4,8;46,9;47,8;47,6;46,5
4,7;47,8;47,6;46,5;48,9
4,6;47,6;46,5;48,9;48,7
5,1;46,5;48,9;48,7;46,5
5,4;48,9;48,7;46,5;48
5,4;48,7;46,5;48;53
5,3;46,5;48;53;46,4
5,1;48;53;46,4;45,4
5;53;46,4;45,4;45,3
5;46,4;45,4;45,3;46
4,9;45,4;45,3;46;46
5,2;45,3;46;46;46,6
4,9;46;46;46,6;47,7
6,3;46;46,6;47,7;46,6
7,2;46,6;47,7;46,6;46,1
7,4;47,7;46,6;46,1;46,1
7,2;46,6;46,1;46,1;50,7
6,9;46,1;46,1;50,7;47,9
7,4;46,1;50,7;47,9;47,9
6,2;50,7;47,9;47,9;48,3
6,3;47,9;47,9;48,3;48,5
5,7;47,9;48,3;48,5;45,8
5,9;48,3;48,5;45,8;48,1
5,4;48,5;45,8;48,1;45,4
5,5;45,8;48,1;45,4;45,9
5,6;48,1;45,4;45,9;45,7
5,3;45,4;45,9;45,7;43,6
5;45,9;45,7;43,6;44,1
5,2;45,7;43,6;44,1;40,3
5,4;43,6;44,1;40,3;43,2
5,5;44,1;40,3;43,2;43,4
5,7;40,3;43,2;43,4;42,7
5,5;43,2;43,4;42,7;41,6
5,4;43,4;42,7;41,6;40,2
5,6;42,7;41,6;40,2;40,5
4,8;41,6;40,2;40,5;40,1
4,9;40,2;40,5;40,1;40,5
5,2;40,5;40,1;40,5;49,3
5,3;40,1;40,5;49,3;48,8
5,7;40,5;49,3;48,8;40,2
6,1;49,3;48,8;40,2;44,7
6,1;48,8;40,2;44,7;39,8
6;40,2;44,7;39,8;36,9
5;44,7;39,8;36,9;37,2
5;39,8;36,9;37,2;37,1
4,9;36,9;37,2;37,1;37,2
4,9;37,2;37,1;37,2;36,1
5,2;37,1;37,2;36,1;44,8
4,9;37,2;36,1;44,8;39,6
5,1;36,1;44,8;39,6;39,9
5,4;44,8;39,6;39,9;39,8
5,3;39,6;39,9;39,8;40,1
5,7;39,9;39,8;40,1;43,9
6,9;39,8;40,1;43,9;45,8
6,7;40,1;43,9;45,8;45,4
6,5;43,9;45,8;45,4;43,2
6,2;45,8;45,4;43,2;39,8
6,6;45,4;43,2;39,8;41
6,4;43,2;39,8;41;39
6,5;39,8;41;39;37,9
6,6;41;39;37,9;38,2
6,8;39;37,9;38,2;35,1
6,7;37,9;38,2;35,1;34,7
6,4;38,2;35,1;34,7;34
6,2;35,1;34,7;34;38,8
6;34,7;34;38,8;39,4
5,8;34;38,8;39,4;46,9
5,9;38,8;39,4;46,9;38,8
6,1;39,4;46,9;38,8;38,6
6,2;46,9;38,8;38,6;38,6
6,3;38,8;38,6;38,6;38,6
5,4;38,6;38,6;38,6;34,1
5,1;38,6;38,6;34,1;33,8
11;38,6;34,1;33,8;33,5
23;34,1;33,8;33,5;34
29;33,8;33,5;34;45,7
51;33,5;34;45,7;45,2
56;34;45,7;45,2;45,2
58;45,7;45,2;45,2;45,3
39;45,2;45,2;45,3;45,5
34;45,2;45,3;45,5;45
28;45,3;45,5;45;45
21;45,5;45;45;45,3
18;45;45;45,3;49,2
16;45;45,3;49,2;49,7
16;45,3;49,2;49,7;48,7
18;49,2;49,7;48,7;48,6
17;49,7;48,7;48,6;50,1
51;48,7;48,6;50,1;47,1
56;48,6;50,1;47,1;53,4
54;50,1;47,1;53,4;53,1
53;47,1;53,4;53,1;51,8
56;53,4;53,1;51,8;53,5
53;53,1;51,8;53,5;53,6
50;51,8;53,5;53,6;53,6
46;53,5;53,6;53,6;53,2
43;53,6;53,6;53,2;47,4
40;53,6;53,2;47,4;48,4
38;53,2;47,4;48,4;48,3
35;47,4;48,4;48,3;48,1
32;48,4;48,3;48,1;48,7
30;48,3;48,1;48,7;48,5
29;48,1;48,7;48,5;48,6
26;48,7;48,5;48,6;49,7
25;48,5;48,6;49,7;47,9
27;48,6;49,7;47,9;55,9
24;49,7;47,9;55,9;48,8
27;47,9;55,9;48,8;48,7
25;55,9;48,8;48,7;48,9
26;48,8;48,7;48,9;48,7
24;48,7;48,9;48,7;48,2
24;48,9;48,7;48,2;48,4
25;48,7;48,2;48,4;48,7
23;48,2;48,4;48,7;48,4
20;48,4;48,7;48,4;49,1
17;48,7;48,4;49,1;49,4
19;48,4;49,1;49,4;50
18;49,1;49,4;50;51,5
17;49,4;50;51,5;51,5
16;50;51,5;51,5;51,4
15;51,5;51,5;51,4;51,3
15;51,5;51,4;51,3;51,9
14;51,4;51,3;51,9;51,7
14;51,3;51,9;51,7;51,6
13;51,9;51,7;51,6;51,8
13;51,7;51,6;51,8;51,7
15;51,6;51,8;51,7;52
14;51,8;51,7;52;52,6
14;51,7;52;52,6;51,6
14;52;52,6;51,6;52
15;52,6;51,6;52;51,5
15;51,6;52;51,5;51,7
14;52;51,5;51,7;51,6
14;51,5;51,7;51,6;51,6
14;51,7;51,6;51,6;52
14;51,6;51,6;52;49,4
13;51,6;52;49,4;49,2
13;52;49,4;49,2;48,9
12;49,4;49,2;48,9;48,8
12;49,2;48,9;48,8;48,9
13;48,9;48,8;48,9;49,1
13;48,8;48,9;49,1;48,8
15;48,9;49,1;48,8;50,5
15;49,1;48,8;50,5;53,9
14;48,8;50,5;53,9;54,7
14;50,5;53,9;54,7;55,5
13;53,9;54,7;55,5;55,3
12;54,7;55,5;55,3;54,9
12;55,5;55,3;54,9;55,1
12;55,3;54,9;55,1;55,3
12;54,9;55,1;55,3;55,6
13;55,1;55,3;55,6;48,3
13;55,3;55,6;48,3;48,1
12;55,6;48,3;48,1;48,1
13;48,3;48,1;48,1;50,2
13;48,1;48,1;50,2;53
12;48,1;50,2;53;48,9
11;50,2;53;48,9;48,4
10;53;48,9;48,4;52,4
10;48,9;48,4;52,4;51,5
9,5;48,4;52,4;51,5;47,2
9,2;52,4;51,5;47,2;51,6
8,9;51,5;47,2;51,6;51,7
8,7;47,2;51,6;51,7;50,9
8,6;51,6;51,7;50,9;51,1
8,9;51,7;50,9;51,1;50,8
8,5;50,9;51,1;50,8;52,7
8,6;51,1;50,8;52,7;52,2
8,4;50,8;52,7;52,2;57,8
9,8;52,7;52,2;57,8;59,4
10;52,2;57,8;59,4;52,4
10;57,8;59,4;52,4;51,5
11;59,4;52,4;51,5;47,2
8,8;52,4;51,5;47,2;51,6
7,9;51,5;47,2;51,6;51,7
8,1;47,2;51,6;51,7;50,9
8,4;51,6;51,7;50,9;51,1
8,5;51,7;50,9;51,1;50,8
8,3;50,9;51,1;50,8;52,7
8,2;51,1;50,8;52,7;52,2
8;50,8;52,7;52,2;57,8
8,1;52,7;52,2;57,8;59,4
8;52,2;57,8;59,4;46,3
7,9;57,8;59,4;46,3;45,7
7,7;59,4;46,3;45,7;46,6
6,7;46,3;45,7;46,6;46,7
6,8;45,7;46,6;46,7;46,1
7;46,6;46,7;46,1;38,9
7,2;46,7;46,1;38,9;38,3
8,9;46,1;38,9;38,3;38,8
8,8;38,9;38,3;38,8;46
8,5;38,3;38,8;46;46,8
7,3;38,8;46;46,8;46,9
6,8;46;46,8;46,9;46,5
6,8;46,8;46,9;46,5;47
6,7;46,9;46,5;47;46,8
6,6;46,5;47;46,8;47,5
6,9;47;46,8;47,5;45,1
6,8;46,8;47,5;45,1;46,4
6,7;47,5;45,1;46,4;44,9
6,7;45,1;46,4;44,9;47,3
8,3;46,4;44,9;47,3;55,9
7,7;44,9;47,3;55,9;65,5
6,8;47,3;55,9;65,5;54,6
6,5;55,9;65,5;54,6;45,7
6,6;65,5;54,6;45,7;47,5
6,7;54,6;45,7;47,5;47
6,8;45,7;47,5;47;47,4
6,4;47,5;47;47,4;47
7,2;47;47,4;47;47,1
8,2;47,4;47;47,1;48
7,6;47;47,1;48;47,5
7,2;47,1;48;47,5;47,5
7;48;47,5;47,5;48,3
6,6;47,5;47,5;48,3;47,5
6;47,5;48,3;47,5;47,7
5,8;48,3;47,5;47,7;48,1
5,5;47,5;47,7;48,1;49
5,7;47,7;48,1;49;48,1
5,5;48,1;49;48,1;41,6
5,4;49;48,1;41,6;44,4
14;48,1;41,6;44,4;45,3
13;41,6;44,4;45,3;44,9
10;44,4;45,3;44,9;45,7
8;45,3;44,9;45,7;45,8
6,9;44,9;45,7;45,8;46,1
6,5;45,7;45,8;46,1;45,9
6,1;45,8;46,1;45,9;45,8
5,9;46,1;45,9;45,8;48,7
6;45,9;45,8;48,7;48,9
6,1;45,8;48,7;48,9;48,6
6,3;48,7;48,9;48,6;47,1
6,4;48,9;48,6;47,1;46,7
6,6;48,6;47,1;46,7;46,5
6,9;47,1;46,7;46,5;49,7
7,1;46,7;46,5;49,7;48,8
7,2;46,5;49,7;48,8;49,6
7,3;49,7;48,8;49,6;49,4
7,2;48,8;49,6;49,4;50,3
6,9;49,6;49,4;50,3;49,9
6,8;49,4;50,3;49,9;50
6,2;50,3;49,9;50;48,8
6,6;49,9;50;48,8;45,3
6,4;50;48,8;45,3;46,2
6,5;48,8;45,3;46,2;45,7
6,6;45,3;46,2;45,7;48,1
6,3;46,2;45,7;48,1;50,3
6,2;45,7;48,1;50,3;49
6,2;48,1;50,3;49;48,2
6,3;50,3;49;48,2;47,6
5,9;49;48,2;47,6;47,6
6,2;48,2;47,6;47,6;48,3
6,3;47,6;47,6;48,3;49
6,6;47,6;48,3;49;47,1
6,7;48,3;49;47,1;41,8
6,6;49;47,1;41,8;41,7
6,6;47,1;41,8;41,7;41,7
6,7;41,8;41,7;41,7;42,2
6,6;41,7;41,7;42,2;42
6,5;41,7;42,2;42;42
6,5;42,2;42;42;42,1
6,1;42;42;42,1;41,6
5,8;42;42,1;41,6;41,6
5,3;42,1;41,6;41,6;41,6
5,2;41,6;41,6;41,6;41,4
5,3;41,6;41,6;41,4;38,4
5,3;41,6;41,4;38,4;40,5
5,5;41,4;38,4;40,5;41,4
5,8;38,4;40,5;41,4;40,6
5,8;40,5;41,4;40,6;42,9
6,2;41,4;40,6;42,9;43,2
6,6;40,6;42,9;43,2;43,4
6,9;42,9;43,2;43,4;42,7
6,9;43,2;43,4;42,7;43,2
7,4;43,4;42,7;43,2;42,5
7,7;42,7;43,2;42,5;41,6
7,2;43,2;42,5;41,6;40,1
7,3;42,5;41,6;40,1;37,6
7,3;41,6;40,1;37,6;36,2
7,4;40,1;37,6;36,2;33,9
7,6;37,6;36,2;33,9;34
7,5;36,2;33,9;34;34,5
7,8;33,9;34;34,5;38
7,8;34;34,5;38;37,6
7,4;34,5;38;37,6;34,5
7;38;37,6;34,5;37,7
6,6;37,6;34,5;37,7;36,1
6,2;34,5;37,7;36,1;38
5,7;37,7;36,1;38;36,1
7,1;36,1;38;36,1;34,6
7,3;38;36,1;34,6;34,8
6;36,1;34,6;34,8;35,1
6,1;34,6;34,8;35,1;34,8
7,4;34,8;35,1;34,8;35,5
7,5;35,1;34,8;35,5;46
7,5;34,8;35,5;46;46,2
7,3;35,5;46;46,2;45,8
7,2;46;46,2;45,8;46
7;46,2;45,8;46;35,8
6,7;45,8;46;35,8;35,7
6,5;46;35,8;35,7;35,6
7,8;35,8;35,7;35,6;33,5
7,3;35,7;35,6;33,5;36,2
6,9;35,6;33,5;36,2;35,8
6,7;33,5;36,2;35,8;31,2
6,9;36,2;35,8;31,2;31,2
6,8;35,8;31,2;31,2;41,7
7;31,2;31,2;41,7;35,2
6,2;31,2;41,7;35,2;34,8
6,1;41,7;35,2;34,8;34,1
5,9;35,2;34,8;34,1;35,1
5,8;34,8;34,1;35,1;35,2
5,5;34,1;35,1;35,2;35,1
5,2;35,1;35,2;35,1;41,5
5,6;35,2;35,1;41,5;41,8
5,8;35,1;41,5;41,8;41,8
6;41,5;41,8;41,8;41
6,2;41,8;41,8;41;41,8
6;41,8;41;41,8;47
5,7;41;41,8;47;41,2
5,9;41,8;47;41,2;41,7
6;47;41,2;41,7;41,5
6,2;41,2;41,7;41,5;41,2
6,3;41,7;41,5;41,2;41,2
6,3;41,5;41,2;41,2;44,3
6,4;41,2;41,2;44,3;38
7,6;41,2;44,3;38;37,6
7,7;44,3;38;37,6;39,8
5,7;38;37,6;39,8;38,4
5,8;37,6;39,8;38,4;39,5
6,1;39,8;38,4;39,5;36,2
5,9;38,4;39,5;36,2;40
5,8;39,5;36,2;40;40,5
5,7;36,2;40;40,5;40,5
5,6;40;40,5;40,5;40,1
5,6;40,5;40,5;40,1;40,3
8;40,5;40,1;40,3;38,9
8,3;40,1;40,3;38,9;39,1
8,7;40,3;38,9;39,1;39,2
8,3;38,9;39,1;39,2;38,6
8,6;39,1;39,2;38,6;39,6
8,4;39,2;38,6;39,6;39,4
7,8;38,6;39,6;39,4;39,5
7,6;39,6;39,4;39,5;39,1
7,4;39,4;39,5;39,1;39,4
7,3;39,5;39,1;39,4;39,4
7,4;39,1;39,4;39,4;39,5
7,1;39,4;39,4;39,5;39,2
7,3;39,4;39,5;39,2;36,8
7,4;39,5;39,2;36,8;40,7
7,5;39,2;36,8;40,7;36,7
8,2;36,8;40,7;36,7;40
8,6;40,7;36,7;40;40,2
8,8;36,7;40;40,2;37,2
8,6;40;40,2;37,2;41,3
8,5;40,2;37,2;41,3;36,3
8,6;37,2;41,3;36,3;37,7
8,5;41,3;36,3;37,7;38,3
8,4;36,3;37,7;38,3;38,1
8,4;37,7;38,3;38,1;40,5
8,6;38,3;38,1;40,5;38,5
8,4;38,1;40,5;38,5;41,2
8,3;40,5;38,5;41,2;37,9
8,2;38,5;41,2;37,9;40,9
8,9;41,2;37,9;40,9;37,1
8,7;37,9;40,9;37,1;41,1
8,6;40,9;37,1;41,1;37,1
8,3;37,1;41,1;37,1;37,8
7,9;41,1;37,1;37,8;38,5
7,5;37,1;37,8;38,5;40,8
7,2;37,8;38,5;40,8;40,8
7;38,5;40,8;40,8;38
7,2;40,8;40,8;38;40
6,9;40,8;38;40;39,8
6,7;38;40;39,8;39,5
6,6;40;39,8;39,5;39,7
6,8;39,8;39,5;39,7;39,6
7,1;39,5;39,7;39,6;39,2
7,4;39,7;39,6;39,2;39,6
7,1;39,6;39,2;39,6;39,5
7,4;39,2;39,6;39,5;39,7
7,5;39,6;39,5;39,7;38,9
7,6;39,5;39,7;38,9;38,8
7,8;39,7;38,9;38,8;39,5
7,3;38,9;38,8;39,5;36,9
7,2;38,8;39,5;36,9;37
7,1;39,5;36,9;37;37,1
6,7;36,9;37;37,1;38,8
6,9;37;37,1;38,8;42,3
7;37,1;38,8;42,3;43,9
6,6;38,8;42,3;43,9;43,5
6,3;42,3;43,9;43,5;41,3
6,6;43,9;43,5;41,3;40,7
6,5;43,5;41,3;40,7;40,1
6,4;41,3;40,7;40,1;41,3
6,4;40,7;40,1;41,3;40,8
6,5;40,1;41,3;40,8;43,8
6,3;41,3;40,8;43,8;43,2
6;40,8;43,8;43,2;44,3
6,3;43,8;43,2;44,3;43,6
6,6;43,2;44,3;43,6;41,5
6,4;44,3;43,6;41,5;43,6
6,6;43,6;41,5;43,6;43,2
6,7;41,5;43,6;43,2;43,9
6,6;43,6;43,2;43,9;41,2
6,2;43,2;43,9;41,2;41,5
6,4;43,9;41,2;41,5;43,3
6,9;41,2;41,5;43,3;42,8
6,9;41,5;43,3;42,8;42
7;43,3;42,8;42;43,1
7;42,8;42;43,1;40,7
7,2;42;43,1;40,7;44,7
7,2;43,1;40,7;44,7;39,1
7;40,7;44,7;39,1;43,6
7;44,7;39,1;43,6;40,9
6,9;39,1;43,6;40,9;41,1
6,6;43,6;40,9;41,1;41,7
6,5;40,9;41,1;41,7;42
6,5;41,1;41,7;42;42
6,4;41,7;42;42;41,7
5,4;42;42;41,7;42,8
5,4;42;41,7;42,8;42,2
7,1;41,7;42,8;42,2;37,3
8;42,8;42,2;37,3;45,5
8,5;42,2;37,3;45,5;47,5
8,8;37,3;45,5;47,5;41,9
7,5;45,5;47,5;41,9;40,2
7,1;47,5;41,9;40,2;40,9
6,4;41,9;40,2;40,9;41,2
6,2;40,2;40,9;41,2;41
6;40,9;41,2;41;40,7
25,7;41,2;41;40,7;41,1
6,5;41;40,7;41,1;41,6
6,6;40,7;41,1;41,6;40,6
6,7;41,1;41,6;40,6;43,7
6,8;41,6;40,6;43,7;44,3
7,4;40,6;43,7;44,3;41,9
8,8;43,7;44,3;41,9;42,6
82;44,3;41,9;42,6;41,1
8;41,9;42,6;41,1;40,9
7,6;42,6;41,1;40,9;41,9
7,1;41,1;40,9;41,9;40,5
6,4;40,9;41,9;40,5;40,3
7,9;41,9;40,5;40,3;41,7
7,8;40,5;40,3;41,7;41,7
7,6;40,3;41,7;41,7;42,2
7,5;41,7;41,7;42,2;44,5
7;41,7;42,2;44,5;45,1
6,9;42,2;44,5;45,1;42,4
6,8;44,5;45,1;42,4;44,1
6,7;45,1;42,4;44,1;40,6
6,5;42,4;44,1;40,6;40,2
6,3;44,1;40,6;40,2;41
6,2;40,6;40,2;41;41,5
6;40,2;41;41,5;40,8
6,2;41;41,5;40,8;41,7
6,4;41,5;40,8;41,7;41
6,6;40,8;41,7;41;41,3
6,8;41,7;41;41,3;44,3
6,7;41;41,3;44,3;41,9
6,9;41,3;44,3;41,9;43,8
7;44,3;41,9;43,8;42,1
7,1;41,9;43,8;42,1;40,9
6,8;43,8;42,1;40,9;42
6,2;42,1;40,9;42;41,2
5,7;40,9;42;41,2;41,9
5,5;42;41,2;41,9;41,1
5,4;41,2;41,9;41,1;41,2
5,5;41,9;41,1;41,2;41,7
5,6;41,1;41,2;41,7;42,3
5,8;41,2;41,7;42,3;42,5
6,8;41,7;42,3;42,5;42,5
7,4;42,3;42,5;42,5;41,5
7,3;42,5;42,5;41,5;42,2
6,9;42,5;41,5;42,2;39,5
6,2;41,5;42,2;39,5;40,1
6,4;42,2;39,5;40,1;30,4
6,2;39,5;40,1;30,4;45
5,9;40,1;30,4;45;39,1
6,2;30,4;45;39,1;38,1
6,1;45;39,1;38,1;38,5
7,3;39,1;38,1;38,5;38,1
11;38,1;38,5;38,1;43,3
14;38,5;38,1;43,3;41,2
1,8;38,1;43,3;41,2;50,2
22;43,3;41,2;50,2;52,1
137;41,2;50,2;52,1;98,5
158;50,2;52,1;98,5;111
162;52,1;98,5;111;106,2
168;98,5;111;106,2;111,7
255;111;106,2;111,7;113
317;106,2;111,7;113;113
310;111,7;113;113;110,9
301;113;113;110,9;112,8
290;113;110,9;112,8;110,7
248;110,9;112,8;110,7;111,8
228;112,8;110,7;111,8;110,6
201;110,7;111,8;110,6;116,8
188;111,8;110,6;116,8;116,9
162;110,6;116,8;116,9;111
148;116,8;116,9;111;106,2
134;116,9;111;106,2;111,7
136;111;106,2;111,7;113
138;106,2;111,7;113;113
135;111,7;113;113;110,9
132;113;113;110,9;112,8
141;113;110,9;112,8;110,7
154;110,9;112,8;110,7;111,8
151;112,8;110,7;111,8;110,6
148;110,7;111,8;110,6;116,8
172;111,8;110,6;116,8;116,9
227;110,6;116,8;116,9;92,4
294;116,8;116,9;92,4;92,8
331;116,9;92,4;92,8;92,2
184;92,4;92,8;92,2;84,6
131;92,8;92,2;84,6;84,4
115;92,2;84,6;84,4;79,4
113;84,6;84,4;79,4;77,9
119;84,4;79,4;77,9;80,4
121;79,4;77,9;80,4;77,7
123;77,9;80,4;77,7;82,9
119;80,4;77,7;82,9;78,9
114;77,7;82,9;78,9;78,4
108;82,9;78,9;78,4;81,6
105;78,9;78,4;81,6;80,8
102;78,4;81,6;80,8;83,4
107;81,6;80,8;83,4;77,2
105;80,8;83,4;77,2;77,7
107;83,4;77,2;77,7;78,7
103;77,2;77,7;78,7;90,3
102;77,7;78,7;90,3;77,8
99;78,7;90,3;77,8;76,8
84;90,3;77,8;76,8;96,9
70;77,8;76,8;96,9;96,3
68;76,8;96,9;96,3;96
70;96,9;96,3;96;95,8
72;96,3;96;95,8;95,7
69;96;95,8;95,7;95,3
66;95,8;95,7;95,3;91,7
65;95,7;95,3;91,7;94,4
65;95,3;91,7;94,4;93,5
62;91,7;94,4;93,5;93,3
59;94,4;93,5;93,3;89,3
65;93,5;93,3;89,3;87,1
68;93,3;89,3;87,1;87,1
64;89,3;87,1;87,1;87,1
59;87,1;87,1;87,1;87,1
58;87,1;87,1;87,1;87,1
60;87,1;87,1;87,1;87,1
57;87,1;87,1;87,1;87,1
58;87,1;87,1;87,1;87,1
59;87,1;87,1;87,1;87,1
57;87,1;87,1;87,1;80
56;87,1;87,1;80;80
55;87,1;80;80;80
50;80;80;80;77,5
51;80;80;77,5;79,8
52;80;77,5;79,8;79
53;77,5;79,8;79;80,8
54;79,8;79;80,8;80,9
56;79;80,8;80,9;92,2
55;80,8;80,9;92,2;90,7
54;80,9;92,2;90,7;91
52;92,2;90,7;91;88,3
51;90,7;91;88,3;82,6
49;91;88,3;82,6;82,3
49;88,3;82,6;82,3;79
52;82,6;82,3;79;80,7
47;82,3;79;80,7;81,9
46;79;80,7;81,9;77,8
49;80,7;81,9;77,8;86,8
46;81,9;77,8;86,8;83,9
48;77,8;86,8;83,9;88,2
48;86,8;83,9;88,2;89,6
47;83,9;88,2;89,6;85,5
48;88,2;89,6;85,5;84,1
51;89,6;85,5;84,1;89,6
49;85,5;84,1;89,6;90,1
48;84,1;89,6;90,1;96
48;89,6;90,1;96;83,6
46;90,1;96;83,6;94,2
45;96;83,6;94,2;89,4
49;83,6;94,2;89,4;91
50;94,2;89,4;91;91,4
53;89,4;91;91,4;90,9
52;91;91,4;90,9;89,9
52;91,4;90,9;89,9;89,7
52;90,9;89,9;89,7;90,6
50;89,9;89,7;90,6;86
48;89,7;90,6;86;86
52;90,6;86;86;87,5
50;86;86;87,5;87,3
53;86;87,5;87,3;84,2
53;87,5;87,3;84,2;83
52;87,3;84,2;83;82,7
52;84,2;83;82,7;78
50;83;82,7;78;81
48;82,7;78;81;79,9
46;78;81;79,9;81,4
45;81;79,9;81,4;81,2
44;79,9;81,4;81,2;81
46;81,4;81,2;81;81,8
48;81,2;81;81,8;81,5
49;81;81,8;81,5;80,7
54;81,8;81,5;80,7;81,2
53;81,5;80,7;81,2;88,1
51;80,7;81,2;88,1;92,7
51;81,2;88,1;92,7;87,1
52;88,1;92,7;87,1;91,3
53;92,7;87,1;91,3;91
52;87,1;91,3;91;92
51;91,3;91;92;86,8
57;91;92;86,8;80,5
65;92;86,8;80,5;79,2
59;86,8;80,5;79,2;82,3
63;80,5;79,2;82,3;82,6
102;79,2;82,3;82,6;99,8
109;82,3;82,6;99,8;86,2
105;82,6;99,8;86,2;91,6
103;99,8;86,2;91,6;91,1
104;86,2;91,6;91,1;91
106;91,6;91,1;91;85,3
108;91,1;91;85,3;88,9
100;91;85,3;88,9;94,4
99;85,3;88,9;94,4;93,4
98;88,9;94,4;93,4;88,8
97;94,4;93,4;88,8;89
93;93,4;88,8;89;88,1
88;88,8;89;88,1;90,6
83;89;88,1;90,6;89,6
80;88,1;90,6;89,6;89,6
74;90,6;89,6;89,6;84,2
69;89,6;89,6;84,2;81
66;89,6;84,2;81;82,9
65;84,2;81;82,9;85,2
64;81;82,9;85,2;85,1
66;82,9;85,2;85,1;85,5
67;85,2;85,1;85,5;84,1
64;85,1;85,5;84,1;78,9
58;85,5;84,1;78,9;75
56;84,1;78,9;75;75,6
53;78,9;75;75,6;73,5
51;75;75,6;73,5;76,2
52;75,6;73,5;76,2;78,7
52;73,5;76,2;78,7;76,7
52;76,2;78,7;76,7;76,2
52;78,7;76,7;76,2;76,5
52;76,7;76,2;76,5;79,6
52;76,2;76,5;79,6;73,8
50;76,5;79,6;73,8;74,9
48;79,6;73,8;74,9;77,5
45;73,8;74,9;77,5;77,1
42;74,9;77,5;77,1;77,1
40;77,5;77,1;77,1;77,4
40;77,1;77,1;77,4;74,8
44;77,1;77,4;74,8;78,3
37;77,4;74,8;78,3;75,8
46;74,8;78,3;75,8;77,8
47;78,3;75,8;77,8;78,6
48;75,8;77,8;78,6;78,9
49;77,8;78,6;78,9;76,7
345;78,6;78,9;76,7;127,7
312;78,9;76,7;127,7;125,6
270;76,7;127,7;125,6;118,6
227;127,7;125,6;118,6;99,6
191;125,6;118,6;99,6;100,6
156;118,6;99,6;100,6;99,5
141;99,6;100,6;99,5;100,8
128;100,6;99,5;100,8;101,4
117;99,5;100,8;101,4;100,2
115;100,8;101,4;100,2;100,5
118;101,4;100,2;100,5;101,7
120;100,2;100,5;101,7;101,8
122;100,5;101,7;101,8;106,4
119;101,7;101,8;106,4;120,3
116;101,8;106,4;120,3;101,8
113;106,4;120,3;101,8;98,1
110;120,3;101,8;98,1;98,3
105;101,8;98,1;98,3;97,2
107;98,1;98,3;97,2;92,3
110;98,3;97,2;92,3;92,2
112;97,2;92,3;92,2;91,7
107;92,3;92,2;91,7;92,4
110;92,2;91,7;92,4;92,7
176;91,7;92,4;92,7;93,7
249;92,4;92,7;93,7;95
247;92,7;93,7;95;94,9
243;93,7;95;94,9;91,9
206;95;94,9;91,9;90,6
161;94,9;91,9;90,6;90,1
158;91,9;90,6;90,1;90,7
143;90,6;90,1;90,7;90,4
139;90,1;90,7;90,4;91,4
137;90,7;90,4;91,4;91,1
134;90,4;91,4;91,1;91,4
126;91,4;91,1;91,4;98,5
134;91,1;91,4;98,5;92
148;91,4;98,5;92;92,4
144;98,5;92;92,4;91
145;92;92,4;91;91
152;92,4;91;91;101,2
158;91;91;101,2;100,7
163;91;101,2;100,7;101,2
165;101,2;100,7;101,2;100,6
160;100,7;101,2;100,6;101,6
153;101,2;100,6;101,6;101,7
148;100,6;101,6;101,7;101,9
140;101,6;101,7;101,9;101,9
123;101,7;101,9;101,9;100,2
116;101,9;101,9;100,2;93,6
115;101,9;100,2;93,6;99
109;100,2;93,6;99;99
106;93,6;99;99;100
105;99;99;100;99,8
108;99;100;99,8;99,7
110;100;99,8;99,7;98,9
114;99,8;99,7;98,9;98,3
118;99,7;98,9;98,3;103,1
132;98,9;98,3;103,1;99
147;98,3;103,1;99;101,4
154;103,1;99;101,4;103,3
163;99;101,4;103,3;106,5
166;101,4;103,3;106,5;106,5
170;103,3;106,5;106,5;106,7
175;106,5;106,5;106,7;106,4
173;106,5;106,7;106,4;105
161;106,7;106,4;105;96,9
153;106,4;105;96,9;92,9
142;105;96,9;92,9;97
135;96,9;92,9;97;98,2
132;92,9;97;98,2;92,5
124;97;98,2;92,5;94,6
119;98,2;92,5;94,6;92,7
124;92,5;94,6;92,7;93
127;94,6;92,7;93;93,1
93;92,7;93;93,1;90,6
86;93;93,1;90,6;91,6
83;93,1;90,6;91,6;91,6
73;90,6;91,6;91,6;85,6
70;91,6;91,6;85,6;88,8
71;91,6;85,6;88,8;85,9
69;85,6;88,8;85,9;85,8
70;88,8;85,9;85,8;85,7
70;85,9;85,8;85,7;89,4
69;85,8;85,7;89,4;88,3
65;85,7;89,4;88,3;89,6
62;89,4;88,3;89,6;87
59;88,3;89,6;87;87,5
62;89,6;87;87,5;85,4
64;87;87,5;85,4;85,3
58;87,5;85,4;85,3;85
54;85,4;85,3;85;84,5
54;85,3;85;84,5;83,7
55;85;84,5;83,7;83,6
57;84,5;83,7;83,6;83,8
56;83,7;83,6;83,8;84
53;83,6;83,8;84;84,5
52;83,8;84;84,5;85
51;84;84,5;85;85,1
47;84,5;85;85,1;86,1
45;85;85,1;86,1;85,1
41;85,1;86,1;85,1;82,3
44;86,1;85,1;82,3;83,8
42;85,1;82,3;83,8;78,3
46;82,3;83,8;78,3;77,9
44;83,8;78,3;77,9;78,6
45;78,3;77,9;78,6;79,1
48;77,9;78,6;79,1;78,3
50;78,6;79,1;78,3;76,1
50;79,1;78,3;76,1;77,7
49;78,3;76,1;77,7;76,7
49;76,1;77,7;76,7;75,6
48;77,7;76,7;75,6;76,3
48;76,7;75,6;76,3;76,7
14;75,6;76,3;76,7;76,6
49;76,3;76,7;76,6;77,1
49;76,7;76,6;77,1;80,2
51;76,6;77,1;80,2;76,1
51;77,1;80,2;76,1;77
50;80,2;76,1;77;76,3
48;76,1;77;76,3;76,9
48;77;76,3;76,9;77,2
46;76,3;76,9;77,2;77,1
46;76,9;77,2;77,1;77,1
45;77,2;77,1;77,1;76,6
45;77,1;77,1;76,6;76,1
44;77,1;76,6;76,1;77,8
48;76,6;76,1;77,8;81,2
53;76,1;77,8;81,2;81,4
51;77,8;81,2;81,4;77,2
50;81,2;81,4;77,2;83,5
52;81,4;77,2;83,5;77,1
56;77,2;83,5;77,1;80,8
59;83,5;77,1;80,8;75,8
64;77,1;80,8;75,8;77,9
65;80,8;75,8;77,9;77,5
63;75,8;77,9;77,5;79,2
60;77,9;77,5;79,2;80,2
57;77,5;79,2;80,2;81,2
61;79,2;80,2;81,2;80,4
63;80,2;81,2;80,4;79,1
64;81,2;80,4;79,1;76,4
65;80,4;79,1;76,4;77
69;79,1;76,4;77;79,4
68;76,4;77;79,4;90
65;77;79,4;90;83,5
63;79,4;90;83,5;81,1
60;90;83,5;81,1;83,8
58;83,5;81,1;83,8;81,4
56;81,1;83,8;81,4;80,9
55;83,8;81,4;80,9;83,3
51;81,4;80,9;83,3;79,6
46;80,9;83,3;79,6;79,5
56;83,3;79,6;79,5;84,4
52;79,6;79,5;84,4;78,1
55;79,5;84,4;78,1;80,1
60;84,4;78,1;80,1;80,2
56;78,1;80,1;80,2;81,5
53;80,1;80,2;81,5;80,7
56;80,2;81,5;80,7;80,8
57;81,5;80,7;80,8;81,4
54;80,7;80,8;81,4;80,9
51;80,8;81,4;80,9;83,3
48;81,4;80,9;83,3;80,8
47;80,9;83,3;80,8;79,5
47;83,3;80,8;79,5;79,5
46;80,8;79,5;79,5;79,5
48;79,5;79,5;79,5;80,3
49;79,5;79,5;80,3;78,3
48;79,5;80,3;78,3;76,8
46;80,3;78,3;76,8;80,8
45;78,3;76,8;80,8;75,9
46;76,8;80,8;75,9;74,1
47;80,8;75,9;74,1;73,7
48;75,9;74,1;73,7;76,6
48;74,1;73,7;76,6;75,1
46;73,7;76,6;75,1;73,6
47;76,6;75,1;73,6;75,5
45;75,1;73,6;75,5;74,3
445;73,6;75,5;74,3;74,7
45;75,5;74,3;74,7;75,2
46;74,3;74,7;75,2;75,4
47;74,7;75,2;75,4;74,8
44;75,2;75,4;74,8;75,7
42;75,4;74,8;75,7;81,6
42;74,8;75,7;81,6;77,5
41;75,7;81,6;77,5;83,5
41;81,6;77,5;83,5;77,9
41;77,5;83,5;77,9;77,6
41;83,5;77,9;77,6;76,9
41;77,9;77,6;76,9;72
43;77,6;76,9;72;74,6
41;76,9;72;74,6;61,8
37;72;74,6;61,8;61,2
38;74,6;61,8;61,2;62,2
4;61,8;61,2;62,2;62,5
40;61,2;62,2;62,5;75,7
40;62,2;62,5;75,7;77,1
38;62,5;75,7;77,1;74,7
38;75,7;77,1;74,7;75,7
37;77,1;74,7;75,7;73,6
37;74,7;75,7;73,6;74,5
38;75,7;73,6;74,5;73,4
39;73,6;74,5;73,4;77,7
42;74,5;73,4;77,7;85
45;73,4;77,7;85;55,7
48;77,7;85;55,7;65,1
46;85;55,7;65,1;71,1
45;55,7;65,1;71,1;65,7
42;65,1;71,1;65,7;65
43;71,1;65,7;65;67,4
47;65,7;65;67,4;70,8
49;65;67,4;70,8;70,3
49;67,4;70,8;70,3;67,4
50;70,8;70,3;67,4;71
49;70,3;67,4;71;71,9
48;67,4;71;71,9;72,8
47;71;71,9;72,8;72,2
45;71,9;72,8;72,2;70,4
43;72,8;72,2;70,4;71,7
42;72,2;70,4;71,7;68,3
44;70,4;71,7;68,3;69,7
42;71,7;68,3;69,7;69,5
44;68,3;69,7;69,5;68,9
42;69,7;69,5;68,9;70,2
46;69,5;68,9;70,2;70
46;68,9;70,2;70;69,9
48;70,2;70;69,9;69,6
50;70;69,9;69,6;69,6
45;69,9;69,6;69,6;69,8
42;69,6;69,6;69,8;69
39;69,6;69,8;69;70,1
36;69,8;69;70,1;70,4
35;69;70,1;70,4;71,2
36;70,1;70,4;71,2;71,2
37;70,4;71,2;71,2;66,6
37;71,2;71,2;66,6;73,5
38;71,2;66,6;73,5;68,2
38;66,6;73,5;68,2;70,4
39;73,5;68,2;70,4;71
39;68,2;70,4;71;68,9
38;70,4;71;68,9;71,3
38;71;68,9;71,3;67,5
37;68,9;71,3;67,5;68,4
39;71,3;67,5;68,4;68,3
36;67,5;68,4;68,3;68,3
40;68,4;68,3;68,3;66,7
39;68,3;68,3;66,7;67,2
39;68,3;66,7;67,2;68,1
40;66,7;67,2;68,1;67,2
39;67,2;68,1;67,2;67,8
41;68,1;67,2;67,8;68,3
39;67,2;67,8;68,3;67,1
39;67,8;68,3;67,1;65,9
38;68,3;67,1;65,9;66,9
35;67,1;65,9;66,9;66,1
37;65,9;66,9;66,1;67
37;66,9;66,1;67;70,7
37;66,1;67;70,7;67,7
38;67;70,7;67,7;62
39;70,7;67,7;62;70,3
78;67,7;62;70,3;70,6
75;62;70,3;70,6;71,8
57;70,3;70,6;71,8;69,5
38;70,6;71,8;69,5;73,8
37;71,8;69,5;73,8;73,4
36;69,5;73,8;73,4;69,7
35;73,8;73,4;69,7;69,7
36;73,4;69,7;69,7;68,8
37;69,7;69,7;68,8;73,1
38;69,7;68,8;73,1;73,1
40;68,8;73,1;73,1;72,1
40;73,1;73,1;72,1;73,1
39;73,1;72,1;73,1;73,4
38;72,1;73,1;73,4;68,9
35;73,1;73,4;68,9;74,2
35;73,4;68,9;74,2;73
34;68,9;74,2;73;70,1
34;74,2;73;70,1;70,8
34;73;70,1;70,8;70,9
33;70,1;70,8;70,9;71
35;70,8;70,9;71;70,7
36;70,9;71;70,7;73,7
37;71;70,7;73,7;73,3
37;70,7;73,7;73,3;70,5
38;73,7;73,3;70,5;69,9
39;73,3;70,5;69,9;72,3
39;70,5;69,9;72,3;73,2
38;69,9;72,3;73,2;71,3
38;72,3;73,2;71,3;69,2
37;73,2;71,3;69,2;73,2
36;71,3;69,2;73,2;72,7
36;69,2;73,2;72,7;69,5
37;73,2;72,7;69,5;69,9
38;72,7;69,5;69,9;69,6
38;69,5;69,9;69,6;70,1
38;69,9;69,6;70,1;69,5
37;69,6;70,1;69,5;70,1
37;70,1;69,5;70,1;69,2
36;69,5;70,1;69,2;70,8
35;70,1;69,2;70,8;70,9
35;69,2;70,8;70,9;70,4
34;70,8;70,9;70,4;69,8
33;70,9;70,4;69,8;68,3
35;70,4;69,8;68,3;68,7
32;69,8;68,3;68,7;69,5
33;68,3;68,7;69,5;69,3
37;68,7;69,5;69,3;69,4
41;69,5;69,3;69,4;68,9
39;69,3;69,4;68,9;68,4
42;69,4;68,9;68,4;71
44;68,9;68,4;71;71
45;68,4;71;71;82,3
44;71;71;82,3;82,3
41;71;82,3;82,3;82,2
46;82,3;82,3;82,2;74,5
47;82,3;82,2;74,5;73,7
48;82,2;74,5;73,7;75,5
49;74,5;73,7;75,5;75,1
51;73,7;75,5;75,1;75,1
52;75,5;75,1;75,1;74
53;75,1;75,1;74;74,8
54;75,1;74;74,8;74,4
56;74;74,8;74,4;74
58;74,8;74,4;74;75,1
62;74,4;74;75,1;74,1
64;74;75,1;74,1;74,5
67;75,1;74,1;74,5;73,6
66;74,1;74,5;73,6;74,4
67;74,5;73,6;74,4;73,9
68;73,6;74,4;73,9;74,4
68;74,4;73,9;74,4;74,8
67;73,9;74,4;74,8;74,6
65;74,4;74,8;74,6;74,2
63;74,8;74,6;74,2;74
61;74,6;74,2;74;74,1
59;74,2;74;74,1;73,7
55;74;74,1;73,7;74,5
54;74,1;73,7;74,5;73,8
57;73,7;74,5;73,8;76,4
62;74,5;73,8;76,4;78,5
64;73,8;76,4;78,5;71,8
59;76,4;78,5;71,8;71,6
61;78,5;71,8;71,6;71,2
51;71,8;71,6;71,2;71,5
50;71,6;71,2;71,5;88,5
46;71,2;71,5;88,5;74,1
47;71,5;88,5;74,1;73,4
48;88,5;74,1;73,4;73,3
50;74,1;73,4;73,3;72,8
50;73,4;73,3;72,8;73,6
51;73,3;72,8;73,6;73,6
52;72,8;73,6;73,6;73,4
50;73,6;73,6;73,4;74,1
48;73,6;73,4;74,1;72,9
45;73,4;74,1;72,9;73
43;74,1;72,9;73;74,1
44;72,9;73;74,1;72,8
45;73;74,1;72,8;73,5
46;74,1;72,8;73,5;73,5
45;72,8;73,5;73,5;73,4
47;73,5;73,5;73,4;74,2
49;73,5;73,4;74,2;74,4
52;73,4;74,2;74,4;72,8
54;74,2;74,4;72,8;73,7
52;74,4;72,8;73,7;73,2
48;72,8;73,7;73,2;73,2
45;73,7;73,2;73,2;72,9
42;73,2;73,2;72,9;73,3
40;73,2;72,9;73,3;73,2
42;72,9;73,3;73,2;72,6
41;73,3;73,2;72,6;72,7
40;73,2;72,6;72,7;72,5
40;72,6;72,7;72,5;72,1
39;72,7;72,5;72,1;72,1
37;72,5;72,1;72,1;72,6
38;72,1;72,1;72,6;72,6
40;72,1;72,6;72,6;73,2
42;72,6;72,6;73,2;73,1
43;72,6;73,2;73,1;72,5
45;73,2;73,1;72,5;72,2
44;73,1;72,5;72,2;74,3
45;72,5;72,2;74,3;74
45;72,2;74,3;74;73,8
44;74,3;74;73,8;74,6
48;74;73,8;74,6;74,5
52;73,8;74,6;74,5;74,7
54;74,6;74,5;74,7;83,4
55;74,5;74,7;83,4;75,6
58;74,7;83,4;75,6;74,9
60;83,4;75,6;74,9;74,2
62;75,6;74,9;74,2;74,4
68;74,9;74,2;74,4;72,1
66;74,2;74,4;72,1;72,4
64;74,4;72,1;72,4;72,5
62;72,1;72,4;72,5;72,7
65;72,4;72,5;72,7;73,3
69;72,5;72,7;73,3;71,5
74;72,7;73,3;71,5;72,6
68;73,3;71,5;72,6;72,5
66;71,5;72,6;72,5;72,6
65;72,6;72,5;72,6;72,8
62;72,5;72,6;72,8;72,8
63;72,6;72,8;72,8;73,1
48;72,8;72,8;73,1;76,3
48;72,8;73,1;76,3;76,7
14;73,1;76,3;76,7;76,6
49;76,3;76,7;76,6;77,1
49;76,7;76,6;77,1;80,2
51;76,6;77,1;80,2;76,1
51;77,1;80,2;76,1;77
50;80,2;76,1;77;76,3
48;76,1;77;76,3;76,9
48;77;76,3;76,9;77,2
46;76,3;76,9;77,2;77,1
46;76,9;77,2;77,1;77,1
45;77,2;77,1;77,1;76,6
45;77,1;77,1;76,6;76,1
44;77,1;76,6;76,1;77,8
48;76,6;76,1;77,8;81,2
53;76,1;77,8;81,2;81,4
51;77,8;81,2;81,4;77,2
50;81,2;81,4;77,2;83,5
52;81,4;77,2;83,5;77,1
56;77,2;83,5;77,1;80,8
59;83,5;77,1;80,8;75,8
64;77,1;80,8;75,8;77,9
65;80,8;75,8;77,9;77,5
63;75,8;77,9;77,5;79,2
60;77,9;77,5;79,2;80,2
57;77,5;79,2;80,2;81,2
61;79,2;80,2;81,2;80,4
63;80,2;81,2;80,4;79,1
64;81,2;80,4;79,1;76,4
65;80,4;79,1;76,4;77
69;79,1;76,4;77;79,4
68;76,4;77;79,4;90
65;77;79,4;90;83,5
63;79,4;90;83,5;81,1
60;90;83,5;81,1;83,8
58;83,5;81,1;83,8;81,4
56;81,1;83,8;81,4;80,9
55;83,8;81,4;80,9;83,3
51;81,4;80,9;83,3;79,6
46;80,9;83,3;79,6;79,5
56;83,3;79,6;79,5;84,4
52;79,6;79,5;84,4;78,1
55;79,5;84,4;78,1;80,1
60;84,4;78,1;80,1;80,2
56;78,1;80,1;80,2;81,5
53;80,1;80,2;81,5;80,7
56;80,2;81,5;80,7;80,8
57;81,5;80,7;80,8;81,4
54;80,7;80,8;81,4;80,9
51;80,8;81,4;80,9;83,3
48;81,4;80,9;83,3;80,8
47;80,9;83,3;80,8;79,5
47;83,3;80,8;79,5;79,5
46;80,8;79,5;79,5;79,5
48;79,5;79,5;79,5;80,3
49;79,5;79,5;80,3;78,3
48;79,5;80,3;78,3;76,8
46;80,3;78,3;76,8;80,8
45;78,3;76,8;80,8;75,9
46;76,8;80,8;75,9;74,1
47;80,8;75,9;74,1;73,7
48;75,9;74,1;73,7;76,6
48;74,1;73,7;76,6;75,1
46;73,7;76,6;75,1;73,6
47;76,6;75,1;73,6;75,5
45;75,1;73,6;75,5;74,3
445;73,6;75,5;74,3;74,7
45;75,5;74,3;74,7;75,2
46;74,3;74,7;75,2;75,4
47;74,7;75,2;75,4;74,8
44;75,2;75,4;74,8;75,7
42;75,4;74,8;75,7;81,6
42;74,8;75,7;81,6;77,5
41;75,7;81,6;77,5;83,5
41;81,6;77,5;83,5;77,9
41;77,5;83,5;77,9;77,6
41;83,5;77,9;77,6;76,9
41;77,9;77,6;76,9;72
43;77,6;76,9;72;74,6
41;76,9;72;74,6;61,8
37;72;74,6;61,8;61,2
38;74,6;61,8;61,2;62,2
4;61,8;61,2;62,2;62,5
40;61,2;62,2;62,5;75,7
40;62,2;62,5;75,7;77,1
38;62,5;75,7;77,1;74,7
38;75,7;77,1;74,7;75,7
37;77,1;74,7;75,7;73,6
37;74,7;75,7;73,6;74,5
38;75,7;73,6;74,5;73,4
39;73,6;74,5;73,4;77,7
42;74,5;73,4;77,7;85
45;73,4;77,7;85;55,7
48;77,7;85;55,7;65,1
46;85;55,7;65,1;71,1
45;55,7;65,1;71,1;65,7
42;65,1;71,1;65,7;65
43;71,1;65,7;65;67,4
47;65,7;65;67,4;70,8
49;65;67,4;70,8;70,3
49;67,4;70,8;70,3;67,4
50;70,8;70,3;67,4;71
49;70,3;67,4;71;71,9
48;67,4;71;71,9;72,8
47;71;71,9;72,8;72,2
45;71,9;72,8;72,2;70,4
43;72,8;72,2;70,4;71,7
42;72,2;70,4;71,7;68,3
44;70,4;71,7;68,3;69,7
42;71,7;68,3;69,7;69,5
44;68,3;69,7;69,5;68,9
42;69,7;69,5;68,9;70,2
46;69,5;68,9;70,2;70
46;68,9;70,2;70;69,9
48;70,2;70;69,9;69,6
50;70;69,9;69,6;69,6
45;69,9;69,6;69,6;69,8
42;69,6;69,6;69,8;69
39;69,6;69,8;69;70,1
36;69,8;69;70,1;70,4
35;69;70,1;70,4;71,2
36;70,1;70,4;71,2;71,2
37;70,4;71,2;71,2;66,6
37;71,2;71,2;66,6;73,5
38;71,2;66,6;73,5;68,2
38;66,6;73,5;68,2;70,4
39;73,5;68,2;70,4;71
45;68,2;70,4;71;69,8
42;70,4;71;69,8;69
39;71;69,8;69;70,1
36;69,8;69;70,1;70,4
35;69;70,1;70,4;71,2
36;70,1;70,4;71,2;71,2
37;70,4;71,2;71,2;66,6
37;71,2;71,2;66,6;73,5
38;71,2;66,6;73,5;68,2
38;66,6;73,5;68,2;70,4
39;73,5;68,2;70,4;71
41;68,2;70,4;71;68,3
39;70,4;71;68,3;67,1
39;71;68,3;67,1;65,9
38;68,3;67,1;65,9;66,9
35;67,1;65,9;66,9;66,1
37;65,9;66,9;66,1;67
37;66,9;66,1;67;70,7
37;66,1;67;70,7;67,7
38;67;70,7;67,7;62
39;70,7;67,7;62;70,3
78;67,7;62;70,3;70,6
75;62;70,3;70,6;71,8
57;70,3;70,6;71,8;69,5
38;70,6;71,8;69,5;73,8
37;71,8;69,5;73,8;73,4
36;69,5;73,8;73,4;69,7
35;73,8;73,4;69,7;69,7
36;73,4;69,7;69,7;68,8
37;69,7;69,7;68,8;73,1
38;69,7;68,8;73,1;73,1
40;68,8;73,1;73,1;72,1
40;73,1;73,1;72,1;73,1
39;73,1;72,1;73,1;73,4
38;72,1;73,1;73,4;68,9
35;73,1;73,4;68,9;74,2
35;73,4;68,9;74,2;73
34;68,9;74,2;73;70,1
34;74,2;73;70,1;70,8
34;73;70,1;70,8;70,9
33;70,1;70,8;70,9;71
35;70,8;70,9;71;70,7
36;70,9;71;70,7;73,7
37;71;70,7;73,7;73,3
37;70,7;73,7;73,3;70,5
38;73,7;73,3;70,5;69,9
39;73,3;70,5;69,9;72,3
39;70,5;69,9;72,3;73,2
38;69,9;72,3;73,2;71,3
38;72,3;73,2;71,3;69,2
37;73,2;71,3;69,2;73,2
36;71,3;69,2;73,2;72,7
36;69,2;73,2;72,7;69,5
37;73,2;72,7;69,5;69,9
38;72,7;69,5;69,9;69,6
38;69,5;69,9;69,6;70,1
38;69,9;69,6;70,1;69,5
37;69,6;70,1;69,5;70,1
37;70,1;69,5;70,1;69,2
36;69,5;70,1;69,2;70,8
35;70,1;69,2;70,8;70,9
35;69,2;70,8;70,9;70,4
34;70,8;70,9;70,4;69,8
33;70,9;70,4;69,8;68,3
35;70,4;69,8;68,3;68,7
32;69,8;68,3;68,7;69,5
33;68,3;68,7;69,5;69,3
37;68,7;69,5;69,3;69,4
41;69,5;69,3;69,4;68,9
39;69,3;69,4;68,9;68,4
42;69,4;68,9;68,4;71
44;68,9;68,4;71;71
45;68,4;71;71;82,3
44;71;71;82,3;82,3
41;71;82,3;82,3;82,2
46;82,3;82,3;82,2;84,9
43;82,3;82,2;84,9;84,6
47;82,2;84,9;84,6;85,1
46;84,9;84,6;85,1;86
45;84,6;85,1;86;85,7
44;85,1;86;85,7;85,4
46;86;85,7;85,4;85,7
47;85,7;85,4;85,7;85,2
58;85,4;85,7;85,2;85,2
69;85,7;85,2;85,2;86,2
105;85,2;85,2;86,2;86,1
137;85,2;86,2;86,1;99
145;86,2;86,1;99;115
157;86,1;99;115;90,3
180;99;115;90,3;96,8
182;115;90,3;96,8;118,6
180;90,3;96,8;118,6;77,3
177;96,8;118,6;77,3;95
142;118,6;77,3;95;91,8
94;77,3;95;91,8;89,4
70;95;91,8;89,4;85,6
68;91,8;89,4;85,6;85,3
65;89,4;85,6;85,3;86
64;85,6;85,3;86;85,3
63;85,3;86;85,3;85,2
67;86;85,3;85,2;99,9
60;85,3;85,2;99,9;94
63;85,2;99,9;94;87,1
162;99,9;94;87,1;93,3
182;94;87,1;93,3;92,8
228;87,1;93,3;92,8;93
273;93,3;92,8;93;104
266;92,8;93;104;107,2
221;93;104;107,2;107,8
175;104;107,2;107,8;109,6
169;107,2;107,8;109,6;109,4
172;107,8;109,6;109,4;95,1
156;109,6;109,4;95,1;94,7
153;109,4;95,1;94,7;90,1
163;95,1;94,7;90,1;84,1
167;94,7;90,1;84,1;86,2
165;90,1;84,1;86,2;86,4
162;84,1;86,2;86,4;87,6
161;86,2;86,4;87,6;87,3
158;86,4;87,6;87,3;87,2
156;87,6;87,3;87,2;94,3
155;87,3;87,2;94,3;91,8
216;87,2;94,3;91,8;90,2
272;94,3;91,8;90,2;128,4
317;91,8;90,2;128,4;111,7
301;90,2;128,4;111,7;111,3
327;128,4;111,7;111,3;121,6
302;111,7;111,3;121,6;124
309;111,3;121,6;124;123,9
301;121,6;124;123,9;126,7
259;124;123,9;126,7;104,5
109;123,9;126,7;104,5;88,8
88;126,7;104,5;88,8;88,4
82;104,5;88,8;88,4;87,6
156;88,8;88,4;87,6;81,4
275;88,4;87,6;81,4;93,1
237;87,6;81,4;93,1;90,1
236;81,4;93,1;90,1;91,5
234;93,1;90,1;91,5;90,8
235;90,1;91,5;90,8;92,4
232;91,5;90,8;92,4;90,7
247;90,8;92,4;90,7;97,8
289;92,4;90,7;97,8;98,1
302;90,7;97,8;98,1;96,8
288;97,8;98,1;96,8;96,3
274;98,1;96,8;96,3;95,7
258;96,8;96,3;95,7;96,3
245;96,3;95,7;96,3;96,7
243;95,7;96,3;96,7;97,3
241;96,3;96,7;97,3;96,4
235;96,7;97,3;96,4;90,3
227;97,3;96,4;90,3;99,1
229;96,4;90,3;99,1;101,5
230;90,3;99,1;101,5;100,3
245;99,1;101,5;100,3;98
242;101,5;100,3;98;97,9
192;100,3;98;97,9;96,3
198;98;97,9;96,3;69,2
207;97,9;96,3;69,2;68,7
215;96,3;69,2;68,7;68,8
221;69,2;68,7;68,8;73,7
245;68,7;68,8;73,7;67,4
175;68,8;73,7;67,4;88,8
176;73,7;67,4;88,8;89
165;67,4;88,8;89;78,2
164;88,8;89;78,2;77,2
163;89;78,2;77,2;77,1
165;78,2;77,2;77,1;77,9
161;77,2;77,1;77,9;76,9
155;77,1;77,9;76,9;77,6
147;77,9;76,9;77,6;77
145;76,9;77,6;77;77,1
143;77,6;77;77,1;77,6
143;77;77,1;77,6;81,1
145;77,1;77,6;81,1;76,4
145;77,6;81,1;76,4;76,9
158;81,1;76,4;76,9;65,2
149;76,4;76,9;65,2;66,3
157;76,9;65,2;66,3;66,6
150;65,2;66,3;66,6;68
139;66,3;66,6;68;68
127;66,6;68;68;72
125;68;68;72;72,5
124;68;72;72,5;84
121;72;72,5;84;83,9
121;72,5;84;83,9;82,9
119;84;83,9;82,9;83,2
118;83,9;82,9;83,2;81,4
122;82,9;83,2;81,4;80
131;83,2;81,4;80;81
115;81,4;80;81;73,2
117;80;81;73,2;73,2
119;81;73,2;73,2;73
122;73,2;73,2;73;73,3
120;73,2;73;73,3;73,6
122;73;73,3;73,6;73,6
124;73,3;73,6;73,6;73,8
125;73,6;73,6;73,8;72,9
142;73,6;73,8;72,9;78
142;73,8;72,9;78;77,2
143;72,9;78;77,2;77,7
145;78;77,2;77,7;77,2
147;77,2;77,7;77,2;78
150;77,7;77,2;78;78,3
148;77,2;78;78,3;77,3
147;78;78,3;77,3;78
150;78,3;77,3;78;78
154;77,3;78;78;77,2
157;78;78;77,2;77,6
160;78;77,2;77,6;78,1
161;77,2;77,6;78,1;77,8
158;77,6;78,1;77,8;78,4
155;78,1;77,8;78,4;77,4
154;77,8;78,4;77,4;77,7
150;78,4;77,4;77,7;78,5
152;77,4;77,7;78,5;78,1
143;77,7;78,5;78,1;78,1
148;78,5;78,1;78,1;78,5
143;78,1;78,1;78,5;78,3
140;78,1;78,5;78,3;78,3
138;78,5;78,3;78,3;78,3
140;78,3;78,3;78,3;77,8
150;78,3;78,3;77,8;77,1
141;78,3;77,8;77,1;77,9
139;77,8;77,1;77,9;78,8
135;77,1;77,9;78,8;79,7
132;77,9;78,8;79,7;78,3
131;78,8;79,7;78,3;78,8
126;79,7;78,3;78,8;81,4
122;78,3;78,8;81,4;75,9
115;78,8;81,4;75,9;76,8
116;81,4;75,9;76,8;77
117;75,9;76,8;77;79,2
118;76,8;77;79,2;78,6
120;77;79,2;78,6;78
122;79,2;78,6;78;78,5
125;78,6;78;78,5;79
127;78;78,5;79;78
130;78,5;79;78;75,9
134;79;78;75,9;75,8
138;78;75,9;75,8;75,5
142;75,9;75,8;75,5;75,8
146;75,8;75,5;75,8;76
137;75,5;75,8;76;75
132;75,8;76;75;75,6
131;76;75;75,6;75,9
130;75;75,6;75,9;75,9
132;75,6;75,9;75,9;75,5
134;75,9;75,9;75,5;76,3
131;75,9;75,5;76,3;75,6
130;75,5;76,3;75,6;75,6
129;76,3;75,6;75,6;75,7
127;75,6;75,6;75,7;76
124;75,6;75,7;76;75,6
115;75,7;76;75,6;76,9
115;76;75,6;76,9;75,6
120;75,6;76,9;75,6;75,7
122;76,9;75,6;75,7;75,8
117;75,6;75,7;75,8;75,4
116;75,7;75,8;75,4;74,9
116;75,8;75,4;74,9;75,2
115;75,4;74,9;75,2;75,6
115;74,9;75,2;75,6;75
115;75,2;75,6;75;76,9
114;75,6;75;76,9;75,3
113;75;76,9;75,3;75,2
109;76,9;75,3;75,2;75,7
83;75,3;75,2;75,7;73,5
80;75,2;75,7;73,5;74,1
94;75,7;73,5;74,1;72,7
90;73,5;74,1;72,7;72,9
95;74,1;72,7;72,9;73,5
94;72,7;72,9;73,5;72,8
93;72,9;73,5;72,8;72,8
92;73,5;72,8;72,8;72,9
88;72,8;72,8;72,9;72,6
86;72,8;72,9;72,6;73,4
84;72,9;72,6;73,4;72,6
85;72,6;73,4;72,6;73,9
82;73,4;72,6;73,9;74,6
88;72,6;73,9;74,6;73,9
97;73,9;74,6;73,9;74,1
92;74,6;73,9;74,1;73,9
85;73,9;74,1;73,9;74,1
76;74,1;73,9;74,1;74,1
71;73,9;74,1;74,1;75
70;74,1;74,1;75;72,6
68;74,1;75;72,6;72,7
74;75;72,6;72,7;74
75;72,6;72,7;74;74,5
76;72,7;74;74,5;73,5
75;74;74,5;73,5;73,6
73;74,5;73,5;73,6;73,1
72;73,5;73,6;73,1;74,4
71;73,6;73,1;74,4;74,8
89;73,1;74,4;74,8;73,9
88;74,4;74,8;73,9;75,1
70;74,8;73,9;75,1;73,9
64;73,9;75,1;73,9;74,8
63;75,1;73,9;74,8;73,7
62;73,9;74,8;73,7;73,6
65;74,8;73,7;73,6;74,3
72;73,7;73,6;74,3;74,4
87;73,6;74,3;74,4;70,3
83;74,3;74,4;70,3;72,8
78;74,4;70,3;72,8;70,5
73;70,3;72,8;70,5;74
71;72,8;70,5;74;74,1
72;70,5;74;74,1;74,5
75;74;74,1;74,5;74,3
73;74,1;74,5;74,3;74,4
73;74,5;74,3;74,4;74,2
74;74,3;74,4;74,2;73,6
73;74,4;74,2;73,6;74,3
73;74,2;73,6;74,3;73,9
73;73,6;74,3;73,9;74,6
72;74,3;73,9;74,6;73,6
72;73,9;74,6;73,6;73,9
73;74,6;73,6;73,9;74,3
72;73,6;73,9;74,3;73,8
72;73,9;74,3;73,8;74,3
77;74,3;73,8;74,3;74,4
76;73,8;74,3;74,4;74,5
63;74,3;74,4;74,5;74,2
79;74,4;74,5;74,2;92,7
78;74,5;74,2;92,7;74,5
75;74,2;92,7;74,5;74,6
72;92,7;74,5;74,6;75,9
71;74,5;74,6;75,9;74,9
70;74,6;75,9;74,9;74,7
65;75,9;74,9;74,7;70,5
66;74,9;74,7;70,5;70,4
66;74,7;70,5;70,4;70,2
65;70,5;70,4;70,2;70,5
65;70,4;70,2;70,5;70,7
68;70,2;70,5;70,7;70,4
70;70,5;70,7;70,4;70,1
70;70,7;70,4;70,1;70,3
69;70,4;70,1;70,3;70,3
71;70,1;70,3;70,3;70
64;70,3;70,3;70;69,1
66;70,3;70;69,1;69,8
62;70;69,1;69,8;70,4
64;69,1;69,8;70,4;70
66;69,8;70,4;70;70
68;70,4;70;70;70,1
72;70;70;70,1;70,4
76;70;70,1;70,4;70,4
71;70,1;70,4;70,4;70,5
70;70,4;70,4;70,5;70,5
67;70,4;70,5;70,5;78,2
72;70,5;70,5;78,2;72,1
72;70,5;78,2;72,1;72,3
53;78,2;72,1;72,3;68,7
52;72,1;72,3;68,7;68,6
50;72,3;68,7;68,6;69
49;68,7;68,6;69;67,6
49;68,6;69;67,6;68,6
51;69;67,6;68,6;69,8
35;67,6;68,6;69,8;66,6
34;68,6;69,8;66,6;67
35;69,8;66,6;67;67,3
37;66,6;67;67,3;73,2
35;67;67,3;73,2;67
34;67,3;73,2;67;67,5
33;73,2;67;67,5;67,2
33;67;67,5;67,2;67,6
34;67,5;67,2;67,6;67,3
35;67,2;67,6;67,3;67,6
36;67,6;67,3;67,6;67,4
35;67,3;67,6;67,4;67,6
36;67,6;67,4;67,6;67,1
37;67,4;67,6;67,1;63
38;67,6;67,1;63;62,5
37;67,1;63;62,5;65
36;63;62,5;65;67
36;62,5;65;67;67,1
36;65;67;67,1;67,3
38;67;67,1;67,3;67,5
38;67,1;67,3;67,5;67,6
39;67,3;67,5;67,6;67,2
39;67,5;67,6;67,2;66,6
32;67,6;67,2;66,6;59,4
32;67,2;66,6;59,4;60,2
32;66,6;59,4;60,2;59,6
33;59,4;60,2;59,6;60,2
33;60,2;59,6;60,2;59,7
31;59,6;60,2;59,7;59,4
30;60,2;59,7;59,4;59,8
30;59,7;59,4;59,8;59,7
36;59,4;59,8;59,7;59,2
35;59,8;59,7;59,2;59,8
36;59,7;59,2;59,8;59,7
35;59,2;59,8;59,7;59,4
35;59,8;59,7;59,4;60
36;59,7;59,4;60;59,6
36;59,4;60;59,6;60
35;60;59,6;60;60
34;59,6;60;60;59,9
32;60;60;59,9;56,2
31;60;59,9;56,2;56,7
33;59,9;56,2;56,7;56,2
35;56,2;56,7;56,2;56,1
36;56,7;56,2;56,1;55,8
37;56,2;56,1;55,8;60,9
36;56,1;55,8;60,9;61,7
34;55,8;60,9;61,7;62,3
34;60,9;61,7;62,3;61,6
34;61,7;62,3;61,6;62,7
33;62,3;61,6;62,7;61,5
34;61,6;62,7;61,5;62,1
35;62,7;61,5;62,1;61,6
34;61,5;62,1;61,6;62,5
34;62,1;61,6;62,5;61,4
33;61,6;62,5;61,4;61,8
33;62,5;61,4;61,8;62,3
33;61,4;61,8;62,3;62
33;61,8;62,3;62;62
32;62,3;62;62;61,9
32;62;62;61,9;62
31;62;61,9;62;61,7
32;61,9;62;61,7;61,7
32;62;61,7;61,7;61,7
30;61,7;61,7;61,7;61,7
31;61,7;61,7;61,7;61,6
31;61,7;61,7;61,6;61,7
30;61,7;61,6;61,7;62,1
30;61,6;61,7;62,1;61,6
29;61,7;62,1;61,6;61,7
28;62,1;61,6;61,7;61,9
28;61,6;61,7;61,9;62,1
28;61,7;61,9;62,1;61,8
30;61,9;62,1;61,8;62,1
30;62,1;61,8;62,1;62,2
29;61,8;62,1;62,2;61,9
29;62,1;62,2;61,9;61,8
29;62,2;61,9;61,8;60,5
29;61,9;61,8;60,5;62
30;61,8;60,5;62;60
27;60,5;62;60;62,2
2,6;62;60;62,2;62,1
2,8;60;62,2;62,1;62,1
2,9;62,2;62,1;62,1;62,1
3,1;62,1;62,1;62,1;60,7
36;62,1;62,1;60,7;62,2
34;62,1;60,7;62,2;61,9
34;60,7;62,2;61,9;61,8
31;62,2;61,9;61,8;61,6
30;61,9;61,8;61,6;62,3
28;61,8;61,6;62,3;65,3
28;61,6;62,3;65,3;65,1
27;62,3;65,3;65,1;65,5
27;65,3;65,1;65,5;65,2
28;65,1;65,5;65,2;68,3
28;65,5;65,2;68,3;68,2
26;65,2;68,3;68,2;68,1
26;68,3;68,2;68,1;67,5
26;68,2;68,1;67,5;67,8
26;68,1;67,5;67,8;67,7
25;67,5;67,8;67,7;65,4
27;67,8;67,7;65,4;65,5
25;67,7;65,4;65,5;67
25;65,4;65,5;67;68,6
25;65,5;67;68,6;67,8
26;67;68,6;67,8;67,8
28;68,6;67,8;67,8;65,3
27;67,8;67,8;65,3;67,6
26;67,8;65,3;67,6;65,5
25;65,3;67,6;65,5;67,9
25;67,6;65,5;67,9;67,6
25;65,5;67,9;67,6;67,8
24;67,9;67,6;67,8;67,7
23;67,6;67,8;67,7;67,5
24;67,8;67,7;67,5;67,4
25;67,7;67,5;67,4;68
24;67,5;67,4;68;64,6
24;67,4;68;64,6;65,1
24;68;64,6;65,1;64,4
24;64,6;65,1;64,4;65,2
25;65,1;64,4;65,2;65,2
25;64,4;65,2;65,2;65,1
21;65,2;65,2;65,1;65,1
22;65,2;65,1;65,1;64,8
22;65,1;65,1;64,8;65,2
22;65,1;64,8;65,2;64,6
23;64,8;65,2;64,6;64,4
25;65,2;64,6;64,4;64,8
25;64,6;64,4;64,8;65,6
24;64,4;64,8;65,6;65,1
24;64,8;65,6;65,1;64,9
23;65,6;65,1;64,9;64,9
22;65,1;64,9;64,9;65,2
23;64,9;64,9;65,2;65,7
24;64,9;65,2;65,7;65,3
22;65,2;65,7;65,3;64,8
22;65,7;65,3;64,8;64,5
23;65,3;64,8;64,5;64,5
23;64,8;64,5;64,5;64,3
24;64,5;64,5;64,3;64,2
24;64,5;64,3;64,2;62,9
23;64,3;64,2;62,9;64,8
22;64,2;62,9;64,8;64,4
22;62,9;64,8;64,4;64,6
22;64,8;64,4;64,6;63,3
22;64,4;64,6;63,3;63,4
22;64,6;63,3;63,4;65,2
23;63,3;63,4;65,2;65,2
22;63,4;65,2;65,2;64,9
21;65,2;65,2;64,9;64,9
21;65,2;64,9;64,9;65
22;64,9;64,9;65;65
22;64,9;65;65;64,5
22;65;65;64,5;65,6
22;65;64,5;65,6;65,5
22;64,5;65,6;65,5;65,3
21;65,6;65,5;65,3;64,8
21;65,5;65,3;64,8;64,9
21;65,3;64,8;64,9;65,1
21;64,8;64,9;65,1;64,9
21;64,9;65,1;64,9;64,4
21;65,1;64,9;64,4;64,6
22;64,9;64,4;64,6;65
23;64,4;64,6;65;64,8
23;64,6;65;64,8;64,7
23;65;64,8;64,7;65
22;64,8;64,7;65;65,3
22;64,7;65;65,3;65,4
22;65;65,3;65,4;64,7
22;65,3;65,4;64,7;65,2
21;65,4;64,7;65,2;64,4
20;64,7;65,2;64,4;64,5
21;65,2;64,4;64,5;67,7
21;64,4;64,5;67,7;67,2
23;64,5;67,7;67,2;65,4
22;67,7;67,2;65,4;69
23;67,2;65,4;69;63,2
25;65,4;69;63,2;61,3
24;69;63,2;61,3;65,3
24;63,2;61,3;65,3;65,3
22;61,3;65,3;65,3;65
21;65,3;65,3;65;63,9
22;65,3;65;63,9;63,7
22;65;63,9;63,7;64,6
21;63,9;63,7;64,6;63,3
21;63,7;64,6;63,3;65,1
22;64,6;63,3;65,1;62,2
22;63,3;65,1;62,2;61,9
21;65,1;62,2;61,9;64
21;62,2;61,9;64;64
21;61,9;64;64;62,8
21;64;64;62,8;65,4
20;64;62,8;65,4;64,7
20;62,8;65,4;64,7;65,2
21;65,4;64,7;65,2;64,4
21;64,7;65,2;64,4;64,5
22;65,2;64,4;64,5;67,7
21;64,4;64,5;67,7;65,2
22;64,5;67,7;65,2;62,9
21;67,7;65,2;62,9;64,5
21;65,2;62,9;64,5;65,9
22;62,9;64,5;65,9;66,4
22;64,5;65,9;66,4;66,8
22;65,9;66,4;66,8;62
23;66,4;66,8;62;63,8
23;66,8;62;63,8;64,3
23;62;63,8;64,3;64,5
23;63,8;64,3;64,5;65,3
24;64,3;64,5;65,3;64,2
24;64,5;65,3;64,2;64
24;65,3;64,2;64;64,1
21;64,2;64;64,1;64
21;64;64,1;64;63,1
20;64,1;64;63,1;63,9
20;64;63,1;63,9;62
19;63,1;63,9;62;63,6
19;63,9;62;63,6;63,6
19;62;63,6;63,6;64,5
18;63,6;63,6;64,5;64,4
18;63,6;64,5;64,4;64,4
18;64,5;64,4;64,4;64,3
18;64,4;64,4;64,3;64,4
18;64,4;64,3;64,4;62
20;64,3;64,4;62;66,5
19;64,4;62;66,5;66,3
20;62;66,5;66,3;66,3
20;66,5;66,3;66,3;66,4
21;66,3;66,3;66,4;66,9
22;66,3;66,4;66,9;66,6
23;66,4;66,9;66,6;66,2
23;66,9;66,6;66,2;64,9
22;66,6;66,2;64,9;64,3
22;66,2;64,9;64,3;65,4
21;64,9;64,3;65,4;64,4
21;64,3;65,4;64,4;64,5
20;65,4;64,4;64,5;63,8
20;64,4;64,5;63,8;64,1
21;64,5;63,8;64,1;64
21;63,8;64,1;64;64,6
22;64,1;64;64,6;64,3
22;64;64,6;64,3;64,5
23;64,6;64,3;64,5;64,1
24;64,3;64,5;64,1;64
22;64,5;64,1;64;63,5
22;64,1;64;63,5;64
20;64;63,5;64;64,4
20;63,5;64;64,4;62
19;64;64,4;62;66
19;64,4;62;66;66,6
20;62;66;66,6;67,4
20;66;66,6;67,4;66,6
20;66,6;67,4;66,6;66,5
21;67,4;66,6;66,5;66,6
21;66,6;66,5;66,6;66
21;66,5;66,6;66;66
22;66,6;66;66;66,7
22;66;66;66,7;66,4
21;66;66,7;66,4;65,6
21;66,7;66,4;65,6;66,9
20;66,4;65,6;66,9;63
19;65,6;66,9;63;63,7
19;66,9;63;63,7;64,8
19;63;63,7;64,8;64
19;63,7;64,8;64;63,8
20;64,8;64;63,8;63,9
20;64;63,8;63,9;61,5
21;63,8;63,9;61,5;61,8
21;63,9;61,5;61,8;63,5
19;61,5;61,8;63,5;63
20;61,8;63,5;63;63,1
20;63,5;63;63,1;62,9
20;63;63,1;62,9;63
18;63,1;62,9;63;63,4
20;62,9;63;63,4;63,5
20;63;63,4;63,5;64,6
20;63,4;63,5;64,6;61,5
20;63,5;64,6;61,5;63,3
20;64,6;61,5;63,3;63,3
21;61,5;63,3;63,3;63,4
20;63,3;63,3;63,4;64,3
20;63,3;63,4;64,3;64,3
19;63,4;64,3;64,3;64,1
19;64,3;64,3;64,1;62,2
20;64,3;64,1;62,2;64,3
20;64,1;62,2;64,3;64,7
20;62,2;64,3;64,7;65,1
20;64,3;64,7;65,1;65,5
19;64,7;65,1;65,5;65,4
19;65,1;65,5;65,4;64,8
19;65,5;65,4;64,8;65
19;65,4;64,8;65;65
20;64,8;65;65;64,5
20;65;65;64,5;92,2
19;65;64,5;92,2;65,6
19;64,5;92,2;65,6;68
19;92,2;65,6;68;67,9
19;65,6;68;67,9;66,9
19;68;67,9;66,9;66,9
18;67,9;66,9;66,9;66,9
18;66,9;66,9;66,9;67,9
18;66,9;66,9;67,9;67,1
17;66,9;67,9;67,1;64,4
18;67,9;67,1;64,4;64,8
17;67,1;64,4;64,8;68,8
19;64,4;64,8;68,8;73,4
19;64,8;68,8;73,4;76,9
20;68,8;73,4;76,9;68
21;73,4;76,9;68;56
18;76,9;68;56;67,7
18;68;56;67,7;68,1
19;56;67,7;68,1;68
19;67,7;68,1;68;68,3
18;68,1;68;68,3;67,7
18;68;68,3;67,7;67,8
18;68,3;67,7;67,8;67,2
18;67,7;67,8;67,2;67,6
18;67,8;67,2;67,6;67,6
18;67,2;67,6;67,6;67,5
16;67,6;67,6;67,5;68,1
17;67,6;67,5;68,1;68,2
17;67,5;68,1;68,2;68,3
17;68,1;68,2;68,3;68,4
18;68,2;68,3;68,4;67,4
18;68,3;68,4;67,4;67,5
18;68,4;67,4;67,5;68,1
18;67,4;67,5;68,1;67,5
18;67,5;68,1;67,5;67,5
18;68,1;67,5;67,5;67,6
18;67,5;67,5;67,6;67,6
18;67,5;67,6;67,6;67,5
18;67,6;67,6;67,5;68,1
18;67,6;67,5;68,1;68,2
19;67,5;68,1;68,2;68,3
20;68,1;68,2;68,3;68,4
26;68,2;68,3;68,4;67,4
26;68,3;68,4;67,4;67,5
25;68,4;67,4;67,5;68,1
24;67,4;67,5;68,1;67,5
32;67,5;68,1;67,5;67,5
36;68,1;67,5;67,5;71,6
40;67,5;67,5;71,6;71,5
42;67,5;71,6;71,5;72,5
38;71,6;71,5;72,5;75,6
35;71,5;72,5;75,6;77
33;72,5;75,6;77;77,8
30;75,6;77;77,8;71,6
29;77;77,8;71,6;71
28;77,8;71,6;71;70,7
28;71,6;71;70,7;70,1
27;71;70,7;70,1;68,6
26;70,7;70,1;68,6;66,2
25;70,1;68,6;66,2;67,8
26;68,6;66,2;67,8;68,8
24;66,2;67,8;68,8;70
22;67,8;68,8;70;66,8
23;68,8;70;66,8;69
22;70;66,8;69;69,2
22;66,8;69;69,2;69,2
23;69;69,2;69,2;69,4
22;69,2;69,2;69,4;69,8
21;69,2;69,4;69,8;68,9
20;69,4;69,8;68,9;71,5
18;69,8;68,9;71,5;70,9
18;68,9;71,5;70,9;71,7
18;71,5;70,9;71,7;71,4
18;70,9;71,7;71,4;71,6
18;71,7;71,4;71,6;71,8
22;71,4;71,6;71,8;71,6
24;71,6;71,8;71,6;71,6
19;71,8;71,6;71,6;72
18;71,6;71,6;72;72,1
18;71,6;72;72,1;70,5
17;72;72,1;70,5;71,8
17;72,1;70,5;71,8;71,2
16;70,5;71,8;71,2;72,5
16;71,8;71,2;72,5;71,7
16;71,2;72,5;71,7;72
16;72,5;71,7;72;71,9
17;71,7;72;71,9;71,6
18;72;71,9;71,6;72,1
17;71,9;71,6;72,1;72,1
17;71,6;72,1;72,1;72,2
18;72,1;72,1;72,2;71,5
18;72,1;72,2;71,5;68,2
18;72,2;71,5;68,2;68,3
17;71,5;68,2;68,3;68,4
17;68,2;68,3;68,4;67,8
16;68,3;68,4;67,8;68,7
16;68,4;67,8;68,7;66
16;67,8;68,7;66;64,7
18;68,7;66;64,7;65,6
20;66;64,7;65,6;66,5
18;64,7;65,6;66,5;93,2
17;65,6;66,5;93,2;89,1
16;66,5;93,2;89,1;63,8
16;93,2;89,1;63,8;65,8
16;89,1;63,8;65,8;66,1
16;63,8;65,8;66,1;65,8
16;65,8;66,1;65,8;63,9
16;66,1;65,8;63,9;65,8
17;65,8;63,9;65,8;68,2
16;63,9;65,8;68,2;68,4
16;65,8;68,2;68,4;68,3
15;68,2;68,4;68,3;69,1
15;68,4;68,3;69,1;65,1
15;68,3;69,1;65,1;65,4
15;69,1;65,1;65,4;64,6
15;65,1;65,4;64,6;65,6
15;65,4;64,6;65,6;65,1
15;64,6;65,6;65,1;67,8
15;65,6;65,1;67,8;67,5
15;65,1;67,8;67,5;67,6
14;67,8;67,5;67,6;64,3
14;67,5;67,6;64,3;64,9
14;67,6;64,3;64,9;64,9
14;64,3;64,9;64,9;65
15;64,9;64,9;65;65,4
15;64,9;65;65,4;65
15;65;65,4;65;64,8
15;65,4;65;64,8;64,7
14;65;64,8;64,7;64,9
14;64,8;64,7;64,9;64,9
13;64,7;64,9;64,9;65,7
13;64,9;64,9;65,7;64,5
13;64,9;65,7;64,5;62,4
13;65,7;64,5;62,4;62,8
13;64,5;62,4;62,8;68,5
14;62,4;62,8;68,5;65,6
14;62,8;68,5;65,6;64
14;68,5;65,6;64;62,3
15;65,6;64;62,3;60,7
15;64;62,3;60,7;62,1
15;62,3;60,7;62,1;60,6
14;60,7;62,1;60,6;61,7
13;62,1;60,6;61,7;61,6
14;60,6;61,7;61,6;70,8
15;61,7;61,6;70,8;70,2
14;61,6;70,8;70,2;96
14;70,8;70,2;96;67,8
14;70,2;96;67,8;67,8
14;96;67,8;67,8;66,3
14;67,8;67,8;66,3;66,8
14;67,8;66,3;66,8;67,4
14;66,3;66,8;67,4;67
14;66,8;67,4;67;68,2
14;67,4;67;68,2;67,3
14;67;68,2;67,3;67,6
13;68,2;67,3;67,6;63,7
13;67,3;67,6;63,7;62,4
14;67,6;63,7;62,4;62,9
12;63,7;62,4;62,9;64,7
12;62,4;62,9;64,7;63
13;62,9;64,7;63;62,7
14;64,7;63;62,7;64,9
14;63;62,7;64,9;63,4
14;62,7;64,9;63,4;64,7
13;64,9;63,4;64,7;65,4
13;63,4;64,7;65,4;64,7
13;64,7;65,4;64,7;62,6
12;65,4;64,7;62,6;67,8
12;64,7;62,6;67,8;68
12;62,6;67,8;68;70,2
12;67,8;68;70,2;66,8
12;68;70,2;66,8;66,1
13;70,2;66,8;66,1;66,9
12;66,8;66,1;66,9;66,1
12;66,1;66,9;66,1;66
12;66,9;66,1;66;66,2
12;66,1;66;66,2;67,6
12;66;66,2;67,6;67,3
13;66,2;67,6;67,3;67,3
14;67,6;67,3;67,3;67,6
14;67,3;67,3;67,6;68,1
14;67,3;67,6;68,1;66,8
14;67,6;68,1;66,8;67,9
14;68,1;66,8;67,9;68,1
13;66,8;67,9;68,1;65,9
13;67,9;68,1;65,9;65,9
13;68,1;65,9;65,9;65,8
13;65,9;65,9;65,8;65,6
13;65,9;65,8;65,6;65,9
13;65,8;65,6;65,9;66
13;65,6;65,9;66;65,6
12;65,9;66;65,6;65,9
12;66;65,6;65,9;65,8
12;65,6;65,9;65,8;66,4
11;65,9;65,8;66,4;65,8
11;65,8;66,4;65,8;65,8
10;66,4;65,8;65,8;65,9
10;65,8;65,8;65,9;65,8
11;65,8;65,9;65,8;65,3
11;65,9;65,8;65,3;65,8
11;65,8;65,3;65,8;65,3
12;65,3;65,8;65,3;65,7
12;65,8;65,3;65,7;66,4
12;65,3;65,7;66,4;63
11;65,7;66,4;63;63,7
12;66,4;63;63,7;64,2
11;63;63,7;64,2;64
11;63,7;64,2;64;64,2
10;64,2;64;64,2;61,6
10;64;64,2;61,6;63,7
12;64,2;61,6;63,7;63,7
12;61,6;63,7;63,7;62,9
12;63,7;63,7;62,9;63,8
12;63,7;62,9;63,8;62,6
12;62,9;63,8;62,6;63,3
12;63,8;62,6;63,3;64,4
12;62,6;63,3;64,4;58,8
13;63,3;64,4;58,8;59,8
13;64,4;58,8;59,8;59,8
14;58,8;59,8;59,8;60,9
14;59,8;59,8;60,9;60,3
15;59,8;60,9;60,3;59,2
15;60,9;60,3;59,2;59,1
14;60,3;59,2;59,1;59,2
13;59,2;59,1;59,2;61,8
13;59,1;59,2;61,8;61,8
12;59,2;61,8;61,8;62,4
12;61,8;61,8;62,4;59,5
12;61,8;62,4;59,5;60
11;62,4;59,5;60;60,1
12;59,5;60;60,1;60,3
12;60;60,1;60,3;59,4
12;60,1;60,3;59,4;59
13;60,3;59,4;59;60,1
13;59,4;59;60,1;60,4
12;59;60,1;60,4;58
11;60,1;60,4;58;59,7
10;60,4;58;59,7;59,4
10;58;59,7;59,4;59,9
10;59,7;59,4;59,9;61,8
10;59,4;59,9;61,8;61,5
10;59,9;61,8;61,5;61,9
9;61,8;61,5;61,9;61,5
11;61,5;61,9;61,5;61,3
10;61,9;61,5;61,3;62
11;61,5;61,3;62;61,1
11;61,3;62;61,1;61,4
10;62;61,1;61,4;61,7
10;61,1;61,4;61,7;61,6
10;61,4;61,7;61,6;61,6
9,9;61,7;61,6;61,6;61,6
9,2;61,6;61,6;61,6;62,6
9,4;61,6;61,6;62,6;61,8
9,6;61,6;62,6;61,8;61,8
9,8;62,6;61,8;61,8;61,6
10;61,8;61,8;61,6;61,7
10;61,8;61,6;61,7;62
11;61,6;61,7;62;61,5
11;61,7;62;61,5;61,8
10;62;61,5;61,8;61,9
11;61,5;61,8;61,9;61,9
9,8;61,8;61,9;61,9;61,7
9,7;61,9;61,9;61,7;62,7
8,9;61,9;61,7;62,7;61,7
8,8;61,7;62,7;61,7;61,8
8,7;62,7;61,7;61,8;61,7
8,6;61,7;61,8;61,7;62,3
9,6;61,8;61,7;62,3;61,5
8,5;61,7;62,3;61,5;61,6
9,5;62,3;61,5;61,6;61
9,4;61,5;61,6;61;61,7
9,5;61,6;61;61,7;61,6
9,5;61;61,7;61,6;61,8
9,6;61,7;61,6;61,8;61,1
9,6;61,6;61,8;61,1;61,1
9,6;61,8;61,1;61,1;59,9
9,5;61,1;61,1;59,9;59,6
9,5;61,1;59,9;59,6;61
9,6;59,9;59,6;61;58,8
9,7;59,6;61;58,8;59,1
9,7;61;58,8;59,1;56,9
11;58,8;59,1;56,9;60,7
15;59,1;56,9;60,7;61,4
16;56,9;60,7;61,4;61
15;60,7;61,4;61;65,3
15;61,4;61;65,3;64,2
13;61;65,3;64,2;58,8
13;65,3;64,2;58,8;60,9
14;64,2;58,8;60,9;60,7
12;58,8;60,9;60,7;60,7
12;60,9;60,7;60,7;60,8
12;60,7;60,7;60,8;60,5
12;60,7;60,8;60,5;60,7
11;60,8;60,5;60,7;60,6
11;60,5;60,7;60,6;60,8
11;60,7;60,6;60,8;60,5
11;60,6;60,8;60,5;60,6
10;60,8;60,5;60,6;60,6
10;60,5;60,6;60,6;60,1
9,2;60,6;60,6;60,1;61,8
9,3;60,6;60,1;61,8;61,6
8,7;60,1;61,8;61,6;61,6
8,1;61,8;61,6;61,6;62,2
9,8;61,6;61,6;62,2;61,9
9;61,6;62,2;61,9;61,9
10;62,2;61,9;61,9;62,5
10;61,9;61,9;62,5;62,6
9,8;61,9;62,5;62,6;62,5
9,7;62,5;62,6;62,5;61,9
9,3;62,6;62,5;61,9;61,7
9,1;62,5;61,9;61,7;61
8,8;61,9;61,7;61;57,9
9;61,7;61;57,9;59,5
9,2;61;57,9;59,5;59,5
9,2;57,9;59,5;59,5;59,5
9,4;59,5;59,5;59,5;59,8
9,3;59,5;59,5;59,8;59,9
9;59,5;59,8;59,9;59,3
8,5;59,8;59,9;59,3;59,8
8,8;59,9;59,3;59,8;59,4
8,8;59,3;59,8;59,4;59,5
8,7;59,8;59,4;59,5;59,3
8,7;59,4;59,5;59,3;59,5
9,2;59,5;59,3;59,5;61,4
9,3;59,3;59,5;61,4;62
9,2;59,5;61,4;62;60,8
8,9;61,4;62;60,8;61,5
9,2;62;60,8;61,5;62,4
9,5;60,8;61,5;62,4;59,3
9,6;61,5;62,4;59,3;59,3
9,8;62,4;59,3;59,3;59,5
9,7;59,3;59,3;59,5;59,3
9,9;59,3;59,5;59,3;59,6
9,8;59,5;59,3;59,6;59,2
8,5;59,3;59,6;59,2;59,4
8,6;59,6;59,2;59,4;59,2
8,6;59,2;59,4;59,2;59,1
8,8;59,4;59,2;59,1;59,8
9,3;59,2;59,1;59,8;59
9,7;59,1;59,8;59;59,5
9,6;59,8;59;59,5;59,7
9,5;59;59,5;59,7;59
9,4;59,5;59,7;59;59,2
9,3;59,7;59;59,2;59,2
9,5;59;59,2;59,2;59,6
9,6;59,2;59,2;59,6;59,1
9;59,2;59,6;59,1;56,9
8,5;59,6;59,1;56,9;57,2
8,6;59,1;56,9;57,2;57,7
8,7;56,9;57,2;57,7;57,8
8,7;57,2;57,7;57,8;57,6
9;57,7;57,8;57,6;57,1
9,5;57,8;57,6;57,1;57,8
9,6;57,6;57,1;57,8;57,1
9,5;57,1;57,8;57,1;58,1
9,4;57,8;57,1;58,1;56,3
9,3;57,1;58,1;56,3;57,4
9,3;58,1;56,3;57,4;57,1
9,5;56,3;57,4;57,1;59,7
9,4;57,4;57,1;59,7;59,9
9,4;57,1;59,7;59,9;59,9
9,5;59,7;59,9;59,9;60,2
9,4;59,9;59,9;60,2;64,8
9,3;59,9;60,2;64,8;56,7
9,6;60,2;64,8;56,7;57
9,5;64,8;56,7;57;58,6
9,5;56,7;57;58,6;57,3
9,7;57;58,6;57,3;57,6
9,8;58,6;57,3;57,6;58,2
10;57,3;57,6;58,2;57,6
9,4;57,6;58,2;57,6;57,6
9,3;58,2;57,6;57,6;58,1
8,7;57,6;57,6;58,1;59,6
8,3;57,6;58,1;59,6;57,7
13;58,1;59,6;57,7;58,5
11;59,6;57,7;58,5;57,9
9,7;57,7;58,5;57,9;59
9,6;58,5;57,9;59;57,1
9,5;57,9;59;57,1;57,2
9,5;59;57,1;57,2;58,2
9,4;57,1;57,2;58,2;58,4
9,3;57,2;58,2;58,4;58,4
9;58,2;58,4;58,4;56,5
8,8;58,4;58,4;56,5;56,3
8,9;58,4;56,5;56,3;56,4
9,1;56,5;56,3;56,4;56,5
9,2;56,3;56,4;56,5;56,8
9,3;56,4;56,5;56,8;56,1
9,4;56,5;56,8;56,1;54,4
9,5;56,8;56,1;54,4;55,9
9,5;56,1;54,4;55,9;56,7
9,3;54,4;55,9;56,7;58,1
9,3;55,9;56,7;58,1;58,8
9,3;56,7;58,1;58,8;56,1
9,4;58,1;58,8;56,1;58,6
9,5;58,8;56,1;58,6;58,4
9,6;56,1;58,6;58,4;58,6
9,7;58,6;58,4;58,6;57,9
9,8;58,4;58,6;57,9;55,9
9,6;58,6;57,9;55,9;55,9
9,4;57,9;55,9;55,9;56
9,1;55,9;55,9;56;54,9
9,1;55,9;56;54,9;54,8
9,2;56;54,9;54,8;58,1
9,2;54,9;54,8;58,1;58,8
9,3;54,8;58,1;58,8;56,1
8,9;58,1;58,8;56,1;58,6
9;58,8;56,1;58,6;58,4
8,6;56,1;58,6;58,4;58,6
8,3;58,6;58,4;58,6;57,9
8,7;58,4;58,6;57,9;55,9
9,2;58,6;57,9;55,9;55,9
8,9;57,9;55,9;55,9;56
8,7;55,9;55,9;56;54,9
8,5;55,9;56;54,9;54,8
8,5;56;54,9;54,8;54,8
8,4;54,9;54,8;54,8;54,7
8,3;54,8;54,8;54,7;54,6
8,8;54,8;54,7;54,6;54,9
8,9;54,7;54,6;54,9;53,3
8,7;54,6;54,9;53,3;53,7
8,8;54,9;53,3;53,7;54,1
8,7;53,3;53,7;54,1;52,1
9;53,7;54,1;52,1;51,6
9,6;54,1;52,1;51,6;53,2
10;52,1;51,6;53,2;50
10;51,6;53,2;50;49,6
10;53,2;50;49,6;58,6
10;50;49,6;58,6;49,9
9,9;49,6;58,6;49,9;47
10;58,6;49,9;47;48,1
11;49,9;47;48,1;48,5
11;47;48,1;48,5;47,3
12;48,1;48,5;47,3;46,7
12;48,5;47,3;46,7;48,1
10;47,3;46,7;48,1;48,3
9,5;46,7;48,1;48,3;48,3
8,8;48,1;48,3;48,3;46,8
8,5;48,3;48,3;46,8;48
8,2;48,3;46,8;48;48,3
8,1;46,8;48;48,3;47,2
7,7;48;48,3;47,2;50,1
7,8;48,3;47,2;50,1;49,9
7,7;47,2;50,1;49,9;49,9
7,8;50,1;49,9;49,9;49,3
8;49,9;49,9;49,3;49,7
8,1;49,9;49,3;49,7;49,8
8,1;49,3;49,7;49,8;49,7
8;49,7;49,8;49,7;49,9
7,9;49,8;49,7;49,9;49,5
7,8;49,7;49,9;49,5;49,5
7,9;49,9;49,5;49,5;49,2
8;49,5;49,5;49,2;50,1
8,5;49,5;49,2;50,1;49,3
8,4;49,2;50,1;49,3;51,2
8,2;50,1;49,3;51,2;52
8;49,3;51,2;52;49,9
7,6;51,2;52;49,9;49,7
7,2;52;49,9;49,7;49,3
7,3;49,9;49,7;49,3;49,7
7,5;49,7;49,3;49,7;48,9
7,8;49,3;49,7;48,9;49,9
8,2;49,7;48,9;49,9;50
8,8;48,9;49,9;50;49,9
9,2;49,9;50;49,9;50,2
9,3;50;49,9;50,2;47,2
9;49,9;50,2;47,2;48
8,5;50,2;47,2;48;48,7
8,3;47,2;48;48,7;47,1
8,7;48;48,7;47,1;48,2
9,3;48,7;47,1;48,2;48,1
9,4;47,1;48,2;48,1;48
10,1;48,2;48,1;48;47,9
9,5;48,1;48;47,9;47,8
9;48;47,9;47,8;48,2
8,8;47,9;47,8;48,2;48
8,4;47,8;48,2;48;46,7
8,2;48,2;48;46,7;49,6
8,1;48;46,7;49,6;49,5
8;46,7;49,6;49,5;49,7
7,9;49,6;49,5;49,7;49,7
8,4;49,5;49,7;49,7;49,5
8,9;49,7;49,7;49,5;49,6
9;49,7;49,5;49,6;49,5
9,2;49,5;49,6;49,5;49,7
9,5;49,6;49,5;49,7;49
9,7;49,5;49,7;49;49
9,9;49,7;49;49;49
10;49;49;49;49,2
10;49;49;49,2;48,5
10;49;49,2;48,5;47,8
10;49,2;48,5;47,8;48,1
10;48,5;47,8;48,1;46,7
11;47,8;48,1;46,7;48,4
11;48,1;46,7;48,4;48,6
11;46,7;48,4;48,6;47,3
11;48,4;48,6;47,3;48,6
12;48,6;47,3;48,6;48
11;47,3;48,6;48;46,5
11;48,6;48;46,5;47,1
11;48;46,5;47,1;46,4
10;46,5;47,1;46,4;49,6
9,8;47,1;46,4;49,6;49,6
9,4;46,4;49,6;49,6;49,4
9,7;49,6;49,6;49,4;49,2
9,6;49,6;49,4;49,2;49,8
10;49,4;49,2;49,8;49,2
12;49,2;49,8;49,2;49,8
13;49,8;49,2;49,8;49,5
12;49,2;49,8;49,5;49,1
13;49,8;49,5;49,1;49,8
13;49,5;49,1;49,8;49,6
12;49,1;49,8;49,6;47,7
12;49,8;49,6;47,7;47,6
12;49,6;47,7;47,6;48,1
16;47,7;47,6;48,1;47,9
15;47,6;48,1;47,9;48
16;48,1;47,9;48;51
16;47,9;48;51;54,5
16;48;51;54,5;51,6
14;51;54,5;51,6;51,1
12;54,5;51,6;51,1;49,8
12;51,6;51,1;49,8;49,5
11;51,1;49,8;49,5;47,9
13;49,8;49,5;47,9;52,2
14;49,5;47,9;52,2;52,2
15;47,9;52,2;52,2;53,2
15;52,2;52,2;53,2;51,2
16;52,2;53,2;51,2;62,8
17;53,2;51,2;62,8;51
18;51,2;62,8;51;50,3
19;62,8;51;50,3;50,5
18;51;50,3;50,5;50,6
17;50,3;50,5;50,6;54,7
14;50,5;50,6;54,7;53,3
13;50,6;54,7;53,3;53,3
11;54,7;53,3;53,3;52,2
11;53,3;53,3;52,2;50,2
11;53,3;52,2;50,2;51,2
11;52,2;50,2;51,2;51,7
11;50,2;51,2;51,7;51,5
12;51,2;51,7;51,5;51,2
12;51,7;51,5;51,2;51
11;51,5;51,2;51;51,1
11;51,2;51;51,1;51
11;51;51,1;51;51,6
10;51,1;51;51,6;51,1
10;51;51,6;51,1;50,9
9,8;51,6;51,1;50,9;53,3
9,3;51,1;50,9;53,3;54,2
10;50,9;53,3;54,2;54,5
13;53,3;54,2;54,5;53,7
13;54,2;54,5;53,7;53,9
12;54,5;53,7;53,9;54,2
12;53,7;53,9;54,2;53,6
11;53,9;54,2;53,6;53,6
11;54,2;53,6;53,6;53,8
10;53,6;53,6;53,8;53,7
10;53,6;53,8;53,7;53,7
10;53,8;53,7;53,7;52,2
10;53,7;53,7;52,2;52
11;53,7;52,2;52;52,7
10;52,2;52;52,7;52,4
11;52;52,7;52,4;52,8
11;52,7;52,4;52,8;52,1
10;52,4;52,8;52,1;52
10;52,8;52,1;52;52,3
11;52,1;52;52,3;52
12;52;52,3;52;47,9
11;52,3;52;47,9;49
11;52;47,9;49;48,8
11;47,9;49;48,8;47,3
10;49;48,8;47,3;49
11;48,8;47,3;49;49,5
12;47,3;49;49,5;48,1
13;49;49,5;48,1;53,3
12;49,5;48,1;53,3;53,3
11;48,1;53,3;53,3;53,5
11;53,3;53,3;53,5;53,8
10;53,3;53,5;53,8;52,9
10;53,5;53,8;52,9;53,6
9;53,8;52,9;53,6;53,7
9;52,9;53,6;53,7;54,2
9,2;53,6;53,7;54,2;55,9
9,4;53,7;54,2;55,9;55,5
9,5;54,2;55,9;55,5;55,4
8,8;55,9;55,5;55,4;55,3
8,8;55,5;55,4;55,3;55,1
9;55,4;55,3;55,1;54,9
9,2;55,3;55,1;54,9;55,3
9,3;55,1;54,9;55,3;51,8
9,3;54,9;55,3;51,8;52,1
9,3;55,3;51,8;52,1;52,9
9,2;51,8;52,1;52,9;52,8
9,2;52,1;52,9;52,8;52,8
9;52,9;52,8;52,8;50,8
8,8;52,8;52,8;50,8;51,7
8,7;52,8;50,8;51,7;51,5
8,8;50,8;51,7;51,5;51,5
9;51,7;51,5;51,5;63
9,3;51,5;51,5;63;52,5
9,2;51,5;63;52,5;51,1
9;63;52,5;51,1;50,6
9;52,5;51,1;50,6;50,5
8,8;51,1;50,6;50,5;50,6
8,6;50,6;50,5;50,6;50,1
8,6;50,5;50,6;50,1;50,2
9,2;50,6;50,1;50,2;49,5
8,4;50,1;50,2;49,5;52,4
8,7;50,2;49,5;52,4;50,4
8,8;49,5;52,4;50,4;52,8
9,1;52,4;50,4;52,8;48,7
9,8;50,4;52,8;48,7;50
11;52,8;48,7;50;50
11;48,7;50;50;49,8
12;50;50;49,8;49,8
11;50;49,8;49,8;49,3
11;49,8;49,8;49,3;49,4
12;49,8;49,3;49,4;49,8
8,3;49,3;49,4;49,8;51,5
8,1;49,4;49,8;51,5;51,5
7,8;49,8;51,5;51,5;51,6
8,3;51,5;51,5;51,6;51,9
8,5;51,5;51,6;51,9;51,5
8,3;51,6;51,9;51,5;51,9
8,3;51,9;51,5;51,9;53,5
8,7;51,5;51,9;53,5;51,6
8,9;51,9;53,5;51,6;51,6
9,5;53,5;51,6;51,6;52,1
9,8;51,6;51,6;52,1;51,1
10;51,6;52,1;51,1;52,7
9,8;52,1;51,1;52,7;53,1
9,7;51,1;52,7;53,1;53,1
9,5;52,7;53,1;53,1;52,3
9,4;53,1;53,1;52,3;51,9
9,3;53,1;52,3;51,9;52,2
9,5;52,3;51,9;52,2;52,3
9,8;51,9;52,2;52,3;51,1
10;52,2;52,3;51,1;51
9,8;52,3;51,1;51;50,9
9,5;51,1;51;50,9;51,8
9,2;51;50,9;51,8;51,4
8,8;50,9;51,8;51,4;51,4
8,2;51,8;51,4;51,4;51,6
8,3;51,4;51,4;51,6;51,5
8,3;51,4;51,6;51,5;51,4
8,3;51,6;51,5;51,4;51,6
8,8;51,5;51,4;51,6;51,9
9,5;51,4;51,6;51,9;55
9,6;51,6;51,9;55;53,2
9,7;51,9;55;53,2;52,7
9,6;55;53,2;52,7;52,3
9,7;53,2;52,7;52,3;51,5
9,8;52,7;52,3;51,5;52
9,8;52,3;51,5;52;49,1
8,5;51,5;52;49,1;48,3
8,8;52;49,1;48,3;48,5
8,6;49,1;48,3;48,5;46,9
8,8;48,3;48,5;46,9;48,5
8,6;48,5;46,9;48,5;48,6
8,7;46,9;48,5;48,6;49,1
9,2;48,5;48,6;49,1;48,8
9,3;48,6;49,1;48,8;48,5
8,8;49,1;48,8;48,5;48,8
8,6;48,8;48,5;48,8;48,6
8,2;48,5;48,8;48,6;47,5
8,3;48,8;48,6;47,5;48,4
8,6;48,6;47,5;48,4;48,7
9;47,5;48,4;48,7;48,4
9,1;48,4;48,7;48,4;48,5
9,1;48,7;48,4;48,5;47
9;48,4;48,5;47;49,4
9,3;48,5;47;49,4;48,6
9,1;47;49,4;48,6;48,7
8,9;49,4;48,6;48,7;48,6
8,8;48,6;48,7;48,6;48,5
8,7;48,7;48,6;48,5;48,6
8,6;48,6;48,5;48,6;47
8,6;48,5;48,6;47;48,5
8,4;48,6;47;48,5;49,9
8,7;47;48,5;49,9;48,6
8,7;48,5;49,9;48,6;48,6
9,1;49,9;48,6;48,6;48,6
9,2;48,6;48,6;48,6;49
9,4;48,6;48,6;49;48,5
9,5;48,6;49;48,5;48,8
9,6;49;48,5;48,8;49
9,7;48,5;48,8;49;49,2
9,7;48,8;49;49,2;48,5
9,2;49;49,2;48,5;47,2
9,4;49,2;48,5;47,2;52,6
9,6;48,5;47,2;52,6;67,6
9,7;47,2;52,6;67,6;54,8
9,7;52,6;67,6;54,8;50,8
9,5;67,6;54,8;50,8;47
9,5;54,8;50,8;47;46,2
9,6;50,8;47;46,2;46,8
8,6;47;46,2;46,8;47,1
8,8;46,2;46,8;47,1;46,4
8,3;46,8;47,1;46,4;47,1
8,2;47,1;46,4;47,1;47,1
6,8;46,4;47,1;47,1;49,4
6;47,1;47,1;49,4;49
6,5;47,1;49,4;49;48,8
6,4;49,4;49;48,8;48,7
5;49;48,8;48,7;49
6,1;48,8;48,7;49;49,1
6,8;48,7;49;49,1;49,3
6,5;49;49,1;49,3;48,9
6,3;49,1;49,3;48,9;49,2
5,8;49,3;48,9;49,2;49
5,4;48,9;49,2;49;49,2
5,1;49,2;49;49,2;49,2
6,2;49;49,2;49,2;47
6,5;49,2;49,2;47;45,5
6,7;49,2;47;45,5;47,7
6,9;47;45,5;47,7;45,5
6,9;45,5;47,7;45,5;47,2
6,8;47,7;45,5;47,2;46,9
6,8;45,5;47,2;46,9;47,5
6,6;47,2;46,9;47,5;47,4
6,3;46,9;47,5;47,4;47,2
6,2;47,5;47,4;47,2;45,5
6,1;47,4;47,2;45,5;47
6,1;47,2;45,5;47;46,9
6;45,5;47;46,9;49,2
6,1;47;46,9;49,2;49,2
6,2;46,9;49,2;49,2;49
6,3;49,2;49,2;49;49
6,3;49,2;49;49;49,2
6,4;49;49;49,2;49,3
6,5;49;49,2;49,3;49,2
6,5;49,2;49,3;49,2;49,5
6,6;49,3;49,2;49,5;48,8
6,7;49,2;49,5;48,8;48,5
6,6;49,5;48,8;48,5;47,7
6,5;48,8;48,5;47,7;48
5,7;48,5;47,7;48;48
5,8;47,7;48;48;48,1
5,6;48;48;48,1;48,8
5,3;48;48,1;48,8;49,7
5,5;48,1;48,8;49,7;48,8
6,2;48,8;49,7;48,8;48,4
6,2;49,7;48,8;48,4;48,6
6,1;48,8;48,4;48,6;48,7
6;48,4;48,6;48,7;48,6
6,1;48,6;48,7;48,6;46,1
6;48,7;48,6;46,1;46,4
5,9;48,6;46,1;46,4;48,5
5,9;46,1;46,4;48,5;46,3
6,2;46,4;48,5;46,3;46,7
6,3;48,5;46,3;46,7;46,7
6,1;46,3;46,7;46,7;47
6,4;46,7;46,7;47;47,5
6,6;46,7;47;47,5;46,4
6,8;47;47,5;46,4;46,3
6,9;47,5;46,4;46,3;46,5
7,2;46,4;46,3;46,5;46,4
6,9;46,3;46,5;46,4;46,1
7,1;46,5;46,4;46,1;46,4
7,3;46,4;46,1;46,4;48,5
7,4;46,1;46,4;48,5;46,3
7,3;46,4;48,5;46,3;46,7
7,3;48,5;46,3;46,7;46,7
7,2;46,3;46,7;46,7;47
7,2;46,7;46,7;47;47,5
7,3;46,7;47;47,5;46,4
7,4;47;47,5;46,4;46,3
7,4;47,5;46,4;46,3;46,5
7,2;46,4;46,3;46,5;46,4
6,9;46,3;46,5;46,4;50,5
6,4;46,5;46,4;50,5;51
6;46,4;50,5;51;50,2
6,2;50,5;51;50,2;48,3
6,1;51;50,2;48,3;49,2
6,4;50,2;48,3;49,2;49,5
6,6;48,3;49,2;49,5;48,8
6,8;49,2;49,5;48,8;49,2
7;49,5;48,8;49,2;49
7;48,8;49,2;49;48,4
7,2;49,2;49;48,4;48,3
8;49;48,4;48,3;48,5
8;48,4;48,3;48,5;47,9
7,9;48,3;48,5;47,9;48,4
6,3;48,5;47,9;48,4;49,7
6,2;47,9;48,4;49,7;50,5
6,4;48,4;49,7;50,5;50,5
6,3;49,7;50,5;50,5;50
6,7;50,5;50,5;50;49,9
7,1;50,5;50;49,9;49,5
7;50;49,9;49,5;49,7
6,8;49,9;49,5;49,7;49,9
6,5;49,5;49,7;49,9;50,4
6,3;49,7;49,9;50,4;49,9
6;49,9;50,4;49,9;49,8
5,8;50,4;49,9;49,8;49,4
5,6;49,9;49,8;49,4;48
5,6;49,8;49,4;48;48,4
5,9;49,4;48;48,4;48,4
6,1;48;48,4;48,4;49,1
5,8;48,4;48,4;49,1;49
5,6;48,4;49,1;49;48,6
5,6;49,1;49;48,6;48,5
5,7;49;48,6;48,5;48,5
6,9;48,6;48,5;48,5;48,3
6,3;48,5;48,5;48,3;48,2
6,2;48,5;48,3;48,2;48,3
6;48,3;48,2;48,3;48,1
5,7;48,2;48,3;48,1;47,5
5,8;48,3;48,1;47,5;48,3
6;48,1;47,5;48,3;48
5,9;47,5;48,3;48;48,7
6,1;48,3;48;48,7;48,9
6,1;48;48,7;48,9;47,9
6,2;48,7;48,9;47,9;48,4
6,2;48,9;47,9;48,4;47,5
6,6;47,9;48,4;47,5;48,5
6,4;48,4;47,5;48,5;48,3
6,4;47,5;48,5;48,3;48,3
6,5;48,5;48,3;48,3;48,1
6,8;48,3;48,3;48,1;49
6,7;48,3;48,1;49;48,6
6,4;48,1;49;48,6;48,5
6,2;49;48,6;48,5;48,5
5,8;48,6;48,5;48,5;46,4
5,7;48,5;48,5;46,4;48,1
5,6;48,5;46,4;48,1;48,1
5,5;46,4;48,1;48,1;48,3
5,3;48,1;48,1;48,3;48,8
5,1;48,1;48,3;48,8;49
5;48,3;48,8;49;49,4
4,7;48,8;49;49,4;48,5
4,9;49;49,4;48,5;49,2
5,2;49,4;48,5;49,2;49,2
4,5;48,5;49,2;49,2;46,7
4,8;49,2;49,2;46,7;48
6,1;49,2;46,7;48;49,9
5,9;46,7;48;49,9;49,5
5,8;48;49,9;49,5;49,5
5,5;49,9;49,5;49,5;48,8
5,6;49,5;49,5;48,8;48,6
4,8;49,5;48,8;48,6;48,7
4,5;48,8;48,6;48,7;48,8
5,1;48,6;48,7;48,8;47,1
5,2;48,7;48,8;47,1;47,5
5,5;48,8;47,1;47,5;47,5
5,4;47,1;47,5;47,5;51,2
5,5;47,5;47,5;51,2;46,8
5,5;47,5;51,2;46,8;46,8
5,8;51,2;46,8;46,8;46,5
5,4;46,8;46,8;46,5;45,5
4;46,8;46,5;45,5;67,4
4,5;46,5;45,5;67,4;67,7
4,8;45,5;67,4;67,7;66,7
4,7;67,4;67,7;66,7;68
4,5;67,7;66,7;68;67,3
4,3;66,7;68;67,3;67,3
4,2;68;67,3;67,3;67,7
4,4;67,3;67,3;67,7;57,7
4,2;67,3;67,7;57,7;73,1
4,3;67,7;57,7;73,1;72,8
4,5;57,7;73,1;72,8;72,8
4,6;73,1;72,8;72,8;73,1
4,7;72,8;72,8;73,1;61,9
4,8;72,8;73,1;61,9;62,3
4,5;73,1;61,9;62,3;51,9
4,1;61,9;62,3;51,9;51,3
4,1;62,3;51,9;51,3;51,9
4;51,9;51,3;51,9;51,6
3,9;51,3;51,9;51,6;51,1
3,9;51,9;51,6;51,1;52,3
4,1;51,6;51,1;52,3;54,2
3,8;51,1;52,3;54,2;50,4
3,9;52,3;54,2;50,4;51,2
4;54,2;50,4;51,2;51,8
3,8;50,4;51,2;51,8;51,8
3,8;51,2;51,8;51,8;50,6
3,9;51,8;51,8;50,6;51,4
4;51,8;50,6;51,4;51,2
3,9;50,6;51,4;51,2;51
4,2;51,4;51,2;51;51,1
4,1;51,2;51;51,1;51,3
4,1;51;51,1;51,3;50,9
6,1;51,1;51,3;50,9;59,9
6,6;51,3;50,9;59,9;59,2
5,2;50,9;59,9;59,2;60,6
5,7;59,9;59,2;60,6;73,2
4,8;59,2;60,6;73,2;62,3
4,6;60,6;73,2;62,3;56,8
4,9;73,2;62,3;56,8;55,5
5,6;62,3;56,8;55,5;60,9
6,1;56,8;55,5;60,9;61,9
6,4;55,5;60,9;61,9;61,7
6,8;60,9;61,9;61,7;60,3
7,5;61,9;61,7;60,3;61,7
7,4;61,7;60,3;61,7;61,5
7,7;60,3;61,7;61,5;63,1
7,3;61,7;61,5;63,1;64,7
9,2;61,5;63,1;64,7;64,6
12,3;63,1;64,7;64,6;62,4
9,6;64,7;64,6;62,4;61,2
7;64,6;62,4;61,2;61
7,2;62,4;61,2;61;61,3
7,4;61,2;61;61,3;62,6
7,9;61;61,3;62,6;63
7,2;61,3;62,6;63;62,3
7;62,6;63;62,3;62,6
6,9;63;62,3;62,6;62,9
6,9;62,3;62,6;62,9;62,7
6,8;62,6;62,9;62,7;62,6
6,6;62,9;62,7;62,6;63,1
6,8;62,7;62,6;63,1;62,9
7;62,6;63,1;62,9;62,3
7,3;63,1;62,9;62,3;59,5
75;62,9;62,3;59,5;60,2
7,7;62,3;59,5;60,2;59,5
7,8;59,5;60,2;59,5;58,1
7,8;60,2;59,5;58,1;58,4
7,7;59,5;58,1;58,4;58,9
7,5;58,1;58,4;58,9;59,1
7,6;58,4;58,9;59,1;58,1
7,2;58,9;59,1;58,1;56,2
6,8;59,1;58,1;56,2;55,6
7;58,1;56,2;55,6;57,3
7,3;56,2;55,6;57,3;57,3
7,4;55,6;57,3;57,3;57,2
7,4;57,3;57,3;57,2;56,8
76;57,3;57,2;56,8;56,7
78;57,2;56,8;56,7;56,3
7,4;56,8;56,7;56,3;55,6
7,1;56,7;56,3;55,6;56,1
6,9;56,3;55,6;56,1;56
6,8;55,6;56,1;56;56
7,4;56,1;56;56;60,1
8;56;56;60,1;61
7,7;56;60,1;61;58,2
7,6;60,1;61;58,2;57,8
7,8;61;58,2;57,8;57,4
8;58,2;57,8;57,4;58,1
8,2;57,8;57,4;58,1;57,8
8,3;57,4;58,1;57,8;58
7,9;58,1;57,8;58;57,9
7,4;57,8;58;57,9;58,2
7,1;58;57,9;58,2;57,9
6,8;57,9;58,2;57,9;57,5
6,5;58,2;57,9;57,5;58,2
6,3;57,9;57,5;58,2;58,4
6;57,5;58,2;58,4;58,6
6;58,2;58,4;58,6;58,3
6;58,4;58,6;58,3;58,1
7,3;58,6;58,3;58,1;57,9
8,4;58,3;58,1;57,9;61,4
6,7;58,1;57,9;61,4;62,5
6,6;57,9;61,4;62,5;62
6,3;61,4;62,5;62;62,8
6;62,5;62;62,8;62,2
5,9;62;62,8;62,2;61,4
6,2;62,8;62,2;61,4;59,9
6,2;62,2;61,4;59,9;59
6,7;61,4;59,9;59;57,9
7,3;59,9;59;57,9;59,1
7,4;59;57,9;59,1;59,6
7,6;57,9;59,1;59,6;59,1
7,9;59,1;59,6;59,1;58,9
8,1;59,6;59,1;58,9;59,1
7,8;59,1;58,9;59,1;57,9
7,7;58,9;59,1;57,9;58,8
7,3;59,1;57,9;58,8;58,8
7,1;57,9;58,8;58,8;58,9
7,8;58,8;58,8;58,9;61,3
8;58,8;58,9;61,3;61,8
8,1;58,9;61,3;61,8;61,1
7,9;61,3;61,8;61,1;61,1
8,2;61,8;61,1;61,1;62,7
8;61,1;61,1;62,7;63,3
7,7;61,1;62,7;63,3;62,6
7,4;62,7;63,3;62,6;62,4
7,8;63,3;62,6;62,4;57,7
8,1;62,6;62,4;57,7;57,6
8;62,4;57,7;57,6;57,4
8,2;57,7;57,6;57,4;57,4
8,2;57,6;57,4;57,4;57,7
8,3;57,4;57,4;57,7;57,5
8;57,4;57,7;57,5;55,9
7,5;57,7;57,5;55,9;55,9
7,6;57,5;55,9;55,9;55,8
7,6;55,9;55,9;55,8;55,1
7,7;55,9;55,8;55,1;55,8
7,7;55,8;55,1;55,8;55,6
7,5;55,1;55,8;55,6;55,6
7,6;55,8;55,6;55,6;55,5
7,5;55,6;55,6;55,5;55,5
7,3;55,6;55,5;55,5;59,8
6,8;55,5;55,5;59,8;60,8
7,1;55,5;59,8;60,8;60,9
7,3;59,8;60,8;60,9;61,5
7,1;60,8;60,9;61,5;70,3
7;60,9;61,5;70,3;67,5
6,5;61,5;70,3;67,5;67,6
6,5;70,3;67,5;67,6;60,6
6,5;67,5;67,6;60,6;61
6,9;67,6;60,6;61;60,7
7,3;60,6;61;60,7;60,7
7,7;61;60,7;60,7;60,8
6,6;60,7;60,7;60,8;58,6
6,7;60,7;60,8;58,6;59
6,5;60,8;58,6;59;57,9
6,8;58,6;59;57,9;58,7
6,9;59;57,9;58,7;59,1
7,4;57,9;58,7;59,1;58,8
7,3;58,7;59,1;58,8;58,9
7,3;59,1;58,8;58,9;58,5
5,9;58,8;58,9;58,5;36
6,1;58,9;58,5;36;35,6
6;58,5;36;35,6;35,4
5,9;36;35,6;35,4;34
5,7;35,6;35,4;34;34,7
5,5;35,4;34;34,7;34,9
5,3;34;34,7;34,9;33,9
5,6;34,7;34,9;33,9;34,8
5,9;34,9;33,9;34,8;34,7
5,8;33,9;34,8;34,7;34,4
6,1;34,8;34,7;34,4;33,5
7,3;34,7;34,4;33,5;66
7,2;34,4;33,5;66;65,9
6,9;33,5;66;65,9;65,7
7;66;65,9;65,7;66,1
7,1;65,9;65,7;66,1;66,1
7,3;65,7;66,1;66,1;66,1
7,5;66,1;66,1;66,1;66,1
7,6;66,1;66,1;66,1;66,1
7,4;66,1;66,1;66,1;66,1
7,3;66,1;66,1;66,1;66,1
7,2;66,1;66,1;66,1;77
11;66,1;66,1;77;66,1
62;66,1;77;66,1;65,9
75;77;66,1;65,9;65,9
76;66,1;65,9;65,9;65,2
78;65,9;65,9;65,2;65,2
79;65,9;65,2;65,2;65,2
86;65,2;65,2;65,2;65,2
143;65,2;65,2;65,2;75
209;65,2;65,2;75;100,5
195;65,2;75;100,5;100,5
186;75;100,5;100,5;100,5
163;100,5;100,5;100,5;100,8
156;100,5;100,5;100,8;95,9
139;100,5;100,8;95,9;84,7
137;100,8;95,9;84,7;84,8
115;95,9;84,7;84,8;83,6
111;84,7;84,8;83,6;85,2
89;84,8;83,6;85,2;84,4
77;83,6;85,2;84,4;85,5
65;85,2;84,4;85,5;85,1
59;84,4;85,5;85,1;84,9
56;85,5;85,1;84,9;89,4
50;85,1;84,9;89,4;89,6
54;84,9;89,4;89,6;88,7
61;89,4;89,6;88,7;88,6
58;89,6;88,7;88,6;88,5
60;88,7;88,6;88,5;89,6
62;88,6;88,5;89,6;88,7
64;88,5;89,6;88,7;89,1
62;89,6;88,7;89,1;87,9
57;88,7;89,1;87,9;84,4
54;89,1;87,9;84,4;84,9
50;87,9;84,4;84,9;84,1
49,6;84,4;84,9;84,1;84,4
47,6;84,9;84,1;84,4;84,2
46,4;84,1;84,4;84,2;84,1
47,6;84,4;84,2;84,1;85,1
49,2;84,2;84,1;85,1;84,9
49,6;84,1;85,1;84,9;84,3
49,8;85,1;84,9;84,3;85,1
49,6;84,9;84,3;85,1;84
49,3;84,3;85,1;84;84,7
40,6;85,1;84;84,7;84,4
36,9;84;84,7;84,4;84,9
31,7;84,7;84,4;84,9;84,1
33;84,4;84,9;84,1;84,4
32;84,9;84,1;84,4;84,2
32;84,1;84,4;84,2;84,1
35;84,4;84,2;84,1;85,1
37;84,2;84,1;85,1;84,9
39;84,1;85,1;84,9;84,3
42;85,1;84,9;84,3;85,1
41;84,9;84,3;85,1;84
38;84,3;85,1;84;84,7
35;85,1;84;84,7;81,5
31;84;84,7;81,5;81,2
28;84,7;81,5;81,2;78,8
29;81,5;81,2;78,8;80,7
28;81,2;78,8;80,7;81,7
29;78,8;80,7;81,7;81
30;80,7;81,7;81;82,2
32;81,7;81;82,2;81,3
30;81;82,2;81,3;79,9
30;82,2;81,3;79,9;81,8
29;81,3;79,9;81,8;81,1
27;79,9;81,8;81,1;85,8
26;81,8;81,1;85,8;91,6
27;81,1;85,8;91,6;85,2
30;85,8;91,6;85,2;82,2
30;91,6;85,2;82,2;78,6
31;85,2;82,2;78,6;76,8
32;82,2;78,6;76,8;78,1
31;78,6;76,8;78,1;78,2
24;76,8;78,1;78,2;78,3
25;78,1;78,2;78,3;78,1
22;78,2;78,3;78,1;77,9
20;78,3;78,1;77,9;78,4
21;78,1;77,9;78,4;78,4
20,6;77,9;78,4;78,4;77,9
22;78,4;78,4;77,9;78,5
22;78,4;77,9;78,5;77,9
21;77,9;78,5;77,9;77,2
23;78,5;77,9;77,2;77,9
23;77,9;77,2;77,9;78,4
22,6;77,2;77,9;78,4;77
20;77,9;78,4;77;79,4
18;78,4;77;79,4;79,3
14;77;79,4;79,3;78,9
15;79,4;79,3;78,9;70,2
15;79,3;78,9;70,2;75,3
19;78,9;70,2;75,3;75,4
19;70,2;75,3;75,4;75,9
19;75,3;75,4;75,9;75,6
22;75,4;75,9;75,6;75,4
21;75,9;75,6;75,4;75,2
19;75,6;75,4;75,2;75,6
24;75,4;75,2;75,6;73,8
20;75,2;75,6;73,8;74,8
19;75,6;73,8;74,8;75
17;73,8;74,8;75;74,3
16;74,8;75;74,3;77,6
15;75;74,3;77,6;78,6
15;74,3;77,6;78,6;80,8
16;77,6;78,6;80,8;72,5
17;78,6;80,8;72,5;71,4
18;80,8;72,5;71,4;72,1
19;72,5;71,4;72,1;67
21;71,4;72,1;67;67,9
20;72,1;67;67,9;67,4
18;67;67,9;67,4;67,1
17;67,9;67,4;67,1;67,7
16;67,4;67,1;67,7;68
13;67,1;67,7;68;68,4
13;67,7;68;68,4;67,7
13;68;68,4;67,7;67,8
13;68,4;67,7;67,8;67
14;67,7;67,8;67;67,7
15;67,8;67;67,7;67,7
15;67;67,7;67,7;67,7
14;67,7;67,7;67,7;68,1
13;67,7;67,7;68,1;67,3
13;67,7;68,1;67,3;67,4
12;68,1;67,3;67,4;67,2
11;67,3;67,4;67,2;67,1
12;67,4;67,2;67,1;72,2
11;67,2;67,1;72,2;65,5
11;67,1;72,2;65,5;65,9
13;72,2;65,5;65,9;66,1
17;65,5;65,9;66,1;65,5
18;65,9;66,1;65,5;67,6
17;66,1;65,5;67,6;66,2
17;65,5;67,6;66,2;65,9
14;67,6;66,2;65,9;65,5
14;66,2;65,9;65,5;65
12;65,9;65,5;65;65,7
13;65,5;65;65,7;64,5
13;65;65,7;64,5;67,4
14;65,7;64,5;67,4;67,6
13;64,5;67,4;67,6;67,2
14;67,4;67,6;67,2;67,4
13;67,6;67,2;67,4;68,1
13;67,2;67,4;68,1;67,3
12;67,4;68,1;67,3;67,4
12;68,1;67,3;67,4;67,1
11;67,3;67,4;67,1;80,6
9,7;67,4;67,1;80,6;61
8,9;67,1;80,6;61;63
8,4;80,6;61;63;71,2
5;61;63;71,2;67,1
11;63;71,2;67,1;65,7
10;71,2;67,1;65,7;66,5
15;67,1;65,7;66,5;66,3
14;65,7;66,5;66,3;66,1
12;66,5;66,3;66,1;67,7
12;66,3;66,1;67,7;66,2
11;66,1;67,7;66,2;66,5
11;67,7;66,2;66,5;66,5
11;66,2;66,5;66,5;67,1
10;66,5;66,5;67,1;66
10;66,5;67,1;66;66,2
10;67,1;66;66,2;64,6
11;66;66,2;64,6;65
12;66,2;64,6;65;69,5
13;64,6;65;69,5;64,4
12;65;69,5;64,4;64,3
13;69,5;64,4;64,3;64,3
17;64,4;64,3;64,3;64,2
16;64,3;64,3;64,2;63,2
14;64,3;64,2;63,2;64
15;64,2;63,2;64;63,3
12;63,2;64;63,3;65,6
12;64;63,3;65,6;65,5
13;63,3;65,6;65,5;66
13;65,6;65,5;66;65,4
15;65,5;66;65,4;66,8
17;66;65,4;66,8;65,4
16;65,4;66,8;65,4;61,9
17;66,8;65,4;61,9;61,1
18;65,4;61,9;61,1;62
20;61,9;61,1;62;76,2
22;61,1;62;76,2;61,4
22;62;76,2;61,4;61,3
27;76,2;61,4;61,3;61,4
25;61,4;61,3;61,4;65,8
29;61,3;61,4;65,8;63,5
35;61,4;65,8;63,5;62,1
76;65,8;63,5;62,1;61,6
111;63,5;62,1;61,6;76,9
110;62,1;61,6;76,9;76,5
109;61,6;76,9;76,5;76,6
108;76,9;76,5;76,6;76,6
108;76,5;76,6;76,6;76,5
96;76,6;76,6;76,5;73,9
96;76,6;76,5;73,9;74,5
100;76,5;73,9;74,5;76
102;73,9;74,5;76;74,9
101;74,5;76;74,9;76
83;76;74,9;76;76,2
78;74,9;76;76,2;76,2
80;76;76,2;76,2;76,2
84;76,2;76,2;76,2;76,2
85;76,2;76,2;76,2;76,2
86;76,2;76,2;76,2;76,2
84;76,2;76,2;76,2;76,2
86;76,2;76,2;76,2;76,2
88;76,2;76,2;76,2;76,2
91;76,2;76,2;76,2;75,3
94;76,2;76,2;75,3;74,7
96;76,2;75,3;74,7;74
99;75,3;74,7;74;74,5
98;74,7;74;74,5;74,9
89;74;74,5;74,9;74,6
88;74,5;74,9;74,6;74,6
95;74,9;74,6;74,6;74,6
103;74,6;74,6;74,6;75,1
101;74,6;74,6;75,1;74,9
96;74,6;75,1;74,9;74,7
92;75,1;74,9;74,7;74,6
87;74,9;74,7;74,6;75,3
83;74,7;74,6;75,3;75,7
80;74,6;75,3;75,7;75,3
77;75,3;75,7;75,3;74,9
75;75,7;75,3;74,9;76
77;75,3;74,9;76;76,9
83;74,9;76;76,9;75,8
87;76;76,9;75,8;76,4
96;76,9;75,8;76,4;76,4
99;75,8;76,4;76,4;76
73;76,4;76,4;76;76,4
69;76,4;76;76,4;75,5
70;76;76,4;75,5;82
61;76,4;75,5;82;79,5
70;75,5;82;79,5;76,1
68;82;79,5;76,1;76,4
73;79,5;76,1;76,4;75
71;76,1;76,4;75;76
70;76,4;75;76;77,4
69;75;76;77,4;75,1
68;76;77,4;75,1;73,8
68;77,4;75,1;73,8;73,3
66;75,1;73,8;73,3;74,5
64;73,8;73,3;74,5;73,8
60;73,3;74,5;73,8;73,5
57;74,5;73,8;73,5;74,2
51;73,8;73,5;74,2;76,3
53;73,5;74,2;76,3;74,8
51;74,2;76,3;74,8;75,1
50;76,3;74,8;75,1;74
48;74,8;75,1;74;74,8
48;75,1;74;74,8;74,6
47;74;74,8;74,6;75,1
47;74,8;74,6;75,1;75,6
45;74,6;75,1;75,6;75
43;75,1;75,6;75;74,4
41;75,6;75;74,4;75,2
40;75;74,4;75,2;75,1
43;74,4;75,2;75,1;75
38;75,2;75,1;75;75,4
35;75,1;75;75,4;75,9
38;75;75,4;75,9;75,3
38;75,4;75,9;75,3;75,1
40;75,9;75,3;75,1;74,5
38;75,3;75,1;74,5;72,9
39;75,1;74,5;72,9;75,1
37;74,5;72,9;75,1;75,5
34;72,9;75,1;75,5;75,3
33;75,1;75,5;75,3;75,9
33;75,5;75,3;75,9;75,2
30;75,3;75,9;75,2;74,6
31;75,9;75,2;74,6;74,8
29;75,2;74,6;74,8;73,4
32;74,6;74,8;73,4;73,6
32;74,8;73,4;73,6;73,3
34;73,4;73,6;73,3;72,9
32;73,6;73,3;72,9;67,5
33;73,3;72,9;67,5;68,5
31;72,9;67,5;68,5;67,9
29;67,5;68,5;67,9;72,9
27;68,5;67,9;72,9;67,5
26;67,9;72,9;67,5;65
22;72,9;67,5;65;64,9
22;67,5;65;64,9;65,2
25;65;64,9;65,2;65,9
28;64,9;65,2;65,9;66
29;65,2;65,9;66;65,8
29;65,9;66;65,8;65,4
28;66;65,8;65,4;65,7
25;65,8;65,4;65,7;65
23;65,4;65,7;65;65
22;65,7;65;65;64,8
20;65;65;64,8;65,2
19;65;64,8;65,2;65,3
19;64,8;65,2;65,3;65,5
20;65,2;65,3;65,5;66,4
20;65,3;65,5;66,4;67
20;65,5;66,4;67;65,3
23;66,4;67;65,3;66,3
22;67;65,3;66,3;66
21;65,3;66,3;66;65,1
20;66,3;66;65,1;63,7
19;66;65,1;63,7;66,2
17;65,1;63,7;66,2;65,8
17;63,7;66,2;65,8;66
16;66,2;65,8;66;65,6
17;65,8;66;65,6;62,5
17;66;65,6;62,5;58,3
17;65,6;62,5;58,3;58,4
17;62,5;58,3;58,4;58,4
18;58,3;58,4;58,4;58,5
18;58,4;58,4;58,5;62,9
19;58,4;58,5;62,9;60,2
20;58,5;62,9;60,2;60,3
19;62,9;60,2;60,3;61
18;60,2;60,3;61;61
17;60,3;61;61;60,7
16;61;61;60,7;60,8
14;61;60,7;60,8;61,2
15;60,7;60,8;61,2;60,8
15;60,8;61,2;60,8;59,6
14;61,2;60,8;59,6;62,3
14;60,8;59,6;62,3;62,1
15;59,6;62,3;62,1;61,4
14;62,3;62,1;61,4;60,3
14;62,1;61,4;60,3;59,9
13;61,4;60,3;59,9;59,9
12;60,3;59,9;59,9;60,4
12;59,9;59,9;60,4;60,7
13;59,9;60,4;60,7;60,1
14;60,4;60,7;60,1;61,1
14;60,7;60,1;61,1;57,5
13;60,1;61,1;57,5;56,4
13;61,1;57,5;56,4;57,1
13;57,5;56,4;57,1;56,5
14;56,4;57,1;56,5;56,4
14;57,1;56,5;56,4;54
14;56,5;56,4;54;54,5
13;56,4;54;54,5;54
13;54;54,5;54;54,6
12;54,5;54;54,6;54,7
12;54;54,6;54,7;54,8
12;54,6;54,7;54,8;56,4
11;54,7;54,8;56,4;57
10;54,8;56,4;57;56,4
10;56,4;57;56,4;55,5
9,4;57;56,4;55,5;56,2
8,9;56,4;55,5;56,2;56,3
8,6;55,5;56,2;56,3;60,2
8,6;56,2;56,3;60,2;58,7
8,4;56,3;60,2;58,7;58,2
8,6;60,2;58,7;58,2;57,2
7,9;58,7;58,2;57,2;58,2
8,1;58,2;57,2;58,2;58,3
84;57,2;58,2;58,3;56,7
88;58,2;58,3;56,7;58,1
94;58,3;56,7;58,1;57,8
15;56,7;58,1;57,8;55,8
18;58,1;57,8;55,8;57,8
17;57,8;55,8;57,8;57
17;55,8;57,8;57;57,2
7;57,8;57;57,2;52,5
7;57;57,2;52,5;52,6
8;57,2;52,5;52,6;53,3
8;52,5;52,6;53,3;53,1
8;52,6;53,3;53,1;56,8
7;53,3;53,1;56,8;52,5
7;53,1;56,8;52,5;52,9
7;56,8;52,5;52,9;53,6
7;52,5;52,9;53,6;52,6
8;52,9;53,6;52,6;52,6
8;53,6;52,6;52,6;53,3
8;52,6;52,6;53,3;53
8;52,6;53,3;53;55,9
8;53,3;53;55,9;54,3
8;53;55,9;54,3;55,8
8,6;55,9;54,3;55,8;56
8,9;54,3;55,8;56;56
8,3;55,8;56;56;55,9
7,9;56;56;55,9;55,4
7,8;56;55,9;55,4;55,7
7,5;55,9;55,4;55,7;53,2
7,3;55,4;55,7;53,2;52,7
7,1;55,7;53,2;52,7;53,9
7,1;53,2;52,7;53,9;53,5
7;52,7;53,9;53,5;52,7
7,5;53,9;53,5;52,7;52,7
7,9;53,5;52,7;52,7;52,7
8,6;52,7;52,7;52,7;57,7
8,8;52,7;52,7;57,7;55,5
9;52,7;57,7;55,5;54,8
9,2;57,7;55,5;54,8;54,6
9,3;55,5;54,8;54,6;54,2
9,5;54,8;54,6;54,2;53,2
9,6;54,6;54,2;53,2;52,7
9,8;54,2;53,2;52,7;53,9
10,6;53,2;52,7;53,9;53,5
11,3;52,7;53,9;53,5;52,7
10,7;53,9;53,5;52,7;52,7
11,3;53,5;52,7;52,7;52,7
13,2;52,7;52,7;52,7;57,7
15,3;52,7;52,7;57,7;55,5
17,8;52,7;57,7;55,5;54,8
13,6;57,7;55,5;54,8;54,6
12,8;55,5;54,8;54,6;54,2
12,3;54,8;54,6;54,2;54,3
11,6;54,6;54,2;54,3;54,6
11;54,2;54,3;54,6;54,8
11,7;54,3;54,6;54,8;56,2
11,9;54,6;54,8;56,2;55,4
11;54,8;56,2;55,4;56,9
11;56,2;55,4;56,9;55,1
11;55,4;56,9;55,1;56,9
13;56,9;55,1;56,9;56,9
13;55,1;56,9;56,9;56,7
13;56,9;56,9;56,7;56,4
13;56,9;56,7;56,4;56,8
12;56,7;56,4;56,8;55,9
11;56,4;56,8;55,9;53,3
11;56,8;55,9;53,3;53,2
12;55,9;53,3;53,2;53,2
11;53,3;53,2;53,2;59,1
12;53,2;53,2;59,1;58,4
13;53,2;59,1;58,4;58,1
12;59,1;58,4;58,1;60,6
12;58,4;58,1;60,6;58,8
13;58,1;60,6;58,8;58,4
13;60,6;58,8;58,4;58,4
14;58,8;58,4;58,4;58
14;58,4;58,4;58;58,1
13;58,4;58;58,1;58,4
14;58;58,1;58,4;58,1
14;58,1;58,4;58,1;58,2
14;58,4;58,1;58,2;58,8
14;58,1;58,2;58,8;58,1
14;58,2;58,8;58,1;58,7
14;58,8;58,1;58,7;58,1
14;58,1;58,7;58,1;59
14;58,7;58,1;59;58,8
13;58,1;59;58,8;59,5
13;59;58,8;59,5;58,6
12;58,8;59,5;58,6;58,7
12;59,5;58,6;58,7;55,1
13;58,6;58,7;55,1;56,6
13;58,7;55,1;56,6;56,3
14;55,1;56,6;56,3;55,3
15;56,6;56,3;55,3;56,8
13;56,3;55,3;56,8;57
13;55,3;56,8;57;55,3
13;56,8;57;55,3;56,7
13;57;55,3;56,7;54,7
12;55,3;56,7;54,7;56,3
12;56,7;54,7;56,3;54,4
12;54,7;56,3;54,4;55
12;56,3;54,4;55;56,4
12;54,4;55;56,4;56,6
11;55;56,4;56,6;57,5
10;56,4;56,6;57,5;59,1
11;56,6;57,5;59,1;52,4
13;57,5;59,1;52,4;56,7
13;59,1;52,4;56,7;56,7
14;52,4;56,7;56,7;57,2
13;56,7;56,7;57,2;56,6
12;56,7;57,2;56,6;54
12;57,2;56,6;54;56,2
11;56,6;54;56,2;56,3
11;54;56,2;56,3;60,2
11;56,2;56,3;60,2;59,9
11;56,3;60,2;59,9;59
13;60,2;59,9;59;59,4
12;59,9;59;59,4;62,6
14;59;59,4;62,6;59,4
12;59,4;62,6;59,4;57,8
13;62,6;59,4;57,8;58,2
13;59,4;57,8;58,2;57,9
13;57,8;58,2;57,9;58,3
12;58,2;57,9;58,3;57,8
12;57,9;58,3;57,8;58,4
10,8;58,3;57,8;58,4;58
9,6;57,8;58,4;58;57,8
10,2;58,4;58;57,8;58,1
9;58;57,8;58,1;62,4
10;57,8;58,1;62,4;61
10;58,1;62,4;61;61
10;62,4;61;61;60,4
12;61;61;60,4;60,9
10;61;60,4;60,9;60,9
10;60,4;60,9;60,9;60,3
11;60,9;60,9;60,3;60,3
11;60,9;60,3;60,3;60,7
10;60,3;60,3;60,7;59,1
11;60,3;60,7;59,1;59,3
10;60,7;59,1;59,3;59,7
10;59,1;59,3;59,7;59,5
12;59,3;59,7;59,5;58,4
13;59,7;59,5;58,4;59,3
14;59,5;58,4;59,3;60
14;58,4;59,3;60;59,4
15;59,3;60;59,4;57,3
15;60;59,4;57,3;59,3
14;59,4;57,3;59,3;59,5
15;57,3;59,3;59,5;61,3
15;59,3;59,5;61,3;60,6
15;59,5;61,3;60,6;61,1
16;61,3;60,6;61,1;61,2
16;60,6;61,1;61,2;60,7
15;61,1;61,2;60,7;60,8
15;61,2;60,7;60,8;61,3
14;60,7;60,8;61,3;61,1
13;60,8;61,3;61,1;60,6
13;61,3;61,1;60,6;61,6
12;61,1;60,6;61,6;61,1
12;60,6;61,6;61,1;61,2
12;61,6;61,1;61,2;59,3
13;61,1;61,2;59,3;59,8
14;61,2;59,3;59,8;60,4
15;59,3;59,8;60,4;60,4
15;59,8;60,4;60,4;59,6
15;60,4;60,4;59,6;59,3
15;60,4;59,6;59,3;57,3
14;59,6;59,3;57,3;59
13;59,3;57,3;59;59,4
12;57,3;59;59,4;58,8
12;59;59,4;58,8;59,3
11;59,4;58,8;59,3;58,6
12;58,8;59,3;58,6;61,1
11;59,3;58,6;61,1;60,9
10;58,6;61,1;60,9;61,5
13;61,1;60,9;61,5;62
10;60,9;61,5;62;62,2
11;61,5;62;62,2;61,8
12;62;62,2;61,8;62,2
11;62,2;61,8;62,2;61,8
11;61,8;62,2;61,8;62
10;62,2;61,8;62;61,5
9;61,8;62;61,5;61,9
9;62;61,5;61,9;61,6
9;61,5;61,9;61,6;61,9
10;61,9;61,6;61,9;61,7
10;61,6;61,9;61,7;61,5
10;61,9;61,7;61,5;62,1
44;61,7;61,5;62,1;58
40;61,5;62,1;58;67,8
34;62,1;58;67,8;65,7
26;58;67,8;65,7;63,6
32;67,8;65,7;63,6;81,6
52;65,7;63,6;81,6;81,3
45;63,6;81,6;81,3;80,9
41;81,6;81,3;80,9;80,1
38;81,3;80,9;80,1;80,6
35;80,9;80,1;80,6;80,8
32;80,1;80,6;80,8;81,2
32;80,6;80,8;81,2;71,8
31;80,8;81,2;71,8;71
31;81,2;71,8;71;71,1
31;71,8;71;71,1;71,1
31;71;71,1;71,1;71
32;71,1;71,1;71;71,4
26;71,1;71;71,4;80,6
22;71;71,4;80,6;80,8
19;71,4;80,6;80,8;81,2
19;80,6;80,8;81,2;105,9
21;80,8;81,2;105,9;107,1
21;81,2;105,9;107,1;69,2
28;105,9;107,1;69,2;70,1
16;107,1;69,2;70,1;71,5
16;69,2;70,1;71,5;75,6
21;70,1;71,5;75,6;75,3
27;71,5;75,6;75,3;76,5
27;75,6;75,3;76,5;74,3
25;75,3;76,5;74,3;73,4
18;76,5;74,3;73,4;73,8
16;74,3;73,4;73,8;73,9
15;73,4;73,8;73,9;71,6
15;73,8;73,9;71,6;71,8
15;73,9;71,6;71,8;71,3
21;71,6;71,8;71,3;72,4
22;71,8;71,3;72,4;65
22;71,3;72,4;65;63,5
24;72,4;65;63,5;65,5
24;65;63,5;65,5;64,7
19;63,5;65,5;64,7;64,9
17;65,5;64,7;64,9;64
14;64,7;64,9;64;65,1
14;64,9;64;65,1;65,1
15;64;65,1;65,1;64,7
14;65,1;65,1;64,7;65,2
20;65,1;64,7;65,2;65,1
22;64,7;65,2;65,1;65,5
21;65,2;65,1;65,5;64,8
20;65,1;65,5;64,8;65,2
21;65,5;64,8;65,2;65
21;64,8;65,2;65;65,1
18;65,2;65;65,1;65,5
16;65;65,1;65,5;64,8
12;65,1;65,5;64,8;65,5
13;65,5;64,8;65,5;65,4
15;64,8;65,5;65,4;69,1
17;65,5;65,4;69,1;64,8
17;65,4;69,1;64,8;65,4
16;69,1;64,8;65,4;66
15;64,8;65,4;66;64,7
15;65,4;66;64,7;64,8
13;66;64,7;64,8;65,4
12;64,7;64,8;65,4;65,2
12;64,8;65,4;65,2;65,5
11;65,4;65,2;65,5;65,1
11;65,2;65,5;65,1;64,4
10;65,5;65,1;64,4;65,3
11;65,1;64,4;65,3;59,3
14;64,4;65,3;59,3;66,1
16;65,3;59,3;66,1;70,7
16;59,3;66,1;70,7;71,2
15;66,1;70,7;71,2;71,5
14;70,7;71,2;71,5;71,5
14;71,2;71,5;71,5;71
12;71,5;71,5;71;71,3
11;71,5;71;71,3;71,3
10;71;71,3;71,3;71,4
1,7;71,3;71,3;71,4;71,5
1,7;71,3;71,4;71,5;71,3
1,4;71,4;71,5;71,3;69,9
1,3;71,5;71,3;69,9;71,8
1,3;71,3;69,9;71,8;70,7
14;69,9;71,8;70,7;71
13;71,8;70,7;71;71
12;70,7;71;71;71,9
12;71;71;71,9;70,7
11;71;71,9;70,7;72
10;71,9;70,7;72;71,3
10;70,7;72;71,3;67,5
11;72;71,3;67,5;68
10;71,3;67,5;68;66,9
11;67,5;68;66,9;67,8
12;68;66,9;67,8;67,6
14;66,9;67,8;67,6;68,2
12;67,8;67,6;68,2;66,9
12;67,6;68,2;66,9;71
11;68,2;66,9;71;71,9
10;66,9;71;71,9;70,7
8,2;71;71,9;70,7;72
8;71,9;70,7;72;71,3
8,1;70,7;72;71,3;67,5
10;72;71,3;67,5;68
13;71,3;67,5;68;66,9
13;67,5;68;66,9;67,8
13;68;66,9;67,8;67,6
13;66,9;67,8;67,6;68,2
12;67,8;67,6;68,2;66,9
12;67,6;68,2;66,9;68,3
11;68,2;66,9;68,3;68,6
11;66,9;68,3;68,6;67,5
11;68,3;68,6;67,5;65,7
8,1;68,6;67,5;65,7;66,1
8,2;67,5;65,7;66,1;65,4
9,9;65,7;66,1;65,4;66,4
10,1;66,1;65,4;66,4;68
11,4;65,4;66,4;68;68,1
11;66,4;68;68,1;67,2
11;68;68,1;67,2;67,9
10;68,1;67,2;67,9;68
9;67,2;67,9;68;68,3
8;67,9;68;68,3;67,8
8;68;68,3;67,8;68
8,3;68,3;67,8;68;68
8,4;67,8;68;68;68,5
8,5;68;68;68,5;68,2
9,1;68;68,5;68,2;69
9,5;68,5;68,2;69;68,9
11;68,2;69;68,9;70
11;69;68,9;70;68,8
10;68,9;70;68,8;68,9
9,5;70;68,8;68,9;68,4
8,9;68,8;68,9;68,4;69,2
8,4;68,9;68,4;69,2;68,4
7,8;68,4;69,2;68,4;69,4
7,6;69,2;68,4;69,4;69
7,8;68,4;69,4;69;69,4
8;69,4;69;69,4;69,4
8,3;69;69,4;69,4;69,6
8,5;69,4;69,4;69,6;69
8,4;69,4;69,6;69;69,8
8,7;69,6;69;69,8;69,1
8,9;69;69,8;69,1;68,9
8,5;69,8;69,1;68,9;69
8,2;69,1;68,9;69;65,9
7,9;68,9;69;65,9;66,4
7,7;69;65,9;66,4;66,3
7,8;65,9;66,4;66,3;66,2
7,9;66,4;66,3;66,2;66,4
7,5;66,3;66,2;66,4;65,8
7,8;66,2;66,4;65,8;65,8
8;66,4;65,8;65,8;66
8,1;65,8;65,8;66;65,7
8,5;65,8;66;65,7;67,3
8,3;66;65,7;67,3;66,9
7,9;65,7;67,3;66,9;66,7
7,5;67,3;66,9;66,7;66,3
7;66,9;66,7;66,3;67,1
7,1;66,7;66,3;67,1;66,7
7,3;66,3;67,1;66,7;66,7
7,7;67,1;66,7;66,7;66,7
7,7;66,7;66,7;66,7;67,1
8,2;66,7;66,7;67,1;67
8;66,7;67,1;67;66,5
8;67,1;67;66,5;66,3
8,2;67;66,5;66,3;66,6
8,3;66,5;66,3;66,6;66,4
8,6;66,3;66,6;66,4;66,3
8,2;66,6;66,4;66,3;64,9
8,2;66,4;66,3;64,9;66
7,9;66,3;64,9;66;66,3
8;64,9;66;66,3;66,2
7,8;66;66,3;66,2;65
7,3;66,3;66,2;65;66,4
7,1;66,2;65;66,4;65,6
8,6;65;66,4;65,6;65,4
8,9;66,4;65,6;65,4;62,8
9,3;65,6;65,4;62,8;64,2
9,7;65,4;62,8;64,2;63,3
8,4;62,8;64,2;63,3;64,9
8,1;64,2;63,3;64,9;64,3
8;63,3;64,9;64,3;64,6
8,2;64,9;64,3;64,6;64,6
8,5;64,3;64,6;64,6;64,2
8,6;64,6;64,6;64,2;64,5
8,6;64,6;64,2;64,5;64,2
8,9;64,2;64,5;64,2;64,4
8,8;64,5;64,2;64,4;64,2
8,6;64,2;64,4;64,2;64,4
8,6;64,4;64,2;64,4;65,1
8,5;64,2;64,4;65,1;63,9
8,3;64,4;65,1;63,9;64
7,9;65,1;63,9;64;63,8
7,3;63,9;64;63,8;63,6
6,9;64;63,8;63,6;64,2
6,2;63,8;63,6;64,2;64,5
6,3;63,6;64,2;64,5;64,2
6,4;64,2;64,5;64,2;64
6,2;64,5;64,2;64;64,4
7,6;64,2;64;64,4;64,3
7,5;64;64,4;64,3;64,1
8,6;64,4;64,3;64,1;64,3
8,1;64,3;64,1;64,3;64,2
7,5;64,1;64,3;64,2;64,9
7,2;64,3;64,2;64,9;68,7
6,8;64,2;64,9;68,7;64,5
6,6;64,9;68,7;64,5;64,9
5,9;68,7;64,5;64,9;64,8
5,9;64,5;64,9;64,8;64,2
6,5;64,9;64,8;64,2;64,4
6,7;64,8;64,2;64,4;64,1
7,3;64,2;64,4;64,1;64,3
7,1;64,4;64,1;64,3;63,7
7,2;64,1;64,3;63,7;64,5
7;64,3;63,7;64,5;73,2
7,4;63,7;64,5;73,2;63,2
7,3;64,5;73,2;63,2;62,6
7,5;73,2;63,2;62,6;62,4
7,4;63,2;62,6;62,4;62,3
7,2;62,6;62,4;62,3;60,9
7,5;62,4;62,3;60,9;62,5
6,9;62,3;60,9;62,5;63,5
7,3;60,9;62,5;63,5;63,4
7,2;62,5;63,5;63,4;63,5
7,5;63,5;63,4;63,5;63,8
7,8;63,4;63,5;63,8;62,1
9,4;63,5;63,8;62,1;64,8
9,9;63,8;62,1;64,8;61,8
10;62,1;64,8;61,8;61,7
10;64,8;61,8;61,7;62,4
10;61,8;61,7;62,4;61,7
9;61,7;62,4;61,7;61,5
9;62,4;61,7;61,5;62,9
10;61,7;61,5;62,9;61,9
10;61,5;62,9;61,9;62,5
8,3;62,9;61,9;62,5;62,7
9,2;61,9;62,5;62,7;62,9
9,6;62,5;62,7;62,9;62,1
10;62,7;62,9;62,1;61,9
11;62,9;62,1;61,9;62,6
10;62,1;61,9;62,6;62,3
8;61,9;62,6;62,3;62,3
8,4;62,6;62,3;62,3;63,4
8,6;62,3;62,3;63,4;62,1
8,4;62,3;63,4;62,1;63,1
8,2;63,4;62,1;63,1;61,3
8,3;62,1;63,1;61,3;62,1
8,6;63,1;61,3;62,1;62,7
8,5;61,3;62,1;62,7;62,5
8,4;62,1;62,7;62,5;61,9
8,3;62,7;62,5;61,9;62,9
8,1;62,5;61,9;62,9;62,6
8;61,9;62,9;62,6;62,1
7,9;62,9;62,6;62,1;62,5
8,6;62,6;62,1;62,5;62,3
8,3;62,1;62,5;62,3;62,6
8,1;62,5;62,3;62,6;61,1
7,9;62,3;62,6;61,1;62,8
8,5;62,6;61,1;62,8;62,3
9,4;61,1;62,8;62,3;62,5
9,8;62,8;62,3;62,5;62,2
10;62,3;62,5;62,2;60,1
9,3;62,5;62,2;60,1;60,3
9,7;62,2;60,1;60,3;62,9
9,6;60,1;60,3;62,9;62,5
9,6;60,3;62,9;62,5;62,4
8,7;62,9;62,5;62,4;62,6
8,5;62,5;62,4;62,6;62,5
8,8;62,4;62,6;62,5;66,1
9,4;62,6;62,5;66,1;59
10;62,5;66,1;59;58,5
10;66,1;59;58,5;57,2
11;59;58,5;57,2;57,2
12;58,5;57,2;57,2;57,7
10;57,2;57,2;57,7;57,6
9,6;57,2;57,7;57,6;62
9,5;57,7;57,6;62;62
9,3;57,6;62;62;62,7
9;62;62;62,7;62,4
8,8;62;62,7;62,4;62,3
8,2;62,7;62,4;62,3;62,5
8,1;62,4;62,3;62,5;62,8
8,3;62,3;62,5;62,8;62,5
8,6;62,5;62,8;62,5;63
8,9;62,8;62,5;63;62,2
9,1;62,5;63;62,2;63,7
12;63;62,2;63,7;62,2
12;62,2;63,7;62,2;58
11;63,7;62,2;58;57,9
11;62,2;58;57,9;57,4
9,7;58;57,9;57,4;57,6
9,9;57,9;57,4;57,6;60,6
9,4;57,4;57,6;60,6;60,7
10;57,6;60,6;60,7;61,2
11;60,6;60,7;61,2;60,6
11;60,7;61,2;60,6;58
11;61,2;60,6;58;57,5
9,8;60,6;58;57,5;57,4
9,5;58;57,5;57,4;58,1
9,1;57,5;57,4;58,1;57,5
8,6;57,4;58,1;57,5;57,9
8,2;58,1;57,5;57,9;57,7
8,8;57,5;57,9;57,7;57,1
9,1;57,9;57,7;57,1;55,5
9,4;57,7;57,1;55,5;57,9
9,2;57,1;55,5;57,9;58
9;55,5;57,9;58;58,1
9,2;57,9;58;58,1;56,3
9,2;58;58,1;56,3;57,2
10;58,1;56,3;57,2;55,7
9,8;56,3;57,2;55,7;57,2
9,6;57,2;55,7;57,2;57,2
9,7;55,7;57,2;57,2;57
9,2;57,2;57,2;57;57,5
9,1;57,2;57;57,5;57,3
69,1;57;57,5;57,3;57,5
9;57,5;57,3;57,5;58,1
9,2;57,3;57,5;58,1;57,5
9;57,5;58,1;57,5;57,5
9;58,1;57,5;57,5;57,5
8,8;57,5;57,5;57,5;57,4
8,7;57,5;57,5;57,4;57,8
8,7;57,5;57,4;57,8;57
8,6;57,4;57,8;57;57,3
8,6;57,8;57;57,3;57,2
8,6;57;57,3;57,2;57,6
8,2;57,3;57,2;57,6;57,3
8;57,2;57,6;57,3;56,9
7,9;57,6;57,3;56,9;57,3
8,8;57,3;56,9;57,3;57,8
9,7;56,9;57,3;57,8;54,8
9,8;57,3;57,8;54,8;55,4
9,7;57,8;54,8;55,4;54,5
9,6;54,8;55,4;54,5;54,5
9,3;55,4;54,5;54,5;54,1
8,9;54,5;54,5;54,1;55,4
8,6;54,5;54,1;55,4;55,3
8,2;54,1;55,4;55,3;55,1
8,2;55,4;55,3;55,1;55,4
8,3;55,3;55,1;55,4;55,4
8,5;55,1;55,4;55,4;54,8
8,7;55,4;55,4;54,8;55
8,7;55,4;54,8;55;56,1
8,2;54,8;55;56,1;55
7,9;55;56,1;55;55,1
7,8;56,1;55;55,1;54,3
7,6;55;55,1;54,3;53,3
7,5;55,1;54,3;53,3;55,5
7,3;54,3;53,3;55,5;55,1
7,2;53,3;55,5;55,1;55,5
7,3;55,5;55,1;55,5;55
7,6;55,1;55,5;55;55,7
6,8;55,5;55;55,7;55,3
7,3;55;55,7;55,3;55,2
7,9;55,7;55,3;55,2;55,9
8,2;55,3;55,2;55,9;66,4
8,5;55,2;55,9;66,4;67,7
8,7;55,9;66,4;67,7;69,7
8,8;66,4;67,7;69,7;58,5
8,6;67,7;69,7;58,5;56,2
8,5;69,7;58,5;56,2;55,9
8,8;58,5;56,2;55,9;55,7
12;56,2;55,9;55,7;55,1
15;55,9;55,7;55,1;55,4
34;55,7;55,1;55,4;55,6
43;55,1;55,4;55,6;55,5
49;55,4;55,6;55,5;56,3
58;55,6;55,5;56,3;56,2
67;55,5;56,3;56,2;71,9
82;56,3;56,2;71,9;79,7
141;56,2;71,9;79,7;80,6
193;71,9;79,7;80,6;94,7
182;79,7;80,6;94,7;93
171;80,6;94,7;93;69
174;94,7;93;69;68
162;93;69;68;67,6
149;69;68;67,6;73,1
122;68;67,6;73,1;68,3
98;67,6;73,1;68,3;67,6
87;73,1;68,3;67,6;68,6
73;68,3;67,6;68,6;67,7
59;67,6;68,6;67,7;67,6
47;68,6;67,7;67,6;65,4
37;67,7;67,6;65,4;64,4
38;67,6;65,4;64,4;64,9
36;65,4;64,4;64,9;64,6
34;64,4;64,9;64,6;64,8
34;64,9;64,6;64,8;64,4
34;64,6;64,8;64,4;64,6
35;64,8;64,4;64,6;64,3
36;64,4;64,6;64,3;63,9
35;64,6;64,3;63,9;64,2
34;64,3;63,9;64,2;64,1
33;63,9;64,2;64,1;64,4
31;64,2;64,1;64,4;64
32;64,1;64,4;64;64
31;64,4;64;64;63,9
30;64;64;63,9;65,5
33;64;63,9;65,5;64,8
35;63,9;65,5;64,8;65
33;65,5;64,8;65;64,5
31;64,8;65;64,5;65,5
31;65;64,5;65,5;64,8
33;64,5;65,5;64,8;64
30;65,5;64,8;64;64,9
32;64,8;64;64,9;65,8
32;64;64,9;65,8;65,9
31;64,9;65,8;65,9;65,8
34;65,8;65,9;65,8;65,1
33;65,9;65,8;65,1;65,5
34;65,8;65,1;65,5;75,8
31;65,1;65,5;75,8;67,2
29;65,5;75,8;67,2;65
27;75,8;67,2;65;64,8
25;67,2;65;64,8;64,5
25;65;64,8;64,5;64,2
24;64,8;64,5;64,2;64
25;64,5;64,2;64;64,4
25;64,2;64;64,4;64,9
25;64;64,4;64,9;64,6
26;64,4;64,9;64,6;61,2
28;64,9;64,6;61,2;61,7
29;64,6;61,2;61,7;61,1
27;61,2;61,7;61,1;61,4
25;61,7;61,1;61,4;61,1
23;61,1;61,4;61,1;61,9
22;61,4;61,1;61,9;61,2
21;61,1;61,9;61,2;61,2
21;61,9;61,2;61,2;61,5
20;61,2;61,2;61,5;61,7
21;61,2;61,5;61,7;61,1
25;61,5;61,7;61,1;61,1
27;61,7;61,1;61,1;61,5
28;61,1;61,1;61,5;61,4
28;61,1;61,5;61,4;60,5
27;61,5;61,4;60,5;60,9
27;61,4;60,5;60,9;61,5
25;60,5;60,9;61,5;61,5
25;60,9;61,5;61,5;61,3
23;61,5;61,5;61,3;61,1
25;61,5;61,3;61,1;59,5
22;61,3;61,1;59,5;62,7
23;61,1;59,5;62,7;62,4
25;59,5;62,7;62,4;62,5
25;62,7;62,4;62,5;62
26;62,4;62,5;62;61,6
24;62,5;62;61,6;59,8
23;62;61,6;59,8;61,2
21;61,6;59,8;61,2;61
21;59,8;61,2;61;60
21;61,2;61;60;61,2
21;61;60;61,2;61,2
23;60;61,2;61,2;60,9
25;61,2;61,2;60,9;61,3
27;61,2;60,9;61,3;61,7
26;60,9;61,3;61,7;61,1
25;61,3;61,7;61,1;62,2
23;61,7;61,1;62,2;62,9
19;61,1;62,2;62,9;61,2
17;62,2;62,9;61,2;61
16;62,9;61,2;61;60
16;61,2;61;60;61,2
16;61;60;61,2;61,2
17;60;61,2;61,2;60,9
17;61,2;61,2;60,9;61,3
18;61,2;60,9;61,3;61,7
18;60,9;61,3;61,7;61,1
19;61,3;61,7;61,1;62,2
19;61,7;61,1;62,2;62,9
17;61,1;62,2;62,9;62,2
16;62,2;62,9;62,2;62
15;62,9;62,2;62;61,7
14;62,2;62;61,7;62,3
13;62;61,7;62,3;62,6
13;61,7;62,3;62,6;61,9
13;62,3;62,6;61,9;62,1
14;62,6;61,9;62,1;61,8
18;61,9;62,1;61,8;61,7
20;62,1;61,8;61,7;61,2
27;61,8;61,7;61,2;61,6
83;61,7;61,2;61,6;67,5
125;61,2;61,6;67,5;92,6
184;61,6;67,5;92,6;66,9
195;67,5;92,6;66,9;91,7
247;92,6;66,9;91,7;92,5
256;66,9;91,7;92,5;91,2
155;91,7;92,5;91,2;92,2
131;92,5;91,2;92,2;91,8
201;91,2;92,2;91,8;92,8
189;92,2;91,8;92,8;95,2
177;91,8;92,8;95,2;93,7
241;92,8;95,2;93,7;93,5
192;95,2;93,7;93,5;93,9
188;93,7;93,5;93,9;91,9
