5,8;45,1
11;65,8
17,1;88,5
105;80,1
5,8;46,5
44;90
7,9;50,7
8,7;48,6
18;79,3
44;81,3
122;80
7,3;58,8
5,6;65,9
9,1;69,4
19;63,7
12;54
17;61
6,9;96,8
5,3;44,8
7,2;66,8
36;71,6
14;67,4
100;76
11;77
47;73,4
38;91,6
7,5;79,3
54;74,9
5,7;68,2
7;92
9,3;56,1
6,5;48
23;80,3
132;84,2
7,8;51,5
8,1;60,2
82;71,3
9,4;54,4
25;61,3
6,9;50,5
18;67,9
138;78,3
8,1;71,3
10;64,6
64;77,9
5,1;40
6,4;63,8
203;114,7
5,6;77,7
24;63,6
13;55,3
30;60
90;83
12;63
14;62,3
11,5;83,7
5,8;39,5
5,8;35,2
6,1;48,8
41;81,5
47;117,7
53;74,8
30;83,3
6,2;65,4
91;105,4
31,9;82
6,7;78
17;51,5
86;88,7
24;78,2
14;68,1
5,2;67,1
4,4;92,8
7,4;39,7
4,5;53
8,3;51,5
57;76,5
7;57,1
6,7;55
9,8;59,5
89;89
61;82,1
40;73,2
20;63,3
8;53,1
34;108
5,9;37,5
7,2;46,1
6,5;52,3
13;94,6
45;69,8
7;55,5
32;83,2
4,5;52,8
9,5;51,8
8,1;79,9
110;82,4
4,4;85
12,8;83,5
80;89,6
7,5;63
12;58,7
13;70,9
5,4;58,3
9,9;57,2
12;56,4
7,9;58,2
5,6;39,9
8,9;66,3
17;83
4,4;52,7
40;96,5
29;88,4
20;49,1
6,3;86,1
12;48,9
30;69,2
6,2;66,1
7,1;50,7
10;58,6
121;82,9
13;56,3
7,6;64,3
53;83
40;72,4
22;66,7
28;82,4
5,5;45,9
11;65
10;59,1
53;76,8
37;78,5
5,4;47
26;80,7
45;82
6,6;40,7
29;61,8
5,2;64,3
4,6;36,5
5,8;42,2
8,4;69,8
6,2;48,2
5,4;40
5,8;50,7
33;69
7,5;98,6
165;113,3
7,7;53,3
150;78
7,8;75,8
76;67,4
7,5;85,7
41;83,5
7;56,4
46;80,8
7,6;63,6
56;70,4
14;58
29;80,7
5,8;85,5
4,2;53,4
6,3;57,7
6;96
8,2;69,1
180;77,3
188;91,9
6;66,4
6;37,5
99;83,1
9,8;78,7
18;78,5
12;64,3
39;84,3
51;70
4,8;52,6
9,8;65,2
53;80,7
7,8;92,5
6,6;68,1
22,9;101,3
8,8;62,1
7,4;56,7
17;89
18;88,2
9;58,1
40;72
11;61,5
18;70,7
6,5;40,2
18,4;86,1
65;74,6
10;64,7
36;103,3
6,6;65,4
5,1;93,7
9,3;58,2
17;65,8
9,9;58,4
7,3;43,5
14;78,1
175;108
64;81,8
20;63,1
38;68,9
38;107,3
6,7;48,6
51;93,5
8,6;68,7
13;71
15;51,3
7,2;60,5
29;97
51;76,3
4,7;87,2
6,4;99,4
4,7;92,6
20;81,1
5,4;45,1
8,5;61,6
5,4;45,1
12;63,7
13;56,9
7,6;69
13,5;70,4
249;95
7,8;53,6
33;82,5
17;83,8
18;83,3
32;104,6
5,8;47,3
14,2;71,9
6,5;68,3
40;67,5
35;70,9
4,3;50,2
83;98,9
7;57,8
8,1;68,8
36;68,3
8,6;70,7
52;78
13;60,1
4,9;44,5
34;70,1
8,6;65,8
46;77,1
29;84
6,2;48,3
52;79
15,5;83,3
7;62,6
36,1;87,3
74;84,2
7,4;47,9
4;54,2
66;74,5
5,6;47,1
15;48
4,6;37,2
24;63,5
65;73,3
67;76,9
4,6;53,1
88;107,4
22;88,2
45;76,1
23;66,3
6,2;45,5
8,2;68,4
55;79,4
41;75,2
10,2;58,1
17;65,4
15;55,8
9,3;56,7
22;64,6
8,3;40,6
152;78,1
6,9;55,4
8,6;68,6
11;53,2
8,5;71,4
8,1;78,9
12;79,5
7,1;56,8
6,8;46,5
26;79,9
31,8;92,5
9,3;56,1
13;64,4
12;51,2
7,5;58,4
48;75,1
21;82,5
4,7;53,5
10;59,1
5,3;38,4
12;55
28;70,9
18;70,7
12;55,9
30;78,2
14;70,9
26;48,7
6,2;41,8
12;65,2
71;76,3
5,1;49,2
8,1;53,4
7,9;55,9
4,8;50,3
4,8;36,4
98;58,6
10;65,8
45;82,3
19;67
31;68,1
33;96,8
5,3;50,6
12;66,8
6,8;49,3
27;77
4,7;84,2
105;52,9
6,1;45,6
11;79
17;64,4
9,7;63,3
7;64,3
60;84,1
7,4;42,5
52;78,1
36;82,3
13;62,6
101;85,4
15;74,2
37;72,7
32;86,1
23;68,9
38;83,6
7,8;65,2
10,1;59,2
7,1;61,3
10;59,3
17,9;83,6
4,1;92,5
21;88,2
20;73,6
6;50,2
13,8;70,4
47;103,5
23;64,8
6,1;68,9
4,6;53,6
54;77,6
6,9;88,8
10;58,7
45;101,8
22;80,7
6,2;60
11;64,4
9,4;59,8
53;68,7
28;80,3
6,6;99,2
11;60,7
8,1;70,1
8;56,9
55;80,2
5,9;59
7,1;35,3
13;55,3
4,8;84,4
5,9;44
6,6;68,9
9,6;57,2
25;81,4
4,5;47,1
65;79,3
8,6;80,5
35;64,9
6,8;46,1
7,6;83,6
5,6;54,8
5,5;37,5
6,9;47,1
65;87,1
19;75,6
9,1;48,7
8,9;58,6
16;85,1
34;67,3
36;67
42;73,3
19;72
32;89,1
9,4;58,4
7,4;58,8
14;76
259;104,5
9,6;58,7
8;78,6
9,5;48,8
27;85,5
25,7;41,1
10;69,9
6,9;55,1
7,6;63,5
7;91,5
15;65,4
9,7;56,9
19;70,9
61;84,3
36;71,8
26;67,5
17;58,4
36;63,9
8,5;67,9
6,5;92,7
4,4;50,5
4,9;40
61;70
5,3;36,4
34;65,7
51;90,5
6,5;49,1
11;68,8
101;74,9
59;87,5
7,2;103,7
17;81,3
6,8;64,1
4,4;53,7
25;64,9
7,7;88
5,4;36,8
26;67,8
74;83,5
72;77,6
18;61,7
12,8;66
4,4;80
33;80,7
108;85,4
80;74,1
4,9;36,5
83;86,7
6,8;67,7
13;59,8
48;79,9
72;74,4
4,5;50,6
66;72,6
49;82,2
8,3;69,3
25,8;89,8
4,5;87
17;71
18;71,1
6,4;45,6
42;73,6
9,5;61,6
65;77,6
20,3;64,6
10,6;56
35;86
14;54
13;81,9
28;88,7
70;83
37;84
5;38,7
9,5;60,2
21,9;77,5
6,2;64,5
5,8;47,4
9,1;80
12;48,1
117;89,4
8;62,1
93;90,6
5,7;56,1
109;75,7
19;75,6
31;78,6
72;73,8
14;86,7
19;83,3
25;65,6
15;70,6
202;107,4
84;83
6,6;59,2
15;59,4
4,2;84,8
8,8;55,7
10;60,4
45;72,2
9,3;74,4
6,8;62,7
9;40,2
6,4;78,4
5,5;45,7
4,4;50,2
25;68,5
7,5;59,1
36;70,4
12;60,7
5,7;47
37;80,3
7,1;66,1
13;59,4
70;70,3
9,4;59,9
23;80,8
21;62,8
39;65,5
137;75
57;80,9
66;70
8,8;71,6
273;116,8
57;67,7
8,4;77,1
6,1;49,2
8,8;68,3
4,2;50,1
9,7;65,6
5,3;33,9
8,2;77,3
16;85,6
37;73,5
114;81,9
8,5;72,7
51;65,3
89;85,8
5,7;68,5
9,6;46,8
18;70,5
114;79,5
46;77,8
8,3;78,6
58;72,5
12;54,9
40;48,4
90,9;88,7
5,5;64,6
7,4;61,5
17;65
9,7;49
4;62,5
31;67,2
58;96,6
10,1;68
13;87,6
18;78,1
235;117,3
20;80,3
4,4;53,8
13;70,9
26;81,1
43;55,5
52;76,3
98;85,7
6;87
9,6;62
20;80,3
12;62,2
7;43,9
18;48,6
5,6;67
20;70,5
4,3;55,1
13;53,9
155;77,6
16;83,5
7,6;92,1
8,2;62
57;76,8
18,9;82,6
35;70,7
75;103,3
99;84,9
12;64,2
5,6;37,8
92;83
122;77,1
6,4;68,4
19;65,3
4,2;85,6
6,3;59,1
19;86,8
22;80
17;92
6,1;60,3
17;68,4
5,8;34,4
4,1;49,5
87;101,5
108;89,5
5,2;67,1
8,4;54,7
34,5;89,8
6,6;64,5
75;85,4
52;76,3
127;93,1
21,8;76,3
6,4;39
12;79,8
64;79,4
7,5;58,5
36,3;88
10;63,6
14;61,5
19;80,3
42;78,5
35,8;86,6
53;75,5
8,3;73,4
39;83,9
54;104,8
58;88,9
15;76
38,2;113,2
33;68,3
48;98,2
102;81,4
94;88,6
12;69,5
66;70,2
7,3;39,7
67;78,2
50;81
27;73,8
64;76,4
6,8;61
6;56,4
59;80,4
6,4;67,8
8,6;44,4
9,7;48,5
29;88,4
9,6;57,1
5,2;37,7
7;70,5
4,7;71,1
11;57,8
39;90,7
11;61,1
7;55,6
7;85,3
90;89,5
8,1;75
12;78,4
7,9;56,2
7,3;67,6
65;74,2
20;65,5
18;73,8
8,3;71,6
11;59,3
10;62,5
27;81
5,4;43,7
89;98,1
6,7;68,1
45;84,3
6,7;55,1
86;76,2
4,9;37,5
7,7;66,3
24;48,4
45;65,7
7;48,4
21,5;79,1
3,9;42,1
24;67,5
17;60,7
8;65,2
7,1;52
93;83
4,8;41,7
22;69
9,3;44,1
5,8;40,1
1,3;52,8
33;75,5
38;65,5
7;35,8
5;40
5,5;44,8
120;79,7
17;65
36;82,3
6,2;42,4
10;53,7
6,8;64,3
13,7;86,2
19,7;82,6
4,6;49
6,7;53,4
50;76,1
98;67,6
6,2;77,6
7,1;40,9
9,8;57,3
6;58,1
8,7;53,7
27;83,3
48;65,1
45;70,3
74;74
51;101,3
51;73,4
4,3;53,1
37;70,1
12;56,4
16;66
6,5;55,5
4,5;50,2
54;60,7
13;53,3
48;101,5
26;66,7
7,5;52,7
6,3;90,9
98;83
43;73,9
17;92,4
6,1;68
25;79,4
6,1;55,8
5,3;44,2
32;73,7
70;72,6
37;80,4
23;80,6
78;80,2
32;67,8
39;77,7
6,9;63,9
6,4;87,4
19;64,1
29;68,2
49;78,3
6,8;68,3
60;85
4,8;88,4
71;85,9
8,6;68,5
139;84,7
22;67,7
5,9;45,9
6,7;55,9
27;61,4
103;90,3
8,4;51,1
8,6;65,1
49;79
6,4;47,5
6;55,3
6,9;45,8
7,8;78,5
8,3;62,9
6,8;46,4
38;75,3
8,7;69,4
7;64,2
5,9;47,6
46;53,2
48;80,3
38;80,5
17;71,8
11;60
7,9;73,8
55;80,4
8,8;62,3
37;107,3
35;74,2
13;85,2
31;71,6
11;53,8
117;89,1
118;83
18;65,6
9,3;48,1
11,4;68,1
55;73,3
68;85,3
66;70,4
7,3;63,4
4,8;50,6
9,2;59,8
6,8;55,1
8,4;69,6
7,6;59,1
35;68,1
6,9;41,1
19;50
12;78,8
7,6;34
120;77,8
157;77,6
22;61,4
11,5;68,4
4,6;97,1
42;81,2
6,7;46,2
26;93,2
8;70,1
108;99,7
9,3;46
8,7;48,2
4,2;89,6
18;69,2
47;89,5
55;86,3
8,4;78,9
6;50,8
6,7;61,8
13;56,4
6,6;62
18,9;82,5
9,3;47,2
6,2;48
18;64,8
18;72,1
105;85,9
29;84,3
52;90,7
6,8;65,1
6,8;99,8
10,9;89,8
63;77,6
14;58,1
5,9;48,7
6,8;99,4
4,2;53,7
191;100,6
5,5;65,1
4,7;57,3
12;68,6
137;91,1
13;68,3
8,2;69,3
14;87,4
30;67,3
293;99
16;72,5
72;77,3
42;70,2
12;53,6
36,9;88,5
48;73,1
6;64,7
10;62,1
58;75,4
8,8;48,8
8,5;65,9
28;83,3
63;74,2
13;70
8,4;41,2
58;56,2
5,5;65,5
6,7;46,7
37;69,4
7,6;53,6
19;66
36;116,5
75;64,9
17;87,8
8,1;64,2
54;88,7
11,3;85,4
11;78
6,8;56,7
7,8;58,4
6,7;87,3
32;67,4
8,3;75
6,9;99,1
6,8;49
12;68,1
6,1;66,7
27;78,2
57;81,2
10;55,8
41,9;112,7
52;73,4
93;70,1
6,6;47,5
22;66,7
109;86,2
28;93,5
40;80,7
10;64,1
9,6;53,2
43;80,5
8,8;58,8
6,8;67,8
62;76,6
38;69,9
8;65,5
45;77,1
5,3;44
82;102,1
4,5;53,2
18;67,5
50;84,1
5,7;50,8
7,6;36,3
64;85,3
7,1;35,3
8,3;51,5
58;84,7
11,8;83,4
184;84,6
51;80,4
7,6;67,5
8,4;53,1
3,9;52,3
8,4;57,2
7,1;56,1
8,5;62,9
5,6;87,5
36;68,8
242;97,9
41;95,7
6,3;96,7
14;78,4
58;79,6
139;78,8
5,5;62,8
9,4;65,1
24;80,1
23;64,9
70;89,4
7,2;46,4
7;65
5,9;45,7
4,4;51,2
9,4;40,3
15;51,5
14;68,2
26;70,9
5,2;46,6
9,3;57,8
8;63,3
5;54,5
9,8;62
41;68,9
6,8;49,7
74;73,6
21;64,5
5,6;93,2
5,6;84,4
5,2;64
4,9;71,5
9,2;65,4
6,1;45,3
39;70,1
4;40,8
8,4;61,1
83;72,8
11,2;80,6
9;67,1
23;68,4
22;66,4
184;63,1
4,3;53,2
30;74,6
6,1;54
22;69,2
15;83,1
9,2;90,5
21;74,9
14;58,1
5;80,1
38;73,3
88;90,6
12;82
30;81,9
6;86,3
6,9;53
6,1;35,6
41;73,1
6,1;49,1
7,8;52,4
73;73,9
8,2;58,5
18;80,7
18,5;87,5
6;58,6
8,3;69,2
56;92,9
13;62,8
7,4;97,9
7,1;96,2
105;77,7
52;78,7
21;78,7
10;60,9
7,2;47,1
7,3;58
106;78,5
4,5;53,5
8;61
5,3;49,4
6,3;61,4
5,9;40,9
15;85,5
18;72,1
178;91,8
5,4;46,1
4,7;53,6
9,9;39,9
6,4;48,5
83,2;91,6
12;63
12;60
38;106
7,2;97,3
14;50,3
4,6;51,3
7,8;49,3
8,8;59,5
7;53,2
20;64,7
34;77,7
33;88,6
69;85,2
9,2;52,8
13;44,9
36;97,9
7,2;44,7
6,6;41,7
7,1;53,9
6,5;56,4
11;55,6
4,8;48
9,6;57,8
8;46,3
5,6;86,3
5,4;35,9
22;68,4
38;69,2
7,8;57,9
88;73,9
14;59
22;64,5
30,8;81
83;82,8
5,1;47,1
21;85,2
6,2;36,4
10;68,5
7,2;37
83;89,6
8;67,7
4,1;52,9
15;71,8
6;49
6,2;58
29;65
5,3;44,5
17;68,8
22;65,4
9;61,5
6,4;63,6
45;121,6
45;70,4
30;59,7
41;100,9
33;64,5
11;63,5
9,4;61,8
57,6;99,1
46;80,6
4,8;94,3
7,9;51,7
24;85,6
7,6;92
6,2;41
8,9;70,4
4,5;50,2
6,2;88,1
7,5;71,4
6,9;47,9
62;76,5
5,9;37,8
18;84
7;60,5
64;84,2
6,1;96,3
8,2;50,2
33;82,5
18;61
16;68,3
7,7;56,4
5,1;65,8
12;59,3
90;105,6
70;89,8
18;89,4
9,7;63,9
6,8;62,9
6,8;56,5
7,4;65,7
7,1;72,4
43;84,5
66;91,7
12;60
4,8;40
6,6;92,4
81;86,1
13;67,2
8,1;58,3
24;48,8
8,1;62,9
5,7;34,7
72;70,4
8,8;65
38;84,2
13;61,7
28;70,1
162;106,2
18;91,3
91;83
10;63,9
35;84,3
28;78,7
20;71,5
23;81,2
6;87,6
28;66
35;70,9
17;67,6
13;86,7
221;88,2
51;85,7
7,7;46,6
14;61,1
6,6;63,1
21;78,4
4,5;51,9
19;65,4
4,1;53,1
18;87,1
88;123,1
12;59,5
9,5;47,2
30;61,7
7,9;51,9
16,3;91,5
11;76,4
35;83
16;61,2
6,9;61,9
12;65,6
56;92,2
29;73
6,1;48,6
5;64,2
101;99,9
124;75,6
6,6;68
6,5;43,2
41;78,8
119;82,2
5,2;81,4
131;84,4
59;82,3
5,4;45,1
8,4;75,6
33;64,9
74;84,1
6,9;53,3
4,9;40,5
12;72,5
7,2;98
8,6;53,1
33;61,5
7,2;64,6
13;53,3
8,2;94,3
51;73,6
5,2;44,7
46;85,5
12;59
6;42
7,1;51,6
13,3;85,9
6,8;86,7
7,4;54,5
6,4;61,7
15;64,2
33;67,7
31;73,9
23;65,2
14;77,7
7,7;74,1
10;64,9
19;81,6
28;72,8
8,2;55,4
34;67,5
6,6;45,8
8,3;71,6
16;71,2
39;81,9
41;61,8
103;111,7
8,8;57,4
18;67,9
14;60,6
47;81,4
8,5;51,5
20;65,1
5,4;43,7
5,7;47,9
9;56,5
47;80
16;68
4,3;53,3
12;70,7
46;73,4
93;89,1
103;83
36;90
7,2;58,8
5,5;64,5
8,5;65,6
58;82,6
58;75,4
30;76
7,4;46,3
5;58,2
6,9;67,7
25;73
128;83
15;56,8
9,2;54,1
15;51,9
7,9;66,4
17;68,9
18;67,6
40;73,2
44;83,8
66;70,2
5,1;72
14;67,9
5,7;61,4
4,5;36,9
19;68,3
6,3;90,7
7,4;45,2
10;63,6
5,4;49,4
23;85,5
17;65,2
16;48,7
12;50,3
39;77,5
14;67,3
38;84,2
8,6;63,8
21;71,6
145;91
11;57,5
6,1;36,8
96;85
9,2;62,9
155;77,4
65;85,1
6,6;83,8
111;78,2
4,9;49,6
9;76,8
6;55,9
36,4;92,1
24,5;91
5,9;56,3
5,7;45,3
42;78,3
5,3;58,9
19;81,4
42;90,3
4,8;88,4
6,3;77,1
55,9;98,4
94;88,8
79;92,7
19;68,3
11;60,7
20;66,5
6,5;50,4
30;89,5
6,4;82,9
20;79,4
8,4;62
37;107,5
20;68,4
7,5;64,1
13;66,1
8,4;51,4
5,5;63,9
6,8;68,6
17;79,4
89;73,9
49,2;84,9
25;79,8
6,4;60,9
4,6;81,8
12;57,7
7,7;65,1
38;74,1
8;56,9
6,9;83,6
10,4;68,2
14;63,4
76;65,2
6,7;47,3
22;68,4
7,1;44,5
8,8;54,1
9,6;59,3
68;70,4
32;63,2
4,3;89,9
40;73,2
5,6;34,8
5,6;60,9
9;64,4
4,2;49,7
6,6;47,5
5,6;68,5
50;74,1
15;69,1
96;84,2
49;75,6
69;84,2
35;86
4,6;48,9
69;75,5
30;79,9
72;70,3
76;75
13;62,4
17;68,4
15;59,6
54;53,1
6,1;60,8
8,6;75,2
35;66,1
92;109,7
18;70,9
51;76,1
11;65,1
9,7;67,9
57;81
131;81
7,8;64,7
10;65,3
6,7;52,5
14;77,1
4,6;48,5
6,1;36,2
21;75,9
103;91,1
27;64,2
12,9;85,7
12;78,6
11;64,4
8,7;81,9
9,4;64,8
5,2;47,5
44,5;99,9
5,7;68,1
78;80,2
9,1;79,6
4,6;50,4
117;100,8
12;66,4
19;105,9
5,1;101
22;89
29;66,7
9,3;53,8
8;56,8
20;62
7,5;98,3
143;75
60;69,4
32;97,9
36;70,4
9;65,1
35;81,5
13;60,6
13,5;71,5
21;81,4
13;94,5
4,7;42,1
62;103,5
14;79,8
31;65,5
51;47,1
46;83,9
11;64,4
5,6;48,5
38;66,4
51;84,3
20,6;99,1
7;55,6
4;52,2
42;96,4
4,9;71,5
8,5;57
10;62,6
7,1;86,1
4,8;38,5
6,8;46,3
8,4;62,3
5,1;57,9
23;67,4
30;65,7
17;91
9,8;65,1
9,8;58,6
9,2;48,8
7,5;65,8
13,5;85,3
6,8;98,3
9,6;59,7
6,3;67,9
7,4;52,1
4,1;54,6
52;77,1
31;66,9
20;67,4
53;92,1
20;77,8
8,4;61,7
6,6;67,7
51;86,7
70;99,7
19;80,4
6,7;64,5
4,2;53,1
19;73,4
27;67
4,7;82,7
59;67,7
10;51,1
7,8;56,1
73;74,4
6,4;46,8
49;80,1
11;56,9
10;70,4
10,1;67,9
5,7;35,9
35;65
5,6;106,7
27;62,2
5,5;45,3
5,6;66,6
46;70
123;82,9
6,5;77,7
232;90,7
61;81,6
9,2;55,9
9;56,8
57;83,6
7,8;66
52;73,4
7;64,4
6,7;39,9
12;60,1
45;73,5
5;86,7
6,2;85,7
98;84,6
8;65
88;75,1
445;74,7
7,5;44,5
46;84,2
7;49,7
5,5;48,3
5,4;67,1
58;96,2
12;58,5
8,6;65,8
60;79,7
7,9;50,1
6,1;56,4
15;54,9
110;92,2
4,6;78,8
5,8;98,6
4,9;51,6
7,1;99
229;101,5
59;67,7
9,8;51,1
10,2;63,8
153;92,9
42;79,3
8,4;65,3
8,2;74,5
4,5;52,4
7,5;34,5
7,9;66,3
7,9;80,1
4,3;52,5
53;73,4
141;100,8
121;77,8
99;90,9
7,2;64,1
6,5;50,6
31;88,8
201;92,8
5,7;84,7
84;76,2
62;70,4
12;55,3
7;46,4
8,3;70,1
8;68,9
7,5;48,9
42;79,7
6,8;46,4
9,8;67,9
4,5;50
6,7;108,7
8,1;59,4
52;74,4
9;58,4
8,2;73,7
82;99,4
7,6;65,3
8,4;57,8
20;71,2
56;75,6
6,1;86,9
57;64,9
6,6;51,8
16;83,4
65;83,5
8,7;76,4
7;64
12;62,2
21;65
13,9;69,1
46;73
38;69,6
48;65,9
5,5;45,5
4,8;88,8
9,8;78,8
7,6;82,5
30;73,7
12;69,9
40;104,5
8,3;51,9
78,2;95,7
123;96,5
8,4;68,6
17;81,4
32;81,2
13;69,8
14;86,9
19;69,2
4,4;52,7
7,3;45,7
4;53
32;73,3
37;81,2
12;60
8;68,5
14;62,2
4,4;50
9,9;47
47;82,2
23;80,2
6,6;55
7;62
34;73,6
39;67,2
11;70,1
39;91,5
23;65,4
9,5;59
17,7;73,7
23;64,7
7,3;36,9
4,9;91,1
8,8;51,5
4,7;90,4
8,5;62,5
72;84,6
7,1;58,9
52;73,3
82;65,3
18;70
8,9;68
8,6;56
18;69,4
7,9;66,4
8,4;73
23;80,4
44;73,7
12;47,9
18,9;82,2
13,9;79,8
4,6;94,5
5,9;64,1
6,4;41,4
69;71,5
5,2;64,3
6,6;40,6
7,2;84
40;109,5
5,6;65,9
92;78,4
32;88
5,2;91,2
6,3;62,8
31;71
4,9;36,1
18;76,2
4,3;87,7
27;61,7
5;36,2
4,8;56,2
11;59,1
21;78,4
6,8;44,3
6,3;56,5
26;68,8
5,5;71,5
34;69,8
165;78,2
4,9;95,1
6,1;43,8
26;81,2
20;63,7
6,1;45,8
37;69,2
5,4;39
6,7;67,9
41;77,6
44;82,3
5,5;68,7
49;67,7
9,3;51,8
6,6;93,6
8,5;59,3
8,2;65,1
50;85,2
5,8;43,7
5,4;58,1
11;71,9
38;77,8
6,7;39,5
7,5;58,5
14;59,2
85;80,2
35;87,7
10;61,5
5;50,6
26;88,7
11;76,3
34,1;82
9,1;81,5
13,2;82,1
8,2;66,6
4,3;53,3
6,7;65,4
8,4;61,4
37;108
4,1;49,9
48;76,7
4,6;93,4
17;66,2
8,3;57,5
26;85,2
6,9;84,8
7,2;52,5
15;83,6
66;64,9
82;114,7
4,3;86,4
7;52,9
5,3;87,2
5,3;42
30;78,5
108;67,4
15;77,3
5,4;55,4
7,8;65,2
19;62,2
6,1;37,8
11;67,1
39;65,7
5;78,8
7,3;38
56;74,7
8,5;48,3
37;82
43;47,4
88;76,2
8,8;64,6
6,6;56,7
20;87,6
4,3;55
37;61,2
7,6;52,9
5,2;37,5
9;51,6
7,5;63,8
8,5;70,2
52;85,9
23;60,9
51;73,4
24;81,3
59;112,5
157;66,6
6,6;65,3
5,5;41,7
20;86,1
7,3;51,1
14;59
23;63,8
8,4;61,9
5,1;49
11;60,6
21,2;91,5
70;73,9
9;74,6
9,4;49,4
6,8;55
9,6;68,2
15;66,3
24;82,7
25;48,7
16;68,7
8,2;67
117;88,8
8,6;50,4
9,8;59,2
7,1;69,4
4,7;50,3
7,6;49,7
27;84,4
6,6;65,4
8,4;69,9
13;85,9
7,8;54,3
11;68,1
5;64,8
5,7;55
35;87,7
49;74,4
5,4;44,4
4,4;92,8
5,1;40
9,3;62
9,7;71,3
5,7;67,9
8,9;69,6
7,8;84,5
11;68
9;76,4
4,7;49,9
5,1;37,5
89;75,5
4,7;67,1
10;52,4
32;84,1
157;124,1
4,1;53,5
5,6;50,5
34;97
43;75,9
6,5;64,5
5,7;64,9
37,4;82,8
4,1;89,8
50;74,4
5;67,2
25;48,9
7,6;49,9
7,6;63,1
40;66,7
9,8;65
34,4;82,4
4,5;57,3
6;97,4
86;76,2
8,2;76,2
40;80,1
19;76,5
21;76,5
6,7;31,2
6,8;62,4
4,4;53,9
317;111,7
215;121,9
5,3;66,4
7,2;77
6,8;62,6
17;87,4
6,4;65
13;67,3
5,5;35,7
9,8;65,8
18;62
60;75,2
6,3;65,4
54;98,7
5,2;65,2
4,4;93,9
6,8;55,6
16;85,6
48;63,3
36;55,8
13;64,9
7;55,7
4,4;54,3
21;65,1
39;71
6,7;76
7,5;75,3
12;68,8
6,7;65,4
38;65,5
6,3;49,2
72;77,5
8,2;55
34;73,7
7;55,2
6,4;96,8
18;67,5
26;63,5
6;41,3
4,6;40,9
93;83
97;83
40;70,5
43;84,5
8,8;63,4
21;64
4;51,6
8,3;66,4
6,8;55,3
8,8;74,8
58;62,8
45;76,6
32;91,7
7,5;55,6
63;75,1
8,3;68,2
46;86
30;68,1
7,4;75,5
16;74,6
76;61,6
8,2;57,8
14;55,4
5,8;69,1
13;62,7
9,8;53,1
156;94,7
8,2;70,1
6,3;82,5
28;82,8
14;86,5
6,8;61,4
48;104,9
4,5;97,8
13;64,5
12;65,7
4,7;87,5
9,2;55,3
4,5;95,3
31;68,1
6,8;62,3
49;91,2
165;112,6
4,2;53,6
5,9;56,5
25;81,9
18;79,1
49;70,3
56,2;98,8
16;71,3
209;100,5
88;71,1
34;101,3
7,8;64,8
106;54,3
31;71
6,1;57,2
9,1;56,5
24;85,3
16;62,8
4,3;52,6
8,5;66,8
4,9;43,9
21;64
5,9;45,2
9;63,9
72;74,7
26;65,5
6,8;77,5
9,4;59,6
7,8;68,4
9,4;64,8
6,2;43,3
6,9;88,4
8,8;51,7
16;71,2
108;77,6
5,2;63
4,7;94,7
8,4;70,8
65;70,3
59;89,3
4,9;66,5
6,2;64,7
6,9;81,1
7,4;62,4
7,4;76,4
14;86
302;124
4,5;101,1
47;70,8
5,3;65,1
38;68,2
7,8;51,2
10;61,2
6,9;92,9
4,3;51,1
6,9;31,4
5,2;67,4
61;98,5
163;77,1
41;76,9
73;76,4
7;40,1
106;83
90;75,7
58;77,6
8,2;65,9
7,6;53,5
4,4;57,7
5,1;41,9
35;48,1
6,8;56
7,6;37,6
22;64,4
9;57,5
50;69
6,9;67,5
9;68,3
6,8;84
8,8;80,1
9,1;66,5
51;73,4
6,6;62,4
60;94
65;70,5
13;53,7
5,1;35,4
4,9;79,1
6;65
4,5;49,9
59;87,1
48;74,6
18;83,9
49;79,4
23;61,2
6,7;65
9,3;59,9
15,3;55,5
39;74
5;59,2
5,1;67,5
16;66,1
93;85,5
40;65,5
3,8;81,7
5,3;40
5,9;40,6
84;74,9
95;87,3
5,7;54
92;74,6
63;87,1
120;73,6
9,2;56,3
36;76,4
12,5;65,5
86;90,5
49;87
8,7;58,5
13;66,6
97;89
8,5;61,8
4,3;52,7
43;94,2
4,2;88,9
38;73,5
6,4;64,7
22;63,5
5,2;66,7
7,7;92,3
14;81,8
17,6;88,6
6,9;92,8
5,3;44,2
8,1;65,7
8,3;48,4
49;71,9
37;85,5
5,1;63,3
6;40,7
28;81,1
12;55,1
9,7;68,1
10;52,3
6,8;55,8
9,9;59,4
10;56,4
11;64,1
72;76,6
58;75
64;74,8
40;77,6
37;80,1
7,6;57,1
13;61,7
35;64,3
4,1;52,2
12;63,5
32;64,9
40;81,3
9,1;63,7
7,7;62,9
5,5;64,5
5,2;67
7,1;40,5
6,7;54,3
34;67,1
35;98,7
9,5;40
6;56,8
7,6;78,4
59,1;91,3
7,2;55,1
7;93,4
38;73,1
293;126,9
20;64,3
12;53,3
7,6;65,4
9,9;60,6
16;87,8
30;84
9;50,8
6,7;52,6
16;65,8
35,6;90,5
19;85,4
4,8;37,5
7,4;55,4
11,9;63,8
40,9;104
8,9;57,2
29;63,5
29;69,1
11;65,8
4,4;53
16;71,3
12,5;63,4
36;69,2
35;56,1
5,6;48,6
34;68,1
10;61,9
13;61,6
6,5;94,2
38;73,4
7,8;80,6
90;83
6,7;65,4
68;76,4
8,5;49,3
96;85
6,1;34,8
125;85
5,8;42,9
5,2;41,4
9,1;62,9
4,8;87,8
15;78,7
10;77,3
38;65,5
39,6;92
25;59,5
28;67,3
4,6;49,9
6,5;42,1
12;54,3
29;75,1
39;80,5
12;84,1
7,9;54,6
13;48,3
6,4;37,4
4,6;40
6,1;84,1
36;67,1
16,8;88,6
11;56,1
10;56,6
4,2;52,7
8,2;70,2
14;79,7
4,2;53,5
39;95,8
6,3;41,1
71;76,3
7;55,6
11;57
9,8;58,5
6,9;62,5
35;66,8
12;65,7
22;77,9
31;83,9
13;60,3
19;65,6
6,2;53,7
5,2;40
6,7;42,3
46;83,3
4,8;59,4
36;89,6
32;66,8
41;74,2
16;85,2
4,3;53,4
11;61,3
34;67
22;66,7
39;73
37;73,1
23;64,3
7,5;46
8;58,8
9,2;51,4
4,9;36
4,3;53,2
8,1;61,1
7,8;63,2
7,1;60,9
7;62,3
47;78,6
36;78,9
6;36,9
12;67,1
5,7;67,7
45;78,1
23;68,4
43;115
8,2;69,2
4,6;50,7
24;80,5
10,2;59,9
11;59,9
35;81,4
30;61,6
6,2;55,2
2,6;62,1
63;79,5
43;71,7
5,4;45,5
9,3;58,5
49;74
32;83,4
4,5;53,5
15;68,3
17;83,2
48;98
6,3;57
58;100,6
5,1;91,2
12;64,4
6,2;99,5
5,3;59,9
27;61,4
7,6;52,9
34;65,5
30;83,6
45;82,5
10;75,7
26;79,6
4,8;78,2
9,2;47,6
6,9;56
6,5;68,1
8,6;48,9
56;60,7
7,6;63,2
198;69,2
56,3;98,6
5,5;47,5
9,4;48,7
21;63,5
58;88,5
94;94,5
33;75,2
42;69
11;58,5
7,6;59,3
6,8;58,2
11;52,4
64;79,3
5,8;46,8
6,6;62,1
5,9;75,9
4,1;54
6,1;37,5
6,3;49
11;76,8
5,2;65,7
19;79,3
31;61,6
45;82,2
49;77,1
5,4;60,9
5,8;49,4
11;54,8
8,2;62,7
7,7;58,8
36;92,4
11;65,2
164;77,2
6,3;68
69;82,4
6,9;55,8
5;45
6,4;64,4
9,7;62,7
5,2;90
9,5;78
7,9;64,4
8,8;56,3
4,8;82,1
23;80,6
92;89,1
9,2;63,1
11;62
22;64,7
32;84,2
14;51,1
6,6;42,8
22;71,2
5,5;47,7
45;75,9
8,8;55,3
6,6;57,3
6,8;68
15;64,7
49;100,6
34;91,9
4,7;52,9
4,3;52,7
5,5;37,5
6,6;66,4
54;72
6,6;95,6
75;74,6
6,7;55,5
52;107,1
54;81,2
90;79,2
14;78,7
10,1;47,9
5,6;45,2
13;75,5
7,8;56,5
8,3;69,9
23;67,8
7,8;92,1
6,5;94,8
15,3;83,5
188;106,6
44;74,3
9;57,1
5,4;41,2
100;84,5
7,3;57,3
47;80,9
8,6;65,6
18;90,8
256;91,2
11;56,2
9,1;68,4
6,8;97,3
17,4;82,5
8,6;37,1
7,3;90,2
44;82
13;58,4
4,6;85
5;44,8
4,8;49,7
12;81,2
58;72,6
10;63,3
60;80,2
31;67,2
31,9;91
4,7;86,8
6,2;56,7
31;91,1
4,4;55,9
5,7;43,3
19;81,2
10,8;60,2
71;70
4,6;81,9
1,8;50,2
7,3;52,8
115;75,6
6,4;47,6
7,2;35,3
42;96,3
4,5;50,6
272;128,4
26;80,3
35;104
43;94,9
9;80,3
15;64,8
42;78,5
9,3;64,6
40;72,8
6,7;62,5
4,1;53,6
11;61,8
9,5;62,9
7,9;53,2
143;78,1
29;83,7
7,1;34,6
4,8;49,1
63;76,9
5;49
11;75,6
19;86,4
8,6;57,3
105;115,8
7,1;37,3
8,8;52,8
7,7;60,8
61;72,2
9,3;52,2
29;75,1
29;84,3
120;82,3
32;83,2
22;64,9
22;65
7,4;54,4
10;61,8
5,5;43,5
7,5;40,2
8,3;50,9
6;86,3
5,2;65,5
1,5;42,8
105;94,2
14;95,6
8,7;62,6
4,9;47,7
9,8;61,9
18;71,8
125;84,1
19;65,3
10,8;78,3
49;103
25;67,9
14;71
35;68
16,5;89,1
50;72,8
33;88,7
12;70,8
5,7;47,4
247;97,8
6,6;56,5
48;76,6
42;81,6
120;84
9,7;61
76;84,5
9;53,7
8,1;49,5
31;61,7
6,2;101,8
8,9;48,6
140;77,8
8;50,4
31;71,1
9,2;49,7
19;92,8
5,2;40
6;55,8
8,1;79,9
11;68,9
8,3;53,9
8,6;40,2
8,8;64,7
7,8;64,8
8,6;39,7
72;84,1
5,8;67
8,8;64,5
56;80,9
33,5;90,5
4,2;88,1
8,3;58,7
7,2;92,6
6;95
24;78,3
7,9;41,7
42;107
8,9;55,4
30;73
21;67,9
35;86,3
4,7;86,9
39;70,1
8,1;56,1
6;43,6
7,1;62,1
54;73,8
5,6;86,2
4,8;40
4,3;78,9
49;83,8
44;78,4
9,8;63,7
19,4;89,3
16;87
6,9;68,2
9,3;61,7
5,6;47,3
4,5;53,1
5,6;74,5
49,3;84,7
14;82,6
6,5;77,1
8;49,9
42,2;92
19;71,2
8,5;81,3
9,5;55
5,5;80,1
8,7;51,5
95;92,3
6,9;45,6
7,7;67,8
8;49,7
6,9;45,8
107;78,7
8,8;58,5
50;89,6
21;79,9
9;55,4
4,5;52,9
4,6;53,1
26;67,5
67;71,9
11;65,5
23;81,9
6,5;45,7
40;84,8
6,2;55,6
6,3;95,3
6,2;54,8
7;35,2
124;82,8
7,7;66,7
69;101,9
37;80,5
6;69,1
4,5;93,5
8,7;57,1
47;85,5
6,2;47
4,3;52,7
42;79,9
17;74,3
20;88,3
9,6;56,8
4,6;92,4
6,6;68,8
39;68,4
22;64,5
59;72,2
8,3;76,2
4,9;60,3
26;62,6
9,1;61
5,8;45,7
5,8;40,4
9,2;69,7
6,9;97,9
34;68,3
53;73,4
38,1;92,1
10;58,2
129;75,7
6,8;46,9
12;62,6
7,5;75,6
7,9;60
19;83,7
10;69,1
9,2;62,9
6,1;86,1
221;73,7
7,1;39,2
66;89,9
16;54,5
35;83,1
53;77,6
9;59,5
45;81,2
4,1;53,8
7,6;83,6
5,4;37,5
42,3;126
48;120,2
125;79
6,3;56,1
10;61,6
22,6;94,5
32;63,9
51;77,2
7,5;41,6
4,8;35,6
38;71,3
96;89
38;80
14;68,1
12,8;65,8
20;76,9
9;64,2
15;59,3
8,6;59,2
5,9;55,7
8,3;65,8
24;81,6
8,1;80,5
4,8;93,2
9,8;53,3
7,4;50,5
5,1;67,2
15;59,2
32;97,7
22;66,6
29;66,9
6,8;47
49;63,3
28;88,1
31;66,6
15;57,7
6,2;48,8
41;77,3
18;69,2
60;70
12;62,6
23,3;87,5
7,9;83,7
12;87
10;48,1
18;68,2
18;70,9
9,8;56,7
9,5;59,6
7,4;83,6
5,7;47
4;52,8
15;70,7
15;78,7
35;81,5
50;67,7
101;77,7
42;89,4
66;70,4
5,3;63,7
8;53,1
118;83,1
86;73,4
10,4;66,4
8,2;63,9
12;66,1
25;86
141;77,9
11;48,6
4,8;94,1
34;84,8
5,6;56,9
10,6;78,7
20;77,5
8,3;74,5
34;84,7
8,3;76,2
42;110,4
55;70,2
5,3;65,7
47;75,5
6,9;49,1
51;92,7
8,2;68,5
8,9;63,6
5,1;63,9
63;77
5,7;40,5
18;79,3
11;58,6
35;100,9
9,2;55,4
14;71
56;67,7
6,7;54,2
41;83,9
54;74,4
46;75,4
36,5;91,2
9,5;61
13;67,8
45;67,2
6,7;69
38;67,7
8,2;64,9
13;70,2
12;66,3
67;96
34;61,8
6;49,8
7,6;62,5
8,1;64,2
14;70,1
9,7;79,3
12;55,1
37;69,2
5,9;56,4
24;81,3
7,1;67,7
14;93,1
8,1;51,5
5,1;40
5,4;44,1
10;64
6,8;64,4
33;87,4
158;100,7
20;79,9
8,1;69,5
32;67
35;83,4
4,1;90,4
114;131,8
36;106,4
40;79,5
33;84,4
89;88,7
5,3;58,9
78;56,3
13;68,1
10,7;77,7
8,2;58
6,9;55,1
9,6;59,1
6,5;41,8
6,8;46,4
8,4;63,4
52;79,6
7,9;67,9
4,2;53
33;64,9
15;57,3
10,6;59,1
14;79,5
9,3;48,6
5,5;81,2
6,6;73,2
45;75,1
5,4;68,4
6,8;51,9
35;82,1
174;68
14;45,3
42;70,3
8,3;69,9
13;57,1
5,5;34,9
44;68,9
23;81,1
4,2;54
42;72,9
30;78,6
8,5;66
9,2;56,8
49;97,6
16;70,7
10;76
84;71,7
44;80,7
74;86,1
130;75,9
67;99,9
8,2;50,4
5,3;67,8
17;68,2
5,6;82,1
5,6;63,6
98;81,1
71;82,2
4,4;45
102;54
29;81,9
24;85,9
10,5;83,4
6,7;65,4
33;67,8
48;81,2
6,7;64,1
14;61,2
30;67,6
10;57,9
7,8;97,9
30;78,5
22;65,2
35;94,7
21;77,2
34;97,8
48;76,3
11;63,2
5,3;43,6
109;81,5
33;59,7
28;86,6
119;83,9
5,8;63,3
6,9;47,1
7,6;99,9
6,8;68,1
20;68,4
99;78,4
8,4;64,1
8,3;76,8
14;60,3
6,8;60,9
52;73,4
47;70,3
8,3;53,9
5,2;67,2
4,9;58,1
7,2;54,3
15;70,8
39;70,1
33;71,4
6,1;70
28;66
4,4;54
84;83
9;69,8
8,6;57,6
131;78,8
45;70,4
61;77,6
18,5;81,8
36;80,1
7,4;87
42;80,2
108;85,3
6,6;87,5
7,2;54,6
7,1;87,4
16;91,2
5,7;99,2
32;67,1
7,3;66
18;62,7
69;77,7
14;60,3
5,8;56,6
18;82,6
7,8;62,1
5,6;47,5
6,8;55,7
4,6;81
65;74,5
44;93,9
50;69
19;65,5
154;111,8
7,4;45,3
9,4;61,7
207;68,7
36;80,8
4,5;51,6
5,5;48,8
8,8;41,9
6,8;110,1
7;86,4
4,4;83,7
6,4;49
32;64,3
8,7;68,6
13;58,4
4,3;49,8
13;55,6
6;93,8
11;80,6
6,5;42
17;93,1
6,3;58,4
13;65,9
177;95
96;81,7
6,2;69
37;73,6
7,4;53,9
12;58
24;71,6
9,9;61,6
8,4;61,3
4,6;80,8
143;90,4
33;74,2
5,2;57,5
9,2;75,2
6,4;68,1
7,8;61,3
4,8;58,7
6,6;47,1
46;82,4
10;59,8
8,7;57,7
14;75,4
44,1;99,2
7,3;47,1
6,3;55,7
13;65,5
38;91,7
8,6;65,1
9,2;51,6
8;70,8
6,9;48,3
16;84
8,3;66,4
5,4;87,1
5,8;43,2
7,1;61,6
55;65,8
27;74,4
4;51,8
20;78,4
12;58,9
5,8;63,6
38;72,6
5,6;70,7
44;91,5
8,7;56,1
8,7;79,3
9,2;57,5
5,6;66
5,7;70,5
22;65,2
233;79,3
110;82
9,7;65,8
8,8;68,5
38;66,9
36;64,9
22;69,8
8,2;40,9
4,7;88,7
11;66
10;63
5;86,8
12;50,9
78;69,2
73;75
6,6;81,5
6,6;93,3
10;62,3
116;74,9
36;96,7
12;54,4
25;90,6
45;75,9
7,2;86,5
49;70,3
8,3;64,2
52;79,9
8,1;66,5
8,7;71,7
40;72,1
64;77
9,5;77,4
25;80,2
48;80,3
9,6;49
10;61,7
6;48,6
8,7;64
42;90,3
4,8;64,2
6;64,7
28;89,3
6,9;92,8
9,1;69,8
8,2;74,8
5,9;97,3
35;77
6,8;48,5
8,2;71,9
92;76
16;71,9
24;66
10,5;82,1
14;58,7
5,5;75,6
4,7;50,7
40;78,1
31;81,2
35;97,6
27;65,2
38,4;91
42;104,1
10,6;77,3
5,5;63,7
8,8;65,8
14;82,6
72;75,1
7,8;66,6
15;71,3
8,1;47,2
8,3;39,1
7,9;61,7
5,3;55,3
32,8;88,7
29;82,6
48;84,1
7,5;40,8
38;70,4
6,8;107,6
9,5;68,9
47;100,8
32;72,2
6,6;87
116;75,2
38;83,5
9,5;56,4
52;87,5
9;68,4
9,2;57,2
4,6;86,5
117;82,6
4,7;84,4
9,9;67,9
7;54,2
53;80,8
7,7;51,1
6,1;61,9
82;74,6
120;89,8
8,8;64,4
11;68,4
59;73,7
64;75,2
39;65
82;67,4
105;79,8
16;65,6
7,2;58,5
6;77,9
22;64,8
5,5;35,8
48;76,9
132;84,1
9;58
70;74,7
6,3;67,8
22;77,2
5,5;93,4
5,4;47
4,2;54,4
7;66,1
58;70
12;59,5
45;91,5
7;61,1
46;73,1
5,2;57,9
59;75,8
48;93,9
12;51
37;75,8
6,4;77,8
6,4;75,4
45;73,4
5,4;68,9
8;57,8
46;79,5
8;50,1
12;82,2
5,7;40
90;83
22;65,2
49;76,4
6,2;96,9
7,4;40,4
80;75,3
34;94,9
51;75,1
4,3;49,6
6,6;76,4
13;87,6
8,2;64,6
19;85,6
8,4;69,2
11;79
68;74,8
18;84,1
8;45,8
70;85,7
29;88,1
4,2;47,2
41;84
21;63,1
19;79,8
5,6;40
55,1;95,5
45;73,3
5,2;37,2
12;68,8
7,2;63,3
5,8;56,7
7,8;92,1
10;54,5
5,6;46,9
37;73,6
12;70,2
7,3;55,1
24;65,5
13,2;68,9
44;74,2
5,7;38
6,3;92,4
8,3;62,7
8,5;52,7
5,9;37,5
8,5;55,9
139;84,1
46;81,8
5,1;69,5
7,2;63,4
4,4;95,4
32;101
7,2;61,3
5,3;67,3
4,1;60,6
7,5;53,2
35,9;115,6
7,1;85,7
6,6;42,3
10;49,6
8;56,7
8,3;66,5
114;86,2
5,4;45,1
61;80,4
36;72,7
7,8;64,8
14;64,3
18;70,8
5,9;67,5
11;51
48;76,8
9,7;61,5
5,3;37,8
7;61,8
53;118,5
7;67,1
5,7;46
134;87,7
4,6;95,5
56;84,4
7,9;58,9
5,1;88,1
37;66,6
50;83,5
7;88,9
46;73,6
5,9;59,3
20;63,8
6;85,2
12;63,3
17;90,7
21;66,9
6,3;86,7
61;71,2
4,8;46,1
41;82
15;68,1
9;76,3
7;61
19;82,1
4,2;53,2
45;99,3
6,9;49,7
39;67,1
7,1;59,7
6,8;64,3
16;68
61;81,6
7,6;53,3
6,9;64,1
6,8;59,8
24;65,2
7,6;61,6
156;95,9
17,3;91,2
6,5;67
17;81,2
14;81,5
6,9;43,8
7;52,6
5,9;56,6
7,1;41
10,2;90,2
13;68,4
11;71,3
6;35,4
49;70,3
15;84,4
92,6;95,1
90;89,2
7,7;67,1
103;78,4
4,2;52,7
9,4;77,1
145;77,1
8,5;68,2
103;100,5
190;114,6
7,1;100,8
7,9;55,4
