22;65
24;65,3
8,2;71
153;90,1
145;115
5,8;66,2
7,5;53,2
10;56,4
49;98,8
35;71,2
6,7;87,5
13;63,6
35;81,9
127;78
44;80,2
6,6;93,1
52;104,3
7;96,1
42;93,4
6,5;66,1
18;70,4
6,9;55,1
6,5;42,8
8,7;66,2
7,5;62,5
7,2;63,5
7,3;49,7
4,1;91,7
6,2;65,2
15;66,1
4,9;86,8
54;81,5
5,3;65,6
6,5;85,8
7,5;78,2
26;66,7
13,6;54,6
4,9;58,2
7,8;49,9
6,7;61,7
8,9;55,9
9,1;77,7
56;76
5,4;45,4
29;81,2
12;56,3
6,3;77,6
22;82,7
5,4;40,2
5,3;63,7
103;82,7
43;108,9
12;61,1
7,7;77,5
121;82,5
8,2;52,9
4,8;35,6
85;67,4
20;83,4
8,6;50,1
18;70,9
16,1;88,4
6,5;56,9
6,9;65,7
39;45,5
7,8;62,3
8,1;56,6
63;102,8
52;82,7
14;57,5
43;74,1
8,7;69,6
6;36,9
6,5;88,2
56;74
41,9;75,6
7,6;64,9
5,2;37,6
25;81,4
7,3;84,9
5;38,1
97;84,6
80;83
9,4;54,8
4,8;57,7
18,1;82,1
7,2;44,6
12,3;62,4
12;65,8
36;62,2
53;73,4
21;65,1
35;81,3
9,4;60,7
5,6;65,6
32;62
8,5;54,8
43;80,4
5,6;36,9
4,6;81,4
6,7;56,2
9,9;63,1
8,2;51,5
53;74,8
50;69,6
68;96
9,4;54,9
28;83,4
9,1;50,9
78;86,1
8,8;50,1
38;80,9
19;68,9
58;81,4
6,4;46,7
6,1;96,1
8,9;44,2
65;74,9
104;85,5
35;84,1
6,5;65,2
25;63,8
49;67,7
16,4;88,5
7,8;37,6
12;70,4
4,5;49,7
7,3;59,1
6;66,4
28;84,4
66;69,8
38;67,4
5,6;65
6,8;53
42;80,9
97;104,8
6,4;47,5
30;82,2
4,5;57,8
6,9;87,6
15;59,2
7,5;35,3
25;86
5,2;64,5
9,4;62,5
8,8;63,6
6,3;96,9
26;79,8
62;91,5
39;67,4
4,5;54,1
8,5;66,7
7,4;49,7
6,7;46,3
100;91,2
16;74,4
186;115,7
4,6;36,7
6;67,8
51;75,3
7,8;57,4
15;87,5
6,6;93
7;61,9
4,6;87,1
45;85,1
36;67,5
11;64,8
6,3;65,6
30;83
7,9;58,2
20;64,4
103;82,7
52;76,7
27;60,9
6,6;98,3
6,5;86,1
14;60,3
1,4;58,7
150;77,8
36;84,3
11;65,1
5,7;67,4
4,6;50,2
113;79,2
6,6;55,5
161;96,9
11;80,4
8,4;49,5
119;78,9
38;78,8
11;66,1
98;91,9
7,4;39,6
4,4;53,9
5,9;55,4
5,1;58,3
25;80,1
25;82
6,7;55,7
13;58,1
314;127,1
73;74,2
4,5;56,2
7,6;63,6
9,8;55,9
4,4;50,3
4,9;53,2
9;62,9
12,4;66,5
6,1;85,6
4,1;87,4
7,8;78,8
8,4;44,9
9,6;49,8
6,2;111,3
4,7;91,6
132;78,3
4,6;49,8
8,8;69,3
5,5;43,7
63;73,1
57;112,4
7,5;55,1
28;67,8
54;83,4
31;87,4
6,5;97,3
37;66,6
6,8;40
18;64,4
59;99
13,6;70
15;48,3
4,7;40,7
55;76,6
15;68,2
55;74,5
6,1;67,5
5;78,5
7,9;68,6
71;75,9
8,3;69,3
24;48,2
70;103,3
41;64,9
19;61,2
7,3;58,5
8;69,8
7,3;55,5
6,5;67,8
37;69,2
5,3;66
8;55,9
6,8;57,5
12;77,8
6,2;50,5
4,6;96
4,6;67,3
9,5;55,9
34;78,8
11;49,5
12;83,7
6,9;89,8
35;88,4
11;65,7
13;94,2
6;35,4
4,5;53,4
18;81,3
7;99,1
6,3;52,2
8,6;66,5
4,6;49,8
9;70,6
17,8;82,5
5,6;85,1
9,4;52,6
4,8;49,8
38;75,7
4,4;39,2
12;54,2
61;88,6
6,6;93,3
21;65,4
6,2;91,7
148;106,2
6,4;55,2
19;64,9
8,2;58,2
9,1;57,4
24;81,5
17;65,5
6,2;34,8
20;66,3
11;61,2
5,9;37,5
10;46,7
30;88,8
4,9;92,6
40;75,1
17;77,4
8,6;64,5
145;76,9
30;79,6
15;64,6
46;74
10;49,9
39;75,2
40;72,5
62;69,3
92,2;95,2
94;74,7
6,7;42,2
89,6;88,7
62;77,9
69,1;57,5
6,5;48,8
110;83,7
16;61
75;94,2
6,8;66,8
33;85,7
6,3;50,3
39;84
8;64,8
14;60,7
27,5;84,7
42;91,2
36;68,8
8;52,1
8,3;50,4
109;88,8
6,2;66,6
6,4;87,7
15;68,7
4,7;93,1
8,7;50,9
6;37,3
34;100,1
13;87,3
5,9;64,8
78;83,1
6,7;55,8
6,9;64,5
15;67,2
7,5;72,1
7,8;52,2
5;37,5
9,6;58,8
9,2;64,2
4,1;53,2
12,1;68
8,7;56,3
85;104,5
39;81,4
29;90,1
81;95,6
49;74,2
32;71,8
5,5;47,8
68;83,7
4,8;40
39;71
7,7;85
5,2;49,3
8,9;62,2
11;75,6
12,2;69,2
14;64
7,9;58,2
13;65,7
51;69,8
5,7;37,5
32;71,5
8,2;55,1
8,6;47,1
8,2;80,8
9,5;47,6
4,9;43,7
5,2;72,5
7,2;52,6
49;68,6
41;72
7,2;87,6
50;86,2
5,2;35,6
9,2;54,6
6,7;51,6
8,4;66,5
5,9;41,5
65;94,4
35;101,6
20;61,7
8,3;69,6
6,8;64,2
11;69,2
4,8;66,4
8,5;81,3
14;59,4
9,2;63,4
131;75,6
38;81,7
45;84
13;64,5
43;71,7
38;69,6
5,6;44
15;64,8
10,3;91,5
6,4;50,8
19;63,8
5,1;37,5
17;82,8
43;74,6
19;75,4
42;113,2
5,7;61,1
123;82,2
9,2;52,8
4,7;54,4
31;90,1
8,3;62,6
7,2;85
14;55,3
5,1;37
7,4;54,9
7,9;48,4
117;81,4
5,5;67,2
63;79,2
9,8;63,1
6,6;55,6
17;68,4
5;87,4
4,6;36,6
38;73,1
46;74,1
17;81,1
137;99
80;66,2
5,6;58,3
14;68,1
19;85,6
34;82,4
6,8;62,7
6,4;66,2
6,4;52,2
6,4;92
8,5;69
32;89,4
5,9;40,2
6,2;97,1
21;64,9
12;67,4
5,3;70,3
13;75,3
12,1;68,2
14;71,2
68;73,3
8,9;63
4,6;52,4
7,3;52,7
51;76,1
57;74,2
9,7;56,9
4,8;69,3
6,1;46,9
106;80,3
4,5;52,8
9,9;48,1
7,2;85,3
13;59,1
32,6;87,5
19;80,9
7,7;69
7,4;55,5
5,9;34,7
19;79,8
4,6;53,4
8,2;52
5,7;68,6
19;76
110;76,5
10;53,6
50;74
20;68,1
32;61,7
6,5;45,5
72;72,3
8;69,7
8,5;59,8
6,9;42,8
9,4;76
43;95,6
9;75,1
6,3;43,6
6,6;64,6
69;70,3
7,6;56,4
7,6;65,7
66;85,5
8,5;48
82;83
16;84,7
17;72,2
6,6;68,4
58;81,4
25;65,9
8,6;75,9
6,8;68,4
7,3;98,3
12;65,7
48;73,7
72;96,9
5,5;63
23;81
6,4;55,4
4;53,6
10;78
4,9;37,8
16;81,6
18;92,9
13;67,6
59;67,6
110;84
14;70,8
10,6;83,8
44;93,1
88;91,3
12;58,4
22;77,9
4,7;78,8
5;94,4
14;58,1
46;81,8
102;79,9
6,8;40
38;65,5
20;60,3
4;67,4
15;57,3
8,9;80,9
13;79,3
4,2;50,9
78;83
5,1;48,3
9,7;63,6
14;64,9
53;81,4
9,5;72,9
6,1;69,1
15;59,3
6,8;56
15;87,6
90;79,2
18;48,6
23;77,5
86;86,2
4,8;56,8
16;61,2
22,6;83
4,9;59,3
6,9;42,7
11,1;82,3
7,8;58,4
7,7;70,6
72;77,3
7,2;40,3
10;66,2
13;78,6
8,8;50,6
11;67,4
6,5;35,6
9;50,5
28;86,9
8,3;47,1
7,8;66,1
8,3;60,2
5,5;65,2
7,7;65,6
5,9;61,4
7,3;65
103;81,3
8;63,3
32;66,7
12;70,8
44;98,7
5,7;46,9
65;77,6
32;97,2
4,3;52,4
17;79,2
7;64,3
108;81,9
18,8;94,7
4,2;50,5
6,8;69
38;65,5
23;68,4
39;70,5
7,3;44,9
22;68,4
58;65,3
34;61,9
23;77,1
14;62,1
8,6;62,3
6,9;45,1
7,8;69,4
132;99
38;73,8
4,7;57,3
123;83
27;65,5
17;92,3
129;96,7
44;96,1
8,9;65,9
32,9;87,7
4,4;85
4,5;53,9
11;49,8
8,1;63,1
9,5;58,1
32;92
8,1;48,2
6,9;42,3
5,5;66,5
48;80,8
92;102,9
8,2;64,9
43;76,6
16;60,3
4,5;67,6
6,4;65,8
7,2;70,8
9,3;62,9
7,6;65,8
39;70,3
6,5;55,6
12;66,2
17,7;83,4
122;73,6
4,7;54,3
65;74,3
7,6;57,8
8,4;61,4
8,2;72
4;49,6
8,6;65,4
40;70,3
8,3;56,2
6,4;78,9
29;68,2
21;66,7
81;102,6
8,5;59,3
7,7;58,5
5,8;84,8
50;79,6
19;72,2
43;90,5
6,8;51,4
125;84,3
6,3;37,5
87;75,3
5,9;37,5
27;82,8
35;76
5,3;44,7
137;82,3
7,4;67,6
20;84,3
7;88,2
69;81,3
9,6;61,2
25;68
35,6;115,3
8;69,5
9,4;54,3
10;61,6
37;73,4
161;90,1
29;81,6
7,4;49,5
6,4;95,3
8;49,9
8,5;62,4
7,7;55,8
8,6;58,4
21;64,4
64;72,5
13;67,8
98;74,9
10;65,5
31;78,2
49;67,7
6,8;39,6
18,8;83,5
17;80,4
5,3;37,5
38;75,6
34;64,6
7,3;65,2
9,7;49,2
6,9;55,6
45,3;96,5
5,7;97,8
8,3;62,7
8;78,8
21;64
17,4;83,8
4,7;50,8
14;83,8
10;61,7
173;105
39;72,6
23;80,3
171;69
6,2;87,1
62;77,5
38;74
71;77
21;82,1
38;73,1
53;74,9
6,3;60,5
9,8;62,7
18;44,6
7;52,5
33;67,7
9,4;69,5
5,6;36,5
5,8;96,8
7,1;64,6
4,2;95,1
10;48,3
21;82,7
13;56,8
7,5;67,7
6,7;87,4
35;93,9
6,2;59,8
10;78,1
16;66
16;71,6
65;77
102;85,3
7,7;58,9
12;65,5
6,8;64,7
50;76,1
8,8;64,2
11;53,8
26;82,7
44;73,1
6,2;38,6
65;91,1
35,3;80,6
34;64,1
10,8;82,8
25,9;89,9
16;64,7
7,8;62,2
32;83,4
43;73,2
17,7;81
6,1;56,9
47;74
4,6;53,3
6,6;48,5
7,9;49,5
47;85,6
53;79,6
8,3;63,3
9,7;59,3
23;62,4
13;66,6
7,2;51,4
5;66,9
45;81,5
7,5;105,2
47;72,2
18;85,5
6,8;53,9
13;54,7
6,8;99,8
21;65,6
44;77,8
93;76,8
14;65,5
29;63,6
6;73,2
4;52,8
1,4;69,9
19;79,7
5,1;83,5
14;60
6,4;60,4
8,7;54,2
59;82,6
10;55,7
9,3;70,4
42;81,9
7,2;62,8
7;66,7
7,3;59,8
46;70
7,9;66
22;61,2
20;81,7
6,7;85,1
62;103,7
8,4;65
37;74,5
12;55,7
4,9;37,5
32;64,9
38;70,4
23;68,4
9,1;69
9,7;64,8
33;64,4
75;76
7,3;52,1
40,5;90,6
20,5;82,1
6,5;56,1
6,9;60,7
6,2;50,7
6,9;52,9
21;107,1
32;84,9
7,8;55,3
8,9;59
16;73,9
5,9;47,2
117;84,1
5,9;36
10;68,7
5;38,1
18;57,8
5,7;65,2
19;64,5
14;59,5
31;105,1
6,1;56
6,6;57,5
32;108,8
25;65,4
8,4;67,6
9,2;80,4
35;64,2
22;52,1
99;74,5
4,3;56,5
7,1;37,1
8,5;47,5
12;62,3
41;78,6
5,9;55
6,3;63,8
8,5;66,8
95;71,8
24;80,2
7,8;49,5
16;62
6;55,7
5,5;46,7
89;83
57;80,3
5,7;37,4
9,4;57,9
19;66,9
8,4;65,9
21;45,6
5;38,6
39;74,6
4,7;46,7
31;63,9
22;61,9
87;79,6
33;71
6,4;83,8
35;68,1
19;68,1
13;64,5
14;71,8
66;72,4
24;63,8
41;72,7
8,5;80,6
6,7;40,5
43;74,5
5,9;76,9
54;74,4
94;78,4
7;58,1
11;56,9
17;61,3
6,4;60,7
12;79,8
64,2;101,6
6,4;98,5
43;112
65;74,9
105;83
21;65,6
7,7;65
8,1;67,4
222;78,3
8,4;61,8
7,8;54
105;91,6
48;74,8
10,2;69,5
10;51,5
7,8;65,9
14;67,6
5,5;58,3
16;65,4
83;73,5
8,9;51,6
41;79,3
275;93,1
42;69,5
34;62,5
40,4;116,8
11;61,9
45;100,9
30;62,2
12;60,7
36;69,2
4,7;80,3
95;73,5
8,6;64,9
13;67,3
12;62,4
7,8;69,4
46;84,9
24;79,3
7,9;71,2
12;60,8
4,5;45,7
8,3;60,7
6,7;47
6,6;95,8
6,5;68,7
32;79,4
13;97
10;69,1
10;53,7
126;90,2
8,7;71,5
5,8;65,7
16;48,7
22;78,5
8;65,9
4,7;46,8
53;80,7
11;70
54;96,7
48;67,4
6,7;53,8
8,4;52,6
20,8;102,1
8,3;52,3
65;85,2
8,3;57,8
5,5;66,6
5,8;70,4
64;89,1
7,5;62,9
80;84,5
64;71,8
5,7;50,5
4,6;55,4
6;39,4
13;65,4
60;98,4
8,8;48
4,3;88,5
36;68,3
83;93,5
12;67,6
31;71,1
36;88,9
7,1;53,5
4;80,7
19,6;82,8
8,2;74,3
35;101,2
6,5;45,7
230;100,3
11;65,9
6,9;53,6
8,6;60,2
5,2;100,7
13;55,2
26;80,3
8,4;71,2
7,4;35,3
105;85,4
4,3;86,3
45;99
32;67,5
9,6;58,8
4,5;50,1
35;73
7,7;49,9
7,7;50,1
7,4;97,2
9,2;70,1
9,4;56,3
15;61,3
7,7;56,9
7,8;60,7
6,9;50,8
17;71,2
5,2;44,8
62;70,4
38;80,6
38;62
5,2;61,2
34;84,6
54;80,9
7,5;68,5
5,5;47
195;100,5
7,4;65,4
42;83,3
23;64,8
4,8;53,1
21;61,2
162;67,6
7,4;53,5
5,3;66,2
8,7;68,6
6,3;99
17;78,2
4,6;85
8;74,3
45;73,3
9,2;49
5,8;77,3
6;95,3
11;76,5
6,1;60,9
5,7;44,7
8,5;39,8
156;94,3
9,7;65,2
38;68,2
37;73,4
11;33,5
12,9;87,1
7,1;39,2
4,4;50,3
5,9;48,7
36;64,9
10;57,9
8,6;48,6
25;67,8
11;60,8
13;68,7
4,9;50,9
85;88,7
18;84,6
48;81,5
8,6;63,3
10;70,6
48;76,6
4,6;45,9
5,6;48,8
9,5;47
3,8;51,8
4,5;91
6,8;68,2
8;63,8
17,7;77,6
5,3;70,4
7,9;49,5
23;68,4
38;76,9
6,5;56,6
16;71
6;36,8
9,1;50,8
68;70,4
31;83,4
15;57,6
66;82,9
59;74,9
5,9;40
41;70,5
12;47,6
38;78,1
10,5;77,9
4,9;50
36;69,5
15;83,2
17;80,1
7;38
216;90,2
22;77,7
16;61,2
28;66,9
7,5;56
37;67
17;57
6,7;75
6,7;46,8
68;90
180;96,8
35;67,7
12;75
4,5;49,8
7,8;56,4
6,4;38
25;67,8
33;69,3
5,9;57,2
8,2;70
72;95,7
117;73,2
8,7;51,6
8,5;60
9,5;55,2
7,2;56
9,7;57
6,8;46
38;103,7
4,5;53,3
43;80
9,4;57,6
111;85,2
9,2;79,5
20;63,5
22,3;82,6
15;75,3
4,2;38,7
8,5;68,8
18;63,4
5,2;52,7
7,8;56,3
143;68,9
12;48,8
9,8;61,5
30;91,8
27;55,9
6,2;46,7
48;69,6
7,7;78,2
5,4;37,5
24;73,8
7,1;55
4,4;46
11,2;52,1
8,8;57,3
7;38,5
10;50,4
7,2;65,8
17;68,2
6,3;57
5,1;63,5
65;88,9
127;77,7
8,7;50,3
4,9;39,1
70;70,1
10,6;73,3
7,2;52,7
40;75,7
278;125,4
19;81,2
4,3;97,8
7,8;70,3
9,6;65,4
6,7;38,6
6,2;113,1
40;81,5
6,1;87,5
8,1;62,2
6,2;53,7
12;48,1
7,1;65
23;79,6
5;46
8,2;87
4,6;50,1
6,5;45,7
15;71,5
8,6;62,4
55;79,6
6,8;56,6
8,2;60,4
11;69,4
4,6;53
10;66,4
6,2;41,5
41;117
40;75,7
12;60,9
98;88,2
42;71
19,3;95,5
6,3;47,1
47;81,7
6,8;53,4
86;65,2
6,2;60,2
4,3;49,3
13;68,5
20;61,5
5,8;69,3
108;75,5
6,6;92,7
7,7;81,9
9,5;52,1
15;85,6
5,9;41,7
34;86,2
4,5;46,7
54,3;100
5,3;65,4
11;69,9
46;99,7
33;75,7
5,1;34,4
46,4;84,1
72;73,6
23;63,2
11;60,2
51;79,8
6,6;42
7,3;46,7
13,1;88,5
8,1;58,3
47;89,7
8,1;69,4
29;68,4
44;58
45;85,7
7,5;38,9
17;72,8
57;81,2
12;59,4
33;75,2
112;81,7
7,5;64,4
8,2;58,6
6,6;63,6
5,5;55,3
57;81,5
14;80,4
4,9;49,2
9,6;50,4
157;90,3
35;100,6
8,2;57,7
52;86,9
117;77,7
51;74,4
5,3;37,5
4,4;53,2
10,1;79,5
32;71,3
47;79
89;89,5
105;80,8
32;69,2
5,4;44,4
22;64
5,4;45,5
73;74,6
4,8;37,1
10;68
51;73,4
98;88,8
13;65,6
6;41,5
5,8;37,3
8,6;37,7
32;88,1
18;69,2
5,9;49,5
9,9;78
6,5;84,3
8,3;61,3
41;92
10;59,6
8,3;62,5
17;86,4
9,5;70,2
5,2;65,8
34,4;82,1
5,8;88,5
6,6;46,1
37;64,1
33;60,2
6,8;85
82;85,6
11;74,2
3,8;50,6
6,1;54,1
147;101,4
73;77,2
63;89,8
8;83,6
21;67,7
4,7;37,1
30;85
45;69,8
15,7;84
53;80,6
5,8;86
4,9;40,8
8,5;71,7
115;76,9
11,6;62,7
1,3;59,7
7,8;66,6
5;67,1
17;78,9
6,8;56,4
5,6;93
29;65,4
4,5;87,7
5,2;67,1
15;61,3
8,1;68,6
18,5;82,9
71;74,9
33;69,2
139;68
8,3;57,9
85;80,2
20;83,9
4,1;52,4
18;83,3
6,3;56,7
9;77,5
8,4;72,5
12;78,6
4,9;88
31;74,8
8,3;57,2
17;79,4
9,5;52,3
6;64,4
69;81
8;55,9
8,2;71,6
100;83
6,2;75
12;86
9,5;93
75;99,5
51;83,3
8,3;70,3
53;62,2
18;76,5
5,6;64,8
17;78,8
14;85,1
63;85,2
8,2;96,2
8,4;58,2
8,6;57,7
163;101,2
30;65
83;84,2
43;99,4
31;64,9
19;64
6,8;55,8
11;51,7
12,7;85,3
40;83,9
9;61,6
10;77,6
198;106,5
7;59,2
14;64,9
6,8;69,3
8,9;51,7
25;66,6
4,1;50,9
7,7;55,7
40;67,5
21;66,7
8,7;70,6
5,6;47,6
6,3;64,6
106;84,2
29,9;79,6
7;87
9,5;59,3
15;65
9,5;68,4
6,8;69,1
39;65,9
5,5;37,2
7,2;59,9
10;61,5
38;74
8,7;64,5
13;49,8
6,2;47,5
27;81,8
10;52,2
6,6;79,7
7,3;66,4
69;82,9
6,9;81,4
5,2;37,5
8,7;59,5
78;76,2
4,8;49,9
8,4;66,7
5,2;66,7
7,2;45,9
5,2;59,3
47;79,5
42;65
24;80,3
7,3;45,8
20;82,4
33;56,2
41;77,6
18;64,4
29;48,6
18;87,9
69;75,1
51;89,6
92;78,4
5,8;45,9
5,3;87,2
6,5;47
8,3;63,2
23;58,5
5,8;37,5
4,8;57,8
4,6;57,9
64;109,1
25;68,6
52;73,4
4,1;53,8
11;69,4
11;59,1
36;59,7
8,2;65,9
35;89,8
5,8;37,1
6,9;64,9
8,6;64,5
72;83
4,6;58,1
125;83,6
5,8;37,5
9,9;81,4
56;79,1
116;83,7
33;69,2
12;49,8
4,6;50,3
9,1;86,2
5,5;45,2
37;67,7
7,6;55,8
33;75,9
43,1;108,1
6,3;49,6
7,9;57,1
16;65,8
14;52
289;98,1
6,6;66,8
5,4;47
82;79,7
84;89,7
12;65,1
7,1;65,5
7;70,5
148;78,5
6,5;49,5
6,3;96,7
11;65,3
13,7;85
43;81,9
12;66,4
4,3;88,9
107;94,1
43;73,3
4,9;50,4
45;99,8
8;66
13;65,4
34,5;81,7
165;100,6
20;66,5
4,6;57,9
26;81,3
6;86,9
5,6;45,3
6,4;98
13;86,9
7,2;40,1
24;64,4
70;99,5
16,5;90
9,5;70,1
18;67,5
15,8;83,1
150;78,5
4,5;50,3
19;64,8
6,9;68,6
11;64
12;60
16;60,8
13;64,5
6,5;72,9
8;47,9
20,3;88,9
6,2;64,4
6;64,5
9,8;63,1
9,7;51,5
5,4;81,4
4,3;49,8
10;93,1
9,8;64,4
13;82,9
20;63
162;111
30;65,5
7;45,1
10;67,5
4;52,7
11;59,9
35;103,5
70;80,8
16;71,2
115;75
13;94,5
17;70,5
9,5;70,6
36;77,7
87;83,1
7,3;64,2
26;67
1,3;60
20;81,4
51;86,6
80;80,9
5,7;45
45;73,3
4,4;94,5
84;75,5
6,4;64,1
68;87,1
6,4;40,8
8,6;64,3
7,3;55,2
26;80,6
71;70
14;65
5,7;36,8
5;37,1
9,8;57,2
6,9;42,4
37;71,4
8,2;70,1
8,6;74,6
33;67,8
10;63,4
86;91,6
70;70,3
18,5;95,6
12;61,1
92;78,4
9,2;62,4
16;68,4
57;80,5
19;64,8
6;56,2
30;67,1
178;88,2
23;80,4
8,8;55,5
44;71
35,4;114,9
9;45,4
85;71,1
36;76,5
65;50,2
13;68,2
8,2;49,6
8,4;68,7
13;58,5
11;66,9
6,7;56,6
5,8;48
99;86,5
192;93,9
92;73,9
6,6;97,5
175;106,4
12;85,9
8,5;70,3
8,2;81,3
5,3;80,8
10;68,1
7,8;50,2
18;79,2
115;99
18,9;82,2
36;68
8,6;53,1
59;75,2
6;64,6
9,1;62,1
21;78,5
17;69,6
28;87,3
6,2;56,8
7,5;67,3
7,8;64,5
44,1;92,4
5,2;39,9
43;84,8
32;64,2
7,5;61,3
5,3;63,7
8,9;70,9
6,6;48,8
18;79,3
7;54,9
5,3;65,3
12;69,9
28;61,4
7,2;50,3
9,7;52,7
92;83
28;67
4,5;38,5
80;82
6,3;41,3
48;99,4
35,8;116,4
6,6;68,9
7;67,5
106;85,1
23;65,6
19;78
9,3;77
44;80,8
43;74,4
5,1;63,5
8,7;80,7
62,1;99,6
9,1;57,3
57;69,5
96;70,7
56;89,4
68;83,7
31;81,3
6,8;87,7
11;60,9
43;67,4
6,1;49,2
13;51,8
41;81
15;52
13;64,4
58;77,4
18;67,6
4,4;89,4
6,1;68,9
5,2;46
150;68
88;74,6
12;55,2
8,4;40,5
32;69,2
32;69,2
84;90,1
6,7;69,2
7,4;39,4
5,4;42,4
41;78,7
119;80,4
6,7;55,4
14;79,6
91;75,3
36;101,9
30;66,1
15;66,8
7,2;56,6
9,1;55,5
5,5;64,9
6,9;42
6,8;68,6
52;84
38;66,3
20;84,2
5,7;48,5
7;77,5
4,6;52,9
4,6;49,8
23;61,1
31;67,5
8,6;48,7
6,9;63,4
7,9;64,3
68;72,8
5,1;37,5
4,7;92,6
6,3;62,8
56;80,8
7;84,6
7,6;50,3
5,8;82,5
5,6;56,6
8,1;53,8
52;72,8
66;91,5
18;62,9
89;89,2
9,8;58,2
52;74,7
54;83,7
59;77,4
75;76
4,5;36,8
49;70,3
114;75,3
29;67,1
7,4;66,1
18;71,2
47;73,2
21;66,6
11;59,3
7,4;39,5
6,1;35,6
49;80,2
7,7;76,5
6,4;34
15;83,9
26;85,3
23;68,4
4,8;36,7
4,1;54,3
7,2;53,8
27;61,6
18;71,2
53;53,6
54;80,2
27;91,4
4,6;50,4
8,6;68,8
120;75,7
6,9;80,5
88;89,7
25;62,2
6,8;63,5
13,3;63,2
7,5;89,8
9,8;59
38;95,5
40;71,5
6,8;69,1
46;97,3
6,2;80,9
12;67,6
6,4;64,1
23;66,7
5,3;51,4
7,1;72,4
119;73
8,5;63,6
115;83,6
9;79,9
4,3;54,3
14;60,4
27;83,7
4,8;52,6
53;73,5
103;83,2
6,6;68,2
13;59,9
29;81
7,3;76,5
30;71,3
8,6;50,4
6,5;60,9
4,9;64,5
46;69,9
63;79,1
38;69,5
35;68,1
18;74,1
8,5;55,4
11;74,8
32;65,5
6,7;66,1
12;60
5,4;65,8
52;89,9
5,9;38,8
5,2;70,9
6,9;56,6
9,8;77,4
18;67,2
8,3;58
4,5;50,2
119;76,6
3,8;50,4
21;75,5
4,2;54,1
24;79,6
21;82,2
9,2;60,8
13;86,4
6,1;139
6,1;68,6
7,9;66,7
14;64,9
4,5;53,8
6,3;41
8,6;48,6
55;83,3
10,1;63,1
110;85,3
7,9;61,1
74;82,9
28;65,1
14;79,2
6,4;83,9
7;69,3
24;64,6
42;79,3
44;75,7
8,2;74,3
44;81
225;127,7
7,3;73,1
6,4;89,1
51;76,1
9,4;65,2
20;67,4
7,2;64,4
11;49
8,1;59,8
12;56,4
15;59,6
50;87,3
6,6;87,7
118;83,4
6,4;84,4
6,7;53
111;83,3
83;67,5
41;78,6
15;85,5
6,2;60
5,6;56,6
35;80,3
48;86
4,6;88,1
20;65,8
54,1;93,7
4,2;53,6
4,7;40
108;76,5
30;64,9
5,4;41,2
36;73,7
16;67,8
175;109,6
7,8;74,3
4,7;46,7
9,3;56,1
7,2;84,2
135;110,9
4,5;45,1
193;94,7
46;94,2
5,4;43,3
13;70,8
7,2;98,8
80;83,6
9,4;77,1
5;58,8
4,9;38
7,3;72,1
9;70,3
5,7;62,2
9,5;48,3
7,5;55,5
32;67,8
4,7;37,8
30;80,2
81;93,3
132;75,5
28;79,5
4,2;85,6
18;85,4
4,6;86,4
37;64,4
59;82,5
7,2;97,4
4,1;54,2
9,6;61,5
65;83,5
5,2;46,8
25;80,4
4,5;49,5
5,8;69,5
72;75,9
37;69,4
38;69,9
5,3;64,6
69;79,4
4,2;53,3
191;88,2
53;88,1
7,8;57,7
65;72,8
19;82,8
7,8;61,4
36,3;115,3
9,6;65
4,6;52,8
6,1;56
53;72,1
37;65
49;87,2
8,5;72,5
24;66,7
13;67,7
7,3;51,4
7;49
51;81,1
6,8;57,4
6,2;52,8
4,8;82,8
8,9;62,1
7,3;40,5
8,9;55,6
7,4;53,2
38;64,9
5,1;44,7
50;67,7
19;75,9
5,7;67,9
23;68,4
6,8;44,8
5,7;47,5
34;75,3
8,5;64,1
8,9;58,1
7,5;59,4
9,3;54,1
28;84,4
87;91,8
6,3;55,9
32;67,5
7,1;74,6
102;79,7
23;58,5
8,2;47,5
15;69,1
9,6;67,4
24;59,8
4,1;50,3
4,5;94,2
10;61,5
5,8;67,2
8,4;43,5
13;67,7
56;53,4
25;61,3
29;69,3
26;80,3
21;73,9
22;65,4
5,1;38,2
35;60
48;88,2
13;65,5
16;82,7
18;92,9
34;67,8
11;70,6
10;64,3
33;68
29;45,7
6,4;59,6
37;73,3
5,6;82,8
15;84,6
7,5;46,2
60;80,2
22;75,9
5,6;82
60;73,5
8,6;57,2
9,2;68,1
6;49
11;61,8
36,2;87,5
14;96
6,8;86,5
4,7;94,7
4,7;49,7
6,4;56,1
5,2;66
75;84,1
4,1;84
9,7;50,8
4,8;50,4
49;67,6
19;73,6
30;62,2
11;47,3
10;62,4
6,5;51,6
5,3;66,1
97;74,1
6,6;47,6
62;75,1
44;70,4
9,4;78,3
8;62,4
9,1;76,6
6,8;53,6
13;58,8
8,8;41,2
7,3;60,7
8,3;62,6
39;65,9
8,7;63,8
4,1;89,8
9,6;78,1
40;73,1
41;86,2
28;70,1
45;89,4
8,4;57,3
15;60,7
107;83
37;75,9
6,4;43,3
7,3;57,5
12;60
35;81,5
5,3;66
34;75,8
4,8;85,5
8;54,3
33;97,8
25;80,3
104;74,2
40;74,7
19;66,9
33;105,7
5,4;47,2
10;68,1
57;79,1
7,1;53,5
4,7;57
5,7;48,3
5,2;57,1
60;79,6
45;79,9
16;65,8
34;55,6
5;95,8
8,3;65,9
11;66,5
7,7;84,7
16;59,1
5;60,1
8,8;51,6
124;73,8
34;72,9
19,3;83,9
44;98,2
53;75,1
11;50,2
9,7;57,6
7,6;57,6
6;84,6
61;80,4
44;72,8
4,8;49,9
16;82,1
15;82,8
41;82,6
12;60,7
27;65,5
27,4;86,7
38;75,7
6,6;46,5
30,2;90,2
11;57,9
60;83,8
294;92,8
20;63,3
11;46,5
156;99,5
7,9;45,7
4,2;53,2
10;79,6
100;81,6
6,5;55,4
11;77,9
25;65,2
9,2;50,7
5,4;81,5
7,5;89,5
9,8;57,9
8,5;63,9
22;64,5
4,2;51,1
13;66
10;57,2
13;58,6
53;73,4
29;64,9
7,5;61,7
14;52,2
102;99,8
39;79,3
5,9;56,5
5;89,1
6,9;92,6
85;89,6
5,7;54,9
21;79,7
4,4;46,6
17;85,5
7,3;62,6
1,6;59,1
9,3;54,7
7,8;62,1
6,9;61,9
5,4;67,3
32;61,9
15;84,7
7,2;55,1
36;91,9
8,1;50,4
11;50
54;73,4
9,4;76,5
26;80,7
12;55,1
37;67
21;64,8
12;58,4
6;47,4
6,5;84,5
14;66,1
6,5;37,4
18;72,1
31;64,8
6,3;50
9,2;45,3
45;80,9
6;76,2
32;65,8
65;89,5
11;68
116;93,6
9;50,8
5,5;44,4
93;87,4
6,7;46,4
8,1;53,7
5,9;65,1
85;92,6
8,8;70,4
17,8;88
9,7;58,5
89;88,7
5,6;93,4
4,5;49,9
122;75,9
93;78,4
56,3;94,2
8,6;64,8
52;82,2
5,2;59,4
6,4;43,5
40;67,8
10;66
4,2;53,9
11;64,2
5,1;67,4
12;56,2
5,2;67,7
150;77,1
9,5;59,7
69;84,6
7,5;55,8
28;67,1
176;93,7
10,2;69,6
9;44,9
17;71
6,4;56,1
4,6;56,9
12;68,3
8,7;81,5
116;77
19;60,2
18;83,6
31;86,6
79;82,1
6,1;67,2
6;47
8,7;68,2
5,4;42,8
8,9;56
56;74,5
26;67,7
22;66,7
61;95,9
13;67,4
6,9;32,9
34;75,1
5,3;85,3
42;88
7,3;71,5
4,1;55,1
10,1;53,2
7,9;62,5
76;73,6
85;76,3
34,6;91,5
15;88,8
42;80,8
9,5;76,1
8;45,5
6,5;53,9
13;65,4
16;71
28;65,3
40;77,4
11;60,9
11;65,8
5,8;48,1
10;59,4
8,6;65,2
7;52,6
12;84,1
16;82,4
14;74,7
147;77
36;116,8
91;83
9,4;65,2
8,4;69
56;80,8
6;87,2
9,6;68,2
19;73,9
4,5;52,4
65;79,3
7,9;84,9
5,3;68,9
5,1;43,7
7,4;90
5,1;92,6
37;84,6
6,1;56,6
36;81,5
4,8;48,7
5,1;39,9
12;61,2
103;81,1
18;79,7
119;87,6
8,3;70,8
21;65
16;66,2
17;79,6
73;83
8,5;64,8
52;81,6
38;70,4
7,5;64,4
5,9;86,4
10;50
96;85,4
8,5;46,8
37;70,1
4,3;91,7
5,8;66,3
69;83,9
27;81
60;96,9
4,2;53
4,3;87
6,8;60
4,9;59,9
14;74,6
15;77
6;50,5
20;74,8
5,8;50,8
16,5;95,7
19;67,7
50;74,4
10;61,7
7,8;99
7,3;58,5
34;69,8
8,9;62,8
74;72,6
68;75,8
14;62,9
6,9;62,2
39;73,5
26;65
11,5;90,2
11;51,2
41;78,1
7,8;71,1
6,3;42,2
29;61,7
12;49,5
5,7;34,7
177;93,9
18;64,4
5,3;48,8
23;64,4
6;49,2
7;54,9
9,9;69,8
6,4;68,7
4,1;90
128;83,3
30;69,4
17;59,7
27;68,6
26;86,8
5;79
8,2;73,9
5,5;46,8
7,8;92,1
95;74,6
75;85
11;66,7
56;81,5
17;65,4
101;84,9
41;78
10;48,5
12;67
8,5;80,1
5,7;84,8
23;61,9
4,7;90,5
7,2;86,2
25;64,5
70;70,5
7,8;57,6
30;64,9
5,3;91,7
12;60
6,4;66,5
6,9;68,6
16;65
49;67,6
28;67,7
30;82,2
7,1;62,8
5,4;65,7
41;81,1
34;61,6
5,7;91,5
5,8;65,7
92;79,1
8,9;50,6
14;67,6
13;95,5
6,5;42
12;57,1
7,8;59,3
18,2;93,3
6,7;61,6
7,6;68,6
17;79,3
9,9;78,3
9,4;59
4,5;72,8
5,2;35,7
66;91,5
17,6;87,5
7,2;81,5
6,2;92,9
38;102,3
55,6;97,9
6,1;56
9,3;63,9
14;86,9
58;87,1
13;67,9
37;70,7
7,6;41,9
82;80,2
7,7;63,1
11;48,4
1,3;71,8
15;61,3
4,8;41,2
48;97,9
60;76,1
4,7;84,5
6,7;62,2
9,8;55,3
6,3;38,6
58;77,6
4,4;53,2
70;95,6
6,8;63,7
6,8;66,2
6,8;60,3
8;87,8
37;69,2
54,8;96,3
7,7;64,5
6,8;54,6
10;65,9
6;37,5
9;50,6
9;54,9
5,6;74,2
20;70
22;71,3
12,2;60,2
119;92,7
6,5;93,8
21;64,5
12;84,6
5,1;40,1
42;80,1
5,3;37,5
18;71,3
14;68
14;56,4
6,8;44,9
7,9;43,3
5,5;85,9
4,2;89,4
6,5;108,6
28;71,1
7,4;65,4
6,3;61
48;75,5
47;74,8
7,8;40,1
13;67,3
7,8;56,6
65;89,8
104;83
21;85,3
4,6;91
114;98,3
5;35,4
20,1;82,3
18;68,1
7,2;67,3
107;92,3
6,5;77,6
6,8;99,2
4,8;71,1
17;71,2
9,5;67,9
39;72,7
9,5;59,6
8,4;80
47;65,8
145;78
12;78,6
17;90
62;78,5
13;63,7
20;65,2
13;56,5
7,3;51,5
7,4;77,7
53;67,7
6,3;49
4,4;50,2
7,8;57,6
5,8;44,2
39;80,8
47;81,6
9,8;57,3
7,3;58,9
5,7;85,5
25;64,2
9,4;58,6
45;75,2
5,9;35,1
9,9;78,6
11;47,9
7,3;66,1
41;79,5
6,1;36,6
50;86
58;81,1
206;90,6
19,3;80,5
6,3;61
39;75,1
43;83,7
11;71,7
9,8;57,6
6,1;92
4;53,7
22;64,3
33;71,1
7,3;45,5
10;61,6
15;51,2
8;53,3
5,4;44
8,7;71,6
78;101,3
4,8;78,9
8,4;64,9
34;70,9
241;96,4
15;84,8
38;62
4,7;38,1
168;111,7
6,4;48,3
7,3;35,3
77;79,6
42;80,3
36;64,9
26;89,6
50;67,7
28;89,9
8,1;55,2
5,4;91,4
10,5;82,1
8,7;65,7
4,5;53,6
38;80,4
44;114,3
31;81,9
6,7;63,5
6,9;89,1
6,9;75,4
11;60,9
51;77
7,3;36,2
65;70,5
9,4;59,9
6,3;94
18,6;83,1
6,3;86,9
8,5;63,9
37;75,5
6,3;46,6
5,1;59,9
5,6;48,4
5,8;45
6,3;52,6
8,3;68,5
36;108,7
31;70,9
24;81,1
4,7;91,2
25;81,6
12;78,2
6,7;71,6
4,6;76,2
5,8;81,6
10;79,5
5,2;45,1
33;101,6
11;60,9
48;105,3
9,4;68,7
7,4;92,7
5,3;48,8
5,5;48,8
5,9;50,4
25;94,2
8,5;62,4
39;73,3
18;64,3
40;72,1
60;72,1
4,8;71
41,3;105,2
8,2;62,5
8,2;48
6,4;86,4
24;81,9
5,5;81,1
11;59,7
6,4;46,6
14;74,6
11;59,2
103;75,1
19;75
40;72,2
5,9;67,5
61;77,6
88;80,2
12;76,4
12;65,5
48;96,9
4,6;50,3
51;71,5
6,9;39,2
12;67,3
49;87,3
75;60,2
99;93,4
70;100,8
77;74,4
6,5;56,5
88;67,4
24;80,2
9,6;55,9
35;79,9
154;103,3
8,3;62,1
112;82
5,2;64,3
12;78,3
5,4;44,2
34;64,3
29,3;81,5
9,6;70,9
10;52,4
36;71,3
14;70,7
24;94,7
8,8;63,5
4,4;50,5
45;81,8
5,5;49
38;78
6,2;54,7
6,1;34,1
35;70,7
65;93,5
13;74,1
142;78
5,2;66,8
6,5;46,9
21;89,1
7,1;54,3
34;59,9
12;86,4
6,1;63,8
5,4;69,3
5,4;44,9
8,4;50,4
4,4;50
9;63,1
21;67,2
42;72,8
4,5;47
5,5;41,6
158;65,2
15;61
34;97
13;86,3
8,6;55,3
5,7;40,9
43;100,5
11;53,6
8,1;81,7
172;95,1
10;61,8
8,8;81,4
71;82,6
7,4;48,5
10;70,7
60;78,1
47;73,7
50;76,6
79;57,9
6,7;77,5
7;42,1
6,5;65,1
48;76,7
17;80,5
58;99,2
84;89,2
8,7;73,2
10;68,3
6,7;38,8
21;61
8,7;59,3
28;80,8
7,2;47,5
12;86,7
11;60,6
14;67,8
11;56,8
8,4;73,9
48;99,7
6,3;101,3
32;66,7
76;91,3
6,8;53
50;88,5
8,3;64,3
5,2;40,6
7,6;55,1
7,2;46,4
12;85,1
6,6;67,7
37,6;90
8,8;58,4
33;71
29;80,3
39;69,5
10;47,8
6,5;36,2
38;72,8
46;72,9
11;52,7
17;77,6
35;80,1
65;75,3
8,2;42,8
301;111,3
28;83,7
20;65,1
6,5;95,1
5;71,8
8,6;50,2
62;98,3
8,3;37,8
31;65
6,7;57,9
7,1;52,8
31;86,4
99;88,4
7,5;90
5,2;46,8
19;76,4
25;61,3
50;83,5
5,9;45,6
8,6;66,3
6,2;48,3
5,6;63,1
46,4;93,5
7,5;54,3
4,9;70,7
5,4;81,1
4,1;89,8
5,9;65,2
62;88,7
5,3;65,7
6,6;39,7
43;83,5
83;75,7
16;91,9
20;39,8
38;115,7
7,6;51,8
5,6;94,2
5,8;37,4
55;83,6
6;48,4
6,8;92,6
46;77,1
18;67,1
9,6;61,8
10;64,4
115;100,5
270;118,6
5,2;38
9,3;63,8
16,2;85,2
12;60,5
29,5;81,1
52;91,3
60;82,8
5;58,3
20;64,3
9;63,4
14;52
7,4;62,6
30,5;91,4
13;56,7
6,3;61,1
5,5;63,6
60;77,8
51;79,6
22;64,6
37;106,6
48;76,9
79;78,5
31;84,3
8,9;56,3
6,7;90,8
20;82,1
248;111,8
5,3;77,5
60;70,1
5,4;46,7
5,3;63
14;57,3
5;99,9
5,8;43,7
8,6;69,2
38;100,1
5,6;92,4
61;70,6
5,8;67,9
7,8;54,3
39;72,1
37;73,3
5;37,5
9,8;70,5
64;89,6
119;81,5
59;75,8
48;81
68;77,1
78;80,2
9,9;62,7
241;93,5
5,6;45,9
4,2;53,6
32;81,6
6,8;53,8
9,1;63,8
5,4;66,8
5,1;58,6
34;89,6
52;73,4
8,4;57,8
8,4;38,1
11,3;82,1
7;42,4
6,8;54,9
6,6;64,9
16,1;84,7
29;73,4
138;84,5
70;85,6
7,5;52,5
49;75,1
6,1;83,5
7,8;64,1
47;78,4
49;80,7
6,1;56
11,3;52,7
4,9;41,8
10;66,5
17;68,7
9,6;53,2
73;73,9
6,7;68,9
4,3;53,3
6,8;97,9
46;81,5
4,7;92,5
9,7;55,9
10;61,7
50;73,6
8,7;80
115;76,8
38;82,3
8;71,3
9,3;51,1
113;98,1
7;38,9
98;90,1
6,4;48,7
96;88
5,9;36,5
5,3;36
331;92,2
34;70,9
4,5;52,8
56;75,5
6,8;39,3
109;76,6
27;76,5
8;57,4
16;95
35;68,7
5,8;75,7
13;55,6
15;71,6
20;80,5
80;80,2
4,5;82,9
8,9;77,2
6;84,4
89;88,8
4,7;48,5
6,7;49,1
6,8;38
138;113
46;72,8
14;64,9
7,3;57,6
111;76,9
30;68
13;51,7
59;74,5
39;67,2
12;49,8
71;77,6
8,6;47
8,6;38,5
151;110,6
6,7;55,6
20;82
8,5;53,9
23;69,4
69;79,4
6,2;82
14;58,8
9,1;69,3
7,4;63,2
13;86,4
7,9;57,3
32;59,4
6,7;70,4
34;64,8
6,8;55,3
100;85,6
119;120,3
65;70,7
53;102,6
7;100,7
4,9;47,6
37;73,2
5,4;64,7
7,9;64,3
51;74,4
5,8;85,9
5,8;34,4
20;79,3
9,1;85,2
47;72,2
26;61,1
16,5;83,1
68;76,8
6,4;96,5
19;63,1
6,2;97,4
5,8;45,2
5,3;40,1
23;80,1
160;127,8
8,8;59,1
6,9;42,9
7,9;50,5
31;84
7,2;40,1
8,6;76
8,2;71,5
26;66,2
6;62,2
5,2;49,2
6,7;42,9
78;74,5
10,3;68,1
20;64,7
8,2;65,4
6;68,9
99;78,5
5,3;67,2
4,2;52,6
45;78,1
7,1;54,5
6,2;57,9
30;86,8
68;75,2
49;101,5
9,6;62,5
4,6;54,1
7,6;64,2
51;77,2
17;91,4
12;65,5
8,5;67,7
5,2;72,1
6,5;99,6
5,7;65,7
46;74,5
16;63,7
8,4;64
36;68,1
5,8;76,2
9,8;75,8
9,7;59,1
77;85,3
9,2;55,6
106;90,1
8,5;36,3
59;73,6
54;74,4
9;70,2
160;101,6
4,9;57,7
9,4;58,6
4,3;50,5
6,9;55,1
5,6;46,8
3,5;57,4
9,6;56,8
6,7;96,7
6,7;76,8
6,8;76,6
5,1;71,3
5,4;49,4
7,6;95,7
24;64
34;94,5
9,8;66,6
11;63,7
7,7;81,1
8,5;73,6
6,4;41,8
46;81,4
8,1;69,2
110;98,5
85;80,2
16;72
33;75,9
6,8;49,4
60;83,8
37;74,5
6,3;58,6
54;80,9
14;70,7
21;87,6
6,7;59
7;47,1
7,1;53,5
4,3;85,6
7,7;41,6
58;50,9
4,7;87,8
8;69,4
5,5;64,2
9,6;78,1
20;89,6
4,5;48
55;81,1
37;92,5
17;70,9
9,2;59,5
30;71,4
5,6;46,9
6,5;40,1
13;96,5
8,8;64,8
141;80,6
8,1;57,4
6,5;67,6
6,3;49
4,7;94,6
10;54,5
4,2;47,2
8,6;56,3
46;81,4
6,3;55,8
21;68,8
46;71,1
7,2;49,3
12;64,4
43;67,4
4,9;40
8,4;75,7
5,6;63,6
66;76,9
13;62,6
10;61,5
301;112,8
9;62,4
6,6;47,5
9;61,9
8,4;68,4
29;88,1
266;107,2
8,1;49,8
46;77,1
4,2;50,4
32;73
64;77
24;80,2
55;91,5
5;100,6
36;71,2
4,4;91,8
4,5;53,9
8,3;53,1
9,3;81
24;80,1
16;91,3
6,4;83,7
8,6;64,4
86;126,1
66;74,8
36;98,7
33;81,7
19;71,1
15;53,9
19;82,3
25;67,8
6,6;38,2
32;104,7
16;84,7
6,7;53,3
84;82,7
15;65,6
8,5;50,8
19;83,5
42;77,5
20;83,2
6,6;66,4
148;92,4
4,6;58,2
40;74,5
7;68,7
4,7;44,8
10;64,4
40;72,1
94,1;93,7
21;69,2
56;72,4
27;64,7
5,3;59,3
5,8;78,2
7;98,4
7,7;74,9
25;62,5
37;69,4
60;98
32;64,9
34;67,9
9,3;59,2
8,8;80,7
35;70,4
4,9;100,1
15;71,7
10;64,4
104;91
9,4;76,5
6,8;53,1
13;78,3
7,5;96,5
8,4;54,7
42;70,5
5,7;73,2
9,6;58,6
55;92
39;73,4
9,3;52,5
14,4;72,7
37;96
7,2;68,3
6,7;34,7
1,3;59,1
118;101,7
6,1;46,1
47;81,9
23;81,6
9,5;67,9
25;80,2
8,3;62,7
19;65
57;79,1
64;85,1
11;60,9
58;80,9
18;92,1
25;86,3
121;77,7
6,6;67,8
327;121,6
117;82,7
6,1;38,6
6,8;79,2
9;70,3
40;72,6
36;69,5
10;69,3
27;73,5
16;65
5,4;37,4
8,8;70
11;65,1
136;85,2
123;100,2
50;84,8
6,2;55,3
8,6;68,6
12;75,6
6,3;57,2
48;78,3
20;66,6
8,3;55,6
20;63,9
8,7;57,8
6,1;68,5
110;98,3
6,3;60,9
30;74
21;64,4
8,8;57,9
23,8;100,3
67;84,1
8,5;64,6
8,2;66,1
6,6;96,7
7,9;90,2
8,7;66,4
5,6;85,7
14;65,6
46;79,5
6,9;54,7
135;83
9,3;81
4,4;54
8,3;63,6
6,3;92,1
8,3;74,5
5,4;48
6,3;37,5
19;66,2
14;86,9
14;65,1
4,3;58,3
8,4;69,3
9,7;49,2
54;70,5
9,2;45
7,8;39,5
5,4;56,4
5,1;100,5
286;127,3
5,9;36,9
6,6;43,2
20;79,4
41;82,2
6,4;55,3
4,2;52,4
112;80,8
90;83
10;69,3
10,4;58,9
6,8;56,7
11;64,9
11,6;54,6
13;67,4
5,5;65,9
5,7;62,8
4,1;52,8
28;82,3
4,3;92,3
21;80,9
9,4;50,4
15;49,2
41;77,9
49;91
79;80,2
7,4;43,8
8,9;70,3
10;52
4,8;78,3
40;74,8
19,3;81,9
21;89
41;84
45;74
31;82,5
7,4;56,8
12;53,2
12;78,2
19;87,1
7,6;55,7
6,5;39,6
7,3;97,8
8,9;56,6
5,5;67,9
13;56,7
5,7;58,1
33;83,6
41;93,4
20;79,5
6,8;49,9
11;57,3
8,6;64,8
12;60
4,1;89,8
7,7;58,2
19;66,3
6,3;47
38;84,4
7,4;34,5
71;70,5
6,3;49
5,8;50,3
8,9;75,6
5;42,1
8,9;64,7
189;95,2
35;88,4
8,8;76,1
69;74,2
26;85,4
6;85,1
44;69,9
37;87,1
39;68,1
83;115,7
4,3;49,6
125;72,5
5,4;39,8
17;71,2
48;78,9
5,8;50,7
44;73,3
33;99,6
5,4;63,4
90;83
27;85,2
39;78
6;48
28;81,3
6,3;93
10;70,7
95;85,7
19;88,1
5,9;101,8
47;104,2
6,6;95,1
12;87,9
7,2;62,3
6,8;62
40;80,5
4,8;37,8
58;85
6,6;93,9
75;74,3
6,4;49,5
7,8;49,6
17;92,3
60;77,9
21;61,2
47;98,9
43;78,6
38;70,5
5,6;62,6
192;96,3
57;81,4
5,9;85,7
98;83
14;76,6
37;72,7
19;63
33;78,8
5,3;67,8
66;77,6
6,5;43,1
31;61,7
6,8;44,3
5,4;42,2
11;57,4
11;55,8
6,3;66,9
65;91,5
47;81
5,8;90,5
6,6;48,8
35;61,6
38;70,1
56,9;95,6
63;82,6
9,5;56,8
57;76,7
8;58,7
7,3;39,4
8,4;53
5,4;66,4
9,6;59,1
6,3;49,2
8,3;62,7
1,6;68,2
14;86,4
8,5;67,6
49;86,7
55;79,2
6,5;43,1
10;68
16;63,2
7,9;65,7
80;81,2
12;71
52;98,2
7;56,1
5,9;96,4
57;83,8
6,3;47,2
89;84,4
65;79,3
6,3;68,3
71;77,6
5,8;97,3
41;85,8
3,1;60,7
9,3;68,7
11,5;67,2
6,1;65,6
8,3;42,8
4,7;87,8
42;75,5
6;43,6
7,3;55
35;67,6
9,4;50,6
34,4;80,8
37;83,9
17,8;54,8
7,5;62,8
19,4;82,9
4,1;92,5
7,6;47,2
13,5;86,5
7,6;58,5
16;57,4
8,9;61,7
23;34
9,8;66,8
9,5;67,2
9,9;64,6
24;80,5
6,5;54,6
4,6;46,6
7,8;65
8,5;64
7,3;50
6,6;68,4
1,7;71,3
6,2;39,8
66;74,5
28;88,2
4,5;49,3
4,7;50,8
445;74,7
8,1;65,1
7;53,6
9,2;65,4
8,6;80,9
38;73,3
6;88,6
12;65,9
6,2;48,3
8;68,4
72;74,9
6,1;44,8
23;64,5
5,9;64,2
38;62,5
41;105,9
5,5;34,9
14;53,3
92;89,5
18;61,7
54;73,7
7,8;75,1
110;68,9
5,4;51,2
28;83,6
13;58,2
21;70,5
83;80,2
47;109
20;92,2
5,2;40
5;87,4
9,3;58,2
7,2;40,1
90;83
7,1;66,7
26;49,7
4,8;36,6
109;85,3
13;48,9
7,1;57,2
5,4;45
20;66,4
21;85,8
4,8;95,7
6;56,5
11,2;55,2
66;73,2
31,5;87,3
5,1;99,6
42;84,2
63;75,3
34;65,5
64;122,8
14;56,6
46;85,7
25;68,1
6,9;92,9
132;112,8
5,2;69,9
18;86,5
40;76,3
7,9;62
9;59,4
68;71,2
46;74,1
24;81,6
48;83,9
7,3;55
47;81,9
34;81
27;67,9
36;67,4
51;86,5
11;66,7
48;90,1
13;70,8
24;80,4
31;70,2
42;90,7
45;99,6
6;44,3
8,1;74,8
7,5;67,4
49;80,2
5,3;57,4
88;58,1
14;71,5
5,2;76,2
45;84,4
38;100,7
13;50,2
8;68
102;83
5,6;56,4
44,3;103,6
5,7;45,8
8;66,5
47;86,5
13;56,8
46,3;99,4
9,7;54,8
34;81,7
9,5;50,4
30;66,4
65;77,5
144;91
8,6;55,3
8,3;70,4
32;65,5
41;91,3
11;64,4
23,5;95,2
5,6;87,1
7,9;52,7
5,2;35,9
21;87,5
38;97
9,5;58,2
57;80,9
14;82,3
103;83,3
66;84,1
6,8;85,2
5,1;63,4
12;49,8
5,5;33,8
6,9;43,8
7,6;38,8
4,3;52,7
11;48,6
56;80
245;67,4
15;82,1
7,1;50,4
8,4;65,9
10;61
12;62,9
116;101,8
5,5;64,3
13;61,8
10;66,9
6,8;49,2
53;80,9
7;75,8
10;61,5
12;62,4
6,4;30,4
15,9;84,3
44;107,6
69;70,6
7;53,6
22;94,4
8,7;69,7
91;98,5
37;72,6
13;56,5
8,6;66,3
13;65,9
37,1;109,1
15;55,4
15;82,5
85;76,2
11;68,6
9,4;59,4
46;94,7
40;108,8
13;78,3
31;74,8
6,7;68,9
11;62,9
83,5;108,8
35;67,6
7,8;75,3
14;57
6,2;49
6,7;43,7
45;82,3
6,3;64,2
25;62
15,6;80,9
12;65,5
184;66,9
9,5;54,3
40,6;112,5
58;74,9
15;71
7,8;84,1
12;65,5
84;56,7
56;81,1
21;75,2
57;81
13;60,4
93;85,6
4,9;95
7;72,5
6,7;61,4
19;61
7;43,6
12;59,3
8,3;38,6
39;65,5
6,7;56,5
70;88,8
4,4;50
8;63,3
66;74,4
70;76,1
11;78,3
6;48,9
5,1;58
7,1;63,8
8,3;67,2
6,1;44,7
23;65
5,5;86,8
57;80,2
43;114,8
7,3;36,2
8,7;61,3
55;83,3
6,5;78,8
18;82,8
7;77,9
152;101,2
49;79,2
35;96,7
5,3;40
149;66,3
40;66,8
15;62,1
2,9;42,2
16;71,7
18;83,9
8,3;70,4
9;61,6
4,5;54,2
5;64,3
15;60,8
5,9;66,4
28;70,7
9,5;70,8
11,3;52,7
32;77,5
46,8;91,4
119;83,2
39;74
12,8;54,2
15;59,8
30;66,8
13;94
7,1;40,9
77;83
53;81,4
98;78,8
10;77,3
39;73,2
9,8;68,9
7,3;38,1
8,4;81,1
50;71
10;65,9
10,4;58,2
62;89,5
5,5;68,5
28;83
9,4;64
6,7;53,7
21;64,5
35;69,7
13;74,9
4,4;85,5
10;61,9
72;72,1
6,9;58,4
5;40,2
22;65,2
7,8;92,4
62;74,4
6,3;49,7
7;52,5
48;83,6
38;73,7
12;60,4
5,2;37,5
6,5;64,1
19;79,9
103;84,4
37;95,4
8,5;58,8
9,9;77,7
16;65,6
13;64,5
9,1;45
6;37,1
35;106,5
29;75,1
15,8;83,5
12;68
5,7;54
6,5;46,7
11;63
14;78,5
15;57,5
10,4;59,3
23;81,2
7;57,8
12;56,3
28;88,2
8,2;50
5,5;45,2
9,8;55,4
24,6;75,3
8,7;61,7
48;77,2
12,2;62
29;71,6
52;90,4
4,8;94,8
255;113
124;93
53;73,4
5,6;40,5
5,7;46,7
12;57,8
7,9;62,8
59;76,7
6,7;48,1
46;80,9
4,3;53,8
4,2;88,8
33;62,3
6,8;50
5,2;60,6
21;64
5,3;42,2
4,2;53
18,8;83,3
23;75,9
19;83,6
34;45
9,8;51,1
12;58,8
9,3;79,5
48;72,8
113;75,2
56;85
56;53,5
41;61,8
4,9;63,2
69;107,3
6,8;63,4
5,6;43,1
15;53,2
19;78,8
7,8;59,9
65;75,2
4,4;54,1
10;70,7
38;81,1
6,3;38,4
12;70,2
66;106,6
13;62,4
131;95,1
8;64,7
8,1;57,9
6,3;53,5
142;99
6,8;55,9
6;55,2
10;49,2
7,8;64,3
86;83
5,7;97,3
10;68,9
10;49,6
7,1;48,8
15,5;84,4
8,2;72,5
5,1;68,2
18;78,3
48,1;92
6,5;64,8
29;79,6
43;75
8,3;55,4
7,3;51,5
7,9;64,5
70;76,8
7,8;76,8
6;80,6
10;61,5
21;66
7,8;69,4
5,4;59,1
36;79,9
8,6;56,5
6,3;57
5,2;81,5
26;97,3
247;94,9
34;68,1
17;71,2
4,9;86,5
9,5;57,2
11,2;92,2
44;102,7
6,8;55,1
56;77,8
62;77,6
8,5;57
94,3;95,9
4,5;54,1
43;98,6
15;84,7
29;73,7
29,3;80,5
69;98,6
7,1;97,5
4;51,2
8,8;66,5
38;65,5
122;85,4
8,4;106,3
4,7;55,4
8,8;68,8
93;83
73;79,9
33;64,9
45;81,4
9,5;61
4,2;84,3
7,2;97,3
5,5;48,1
7,3;59,5
43;74,6
15,3;83,2
227;105,6
11,6;51
15;83,5
6,3;101,3
105;79,8
6,9;89,6
52;79,2
33;84,4
5,3;35,8
4;88,7
6,6;34,5
39;66,6
52;81,9
8,7;53,7
6,7;84,2
38;67,5
9,8;39,6
35;68,7
14;87,6
5,1;45,4
5,7;49,2
227;92,4
49;65,8
5,7;45,1
64;76,4
17;78,5
49;82,3
51;76,2
38;71,3
4,4;51,4
5,6;43,3
7,1;92,8
8,7;61,6
93,1;95,7
8,3;64,5
50;77,1
60;89,6
5,5;40
7,6;50,9
8,3;51,4
59;75,7
6,9;57,2
35;60
18;85,6
8,4;79,4
36;70,8
6,8;47,4
9,4;48
9;57,5
10;79,5
11;70,7
8,1;91,3
8,3;63,7
6,3;41,8
5,1;89,7
32;102
5,8;37,6
10;60
7;87,7
112;83,2
10;49
51;76,2
47,6;84,2
5,8;47,3
11;78,8
129;82
29;85,3
12;56,6
156;86,7
8,2;43,2
58;62,8
5,2;65,9
83;80,2
273;104
32;61,7
8,7;54,5
7,2;65,9
35;115,3
4,7;49,4
4,4;50,5
6,2;90,8
19;70,7
8,8;57,8
8,7;75,1
50;72,3
22;88,8
4,9;37,2
9,6;54,5
7,2;35,3
5,4;44,7
149;107,9
43;83,4
4,2;52,8
8,6;74,1
12;68,3
6,6;67,8
8,6;62,6
50;79,9
5;95
64;77,6
17;61,1
10;58,5
38;78,1
78;70,6
9;76,7
7,7;61,8
54;80,9
8,8;57,1
24;65,1
5,6;65,9
14;71
196;103
25;64,6
5,9;49,3
12;60,8
9,5;53,2
4,6;53,6
94;57,8
69;74,2
21;82,8
4,5;67,7
6,9;84,2
7,8;49,9
69;77,5
23;81
44;72
10;55,8
5,6;56,6
4,2;55
7,8;65,8
6,2;45,1
14;68,2
8,1;65,4
25;61,5
6,6;41
20;80,3
15;60,6
21,3;75,7
6,2;48,3
45;76,3
94;89
28;65,3
70;89,9
64;75,3
38;99,1
34;92,9
4,7;84,8
13;56,7
6,1;48,5
6;96,9
7,6;52,8
163;106,5
25;64,4
4,4;56,7
18;71,5
4,8;81,5
43;80,5
22;66,4
21,8;95,9
138;113,2
4,7;80,5
88;94,3
8,1;61,7
34;67,2
9,7;69,9
9,4;57,1
24;64
44,6;113,1
6,4;46,2
57;77,9
8,1;61,1
14;80,9
11;64,4
13;65,9
5,9;78,3
9,2;58,1
21;66
38;73,1
53;81,2
162;87,6
4,4;67,4
81;80,2
7,8;78,1
8;57
13;59,2
14;68,5
6,5;48,1
23;64,5
16;68,1
5,2;44,3
73;74
7,6;76
6,5;47,7
16;82,7
9;57,6
8,1;66,2
4,7;44,1
11;65,5
62;84,1
53,7;99,8
18;64,3
63;86,7
8,1;56,5
61;70,9
5,4;40
6,5;99,3
6,1;40,3
4,5;54,3
11;69,9
4,5;83,8
6,9;67,7
15;67,7
42;80,7
13;60,9
4,5;49,8
9;49,4
82;114,6
74;76,8
7,2;54,3
60;74,8
48;96,2
38;77,6
35;73
39;105,4
6,3;55,4
4,8;49,9
9,2;57
37,1;114,8
9,2;52,8
5,3;40
11,8;62,5
6,4;43,3
46;73,5
23;66,7
9,1;68,8
4,7;57
7,8;57
9,2;64,6
8,3;70,2
11;64,1
15;79,4
7,4;57,2
76;73,6
20;64,5
7,3;36,8
36;69,7
7,6;90,3
13;69,2
5,8;86
8,6;59,1
10;59,5
11;64,5
32;69,2
106;85,5
80;76,2
8,1;71,6
67;73,6
7,4;55,4
26;80,9
5,3;76,7
49;76,7
14;59,4
11;58,3
8,8;48,5
8,3;76,5
5,7;65,4
6,8;58,7
11;67,5
134;76,3
43;79,7
7,2;38,3
9,6;62,4
6,3;78,9
120;78
5,8;89,2
8,5;68,3
5,6;55,5
11;47,3
31;83,1
8,4;39,7
6,6;48,1
8,1;71,7
4,8;53,2
33;69,3
5,4;65,2
4,1;49,9
7,7;40,4
96;74
64;69,1
11;57,1
4,4;49,3
43;63,4
65;70,5
66;80,2
37;73,5
13;62,7
17;94,6
6,8;63,2
6,7;85,1
9,5;87,2
9,8;44,2
7,2;50,7
50;74,9
153;101,7
8,9;69,2
10;61,5
9,8;63,1
12;48,1
9,2;50,6
13;82,2
7,2;98,4
18;74,1
73;84,1
6,4;56,7
50;69,6
6,7;41,9
8,9;64,1
11;69,8
6,7;88,1
4,6;54,2
49;98,7
56;76,1
48;73,2
88;75,1
57;92,2
5,6;48
7,4;41,9
7,1;63,7
105;86,1
7,1;97,3
35;85,1
4,6;80,9
5,4;49,2
72;67,4
5,4;87,3
2,9;66,8
17;82,8
4,1;55
7,4;46,1
21;64,6
63;74,2
8,2;71,2
12;71,3
5,3;59,1
47;81
13;86,5
4,8;50,6
13;66,1
4,4;57,7
8,7;58,6
6;100,7
7,6;55
4,3;54,5
5,8;96,4
13;64,7
24,2;88,2
12,9;64,8
4,6;87,9
60;81,1
4,5;50
13;63,5
7,1;89,8
6,9;43,2
45;73
95;91,9
6,3;47,6
7,5;57,6
6,9;49,9
35;84,1
23;82,5
12;69,3
6,4;101,7
22;66,8
6,8;85
7;54,1
7,1;56,6
52;92,4
67;74,6
5,6;74,5
17,3;82,4
48;81,6
4,5;54,1
39;94,6
5,3;38,4
38;73,8
110;89,4
14;51,1
14;77,1
33;74
47;79,5
13;62,7
6,6;83,5
7;80,8
65;79,5
15;73,1
46,5;92,1
7,1;67,9
7,9;44,7
17;68,7
4,8;92,5
48;74,4
45;74,3
23;64,9
5,9;37,5
68;91,5
7,1;49,5
27;66,8
4;84
23;107,7
4,7;42,1
41;95
39;80,8
11;53,5
8,5;63,3
6;46,4
7,1;96,9
6,8;62,6
5;59,6
9;48
4,1;51,9
6,4;92,6
12;85,6
8,2;44,9
6,5;57,9
12;71,9
4,5;52,6
39;77,7
12;59,4
36,2;89,4
4,2;54,1
43;80,9
25;80,1
67;73,9
7,5;55,5
12;67,2
30;66,5
84;72,6
56;104
9,2;61,9
46;80,6
9;61,9
25;80,7
25;70
33;84,1
6,9;60,9
39,3;110,7
8,9;61,5
7,6;63,3
21,1;81
6,8;50,7
9,4;66,5
28;81,7
57;75,6
67;78,2
49;84
5,1;44,3
50,4;91,7
8,1;62,8
25;65,1
9,2;50,2
22;87,6
26;66,7
6;64,2
8,5;48,7
6,3;53,6
28;85,6
6,2;99,2
71;92,5
5,7;54,7
131;89,6
10;51
66;69,8
20;65,2
6,4;64
6,8;64,3
6,2;94,8
43;98,6
7,5;55,7
8,1;50,9
8,9;70,4
52;73,4
11;60
107;80,8
148;116,8
64;79,5
38;81
4,7;50,6
5,6;40,3
14;69,9
14;67
147;78
35;64,9
8,6;46,9
18,4;80
7,3;63,9
9,1;48,7
17;64,9
6,8;74,8
36;67,4
6,5;88,2
9,6;77,3
13,1;92,8
13;66
55;80,1
23;78,4
7,1;57,9
6,6;54,7
17;71,6
6,3;44,3
36;71,6
11;76,9
7,8;66,2
8,2;70,3
26;58,5
7,4;60,1
126;81,4
33;61,8
7,3;64,7
72;104,8
41;63,4
23;63,2
8,7;80,3
19,4;86,5
36,9;84,9
47;76
17;64,8
11;77,1
13;49,6
8,6;41,3
10;59,9
88;83,2
4,3;67,3
14;59,9
11;68,1
9;80,4
14;70,2
37,1;89,2
6,5;87,5
10;63,7
7,9;71,7
11;55,1
9,2;67,9
89;82,6
130;75,6
4,1;50,2
6,1;87,3
21;85,6
6;60,1
27;86,9
52;80,7
20;69,6
6,4;50,5
54;67,7
103;80,3
82;82,6
46;77,9
22;64,8
8,8;66,1
7,1;50
14;61,7
4,2;53
227;99,1
16,3;59,1
31;87,2
47;73,7
13;60
9,7;53,1
38;73,4
9,3;70,2
4,8;57,5
8,7;65,1
12;85,6
6,2;96,7
4,9;63,9
7;91,4
185;107,1
59;84,9
4,7;57,8
8,7;41,1
30;84,3
18;67,9
49;89,5
28;81,7
8,3;80,2
11;48,8
58;82,8
43;89,3
100;77,3
8,8;48,5
21;45,3
5,4;47,1
7;87,5
47;75,9
62;77
44;80,3
8,4;80,7
32;64,9
13;87,5
12;59,7
5;58,6
57;76,5
6,9;54,9
6,3;49,9
33;66,6
5,1;45,9
182;92,8
7,7;52,6
9,3;62,7
6,1;47
26;80,5
201;121,7
8,1;49,7
101;76
5,9;55,6
48;68,2
100;84,4
4,7;58
6,1;98,3
55;97,1
5,5;68,6
42;65
8;63,4
47;81,8
21;84,1
52;90,6
4,1;53,2
90;88,2
12;66,9
8,5;64,8
78;70,5
45;75
30;81,9
7,5;91,7
8,8;61,8
195;91,7
22;79
6,8;78,7
53;51,8
9,5;56,3
9,4;56
20;83,3
5,2;64,9
221;107,8
6,3;59,9
4,8;88,8
42;85,1
11;60,9
8,8;57,1
30;68
11;70,5
46;97,8
5,3;65,1
43;84,3
4,6;92,9
18;90,9
42;75,5
8,3;50,1
20;74,2
28;89,7
5,3;44,5
19;69,2
22;95,3
9;58,1
9,5;46,2
6,6;58,6
6,9;45,5
54;84,9
6,6;88,1
7,3;50,6
17,7;76,7
7,2;54,7
34;68,5
6,3;59,6
6,2;69,7
43;67,4
107;92,4
8,7;49,1
6,6;47,4
21;61,2
20;71,2
20;83,4
37;74,7
8,8;69,8
8,4;63,6
5,5;35,1
12;69,2
6,8;93
55,1;97,4
8,2;74,8
35;59,8
6,4;54,9
10,9;81,4
4,8;80,7
11;66,9
21;60
6,5;56,2
10;57,6
63;80
4,3;40,7
107;83
40;77,1
7,4;58,2
51;85,1
36;81,9
7,5;54,3
9,5;61
7,6;65,6
40;81,5
5,2;93,2
8,7;66,3
22;62,7
50;84,8
90;115,4
9,1;57,1
6,2;87,1
98;87,2
1,7;71,5
245;96,7
42;71
5,5;41,1
154;77,2
19;66,5
18;68,3
6,7;96,7
39;68,3
97;71,3
6;66,9
108;83
7,2;47,9
4,3;49,3
85;69
6,2;36,7
45;74,3
15;67,5
16;60
47,6;85,1
5,4;65,2
39;68,4
9,3;58,1
5,6;43,7
11;84,9
8,7;63,6
14;65,3
32;87,1
45,8;92,6
7,4;41,8
13;61,8
7,4;42,4
5;36,2
6,3;48,5
155;91,8
183;106,9
8,2;63,3
40;90,6
9,4;57,3
140;101,9
6,5;55,6
56;45,2
7,3;53,5
10;64,6
5;67,1
6,5;63,8
4,7;40
17,8;91,6
4,5;87,9
5,8;40,7
54;81,4
35;80,8
15;60,8
6,6;64,4
9,4;59,2
5,3;93,6
7,2;48,3
54;70,3
45;72,9
38;74,7
6,7;95,9
10;58,8
18;67,5
68;106,4
35;70,4
72;74,3
4,6;51,4
9,6;52,3
11;63,6
8;65,7
55;74,5
72;70,4
9,8;78,8
6,5;83,1
8,8;61,4
41;82,3
22,8;97,4
31;67,4
139;91,4
52;88,3
6,8;65,2
6,4;85,1
14;76,6
10;59,9
47;85,1
4,2;52,7
93;72,8
7,9;66,4
6,8;73,1
6,4;46,6
4,8;40,8
6,6;72,3
11;57,3
103;88,8
19;71,4
9,1;57,5
8,3;53
4,1;53,1
11;75,9
7,9;80,6
9,5;72,1
35;97,9
6,4;91,1
60;80,2
55;90,7
52;73,4
62;73,6
8,6;53,7
10,6;78,6
8,6;58,6
105;97,2
4,1;53
82;102,3
51;67,7
6,5;49,2
11;56,8
6,6;67,1
22;89,8
100;94,4
14;67,4
12;57,5
5,3;34,4
6,1;38,5
20;66,7
16;86,8
6,6;67,9
5,1;86,9
40;71,2
16,6;84,6
8,3;68,6
216;113,1
21;79,6
5,3;38,9
35;66,6
12;66,1
161;113,8
80;133,8
8,3;80,1
28;88,6
42;70,2
9,8;57,2
46;82
6,9;67,9
7,5;72,3
81;106,9
4,6;90,6
8,6;62,1
24;65,3
5,7;47
11;60,3
5,1;67,7
86;85,8
6;47,7
4,1;88
8,9;56,4
4,4;56,8
36;70,8
8,8;67,4
6,3;64,7
11;60,9
118;81,4
178;84
36;61,7
43;69,4
36;92,1
52;74,4
46;105,3
6,6;41,7
7,3;83,9
4,3;60
47;91,5
176;89
6,8;70,2
89;74,6
32;81,3
5,9;45,3
40;78,2
9,5;58,1
6,6;97,6
11;67,9
12;68,5
9,2;47,2
39;80,4
16,3;94,8
5,5;47
17;83,5
18;78,9
8,1;57,6
11,8;64,6
66;77,7
7,7;65
7,2;41,8
6,8;96,5
9,3;60,3
48;75,1
8,5;64,2
19;63,6
21;64,9
6,8;85,9
5,7;38,4
5,4;66,3
5,6;45,4
16;69,9
4,9;85,4
28;69,2
16;77,6
6,7;64,6
5,2;46,8
69;84,7
5,3;65,2
7,6;68,2
4,2;54,8
13;61,9
4,9;39,6
67;82,7
10;57,1
7;48,5
20;79,7
101;91,9
30;85,3
10;77,6
92;69,3
25;62,4
15;95,5
49;74,1
48;76,3
29;62
8;93,4
4,2;53,4
35;75,6
23;48,4
6,3;45,9
134;75,8
15;65
5,1;36,3
8,8;46
14;85,6
11;49,4
41;74,1
8,5;54,8
34;62,7
13;68
33;71,9
12;69,3
122;73,3
8,9;63,3
58;67,7
36;67,3
42;72,5
6,4;97,8
39;74,2
78;86,8
6;98,9
6,4;44,7
18;82,8
28;67,5
18;67,4
8;56,6
17,2;83,2
8,8;42,6
10,7;52,7
7;63,7
62;77,2
6,4;86,9
10;61,7
141;88,2
20;77,5
9,1;70,9
8,8;59,8
48;98,5
7;92,4
8,6;58,5
6,7;67,5
6,8;98,6
5,9;61,2
87;70,3
6,4;96,1
10;77,2
21;63,4
5,6;85,6
12;60,9
7,2;83,8
22;79,9
7;92,5
63;81,1
61;96,8
26;85,3
37;106,6
40;73,1
124;94,6
9,2;76,6
5,4;53
50;100
5,9;66,3
19;65
7;84,5
8,7;54,9
100;79,2
36;85,1
7,6;53,9
19,8;88,7
9,1;72,1
32;56,2
52;87,9
6,3;96,2
12,6;85,2
67;82,3
11,1;82,8
6,8;77,9
16;68,9
37;65
38;70,1
7;56,7
5,6;49,6
7,8;41,5
27,1;87,7
40;77,1
7,8;65,8
278;95,6
10,2;91,8
188;116,9
15;70,2
13,4;67,1
4,6;57,8
5,3;68,6
4,2;51,3
50;81,8
22;64,9
29;69,1
131;75,9
4,8;37,5
11;57,9
4,8;40,1
7,4;53,1
143;77,7
8;81,2
60;69,5
8,8;69,5
117;81,5
7;98,2
9,2;51,6
23;81,3
8,4;49,9
55;91
37;80,6
310;110,9
7,2;54,7
6,6;56,4
65;77,3
6,9;31,2
4,6;56,7
21;94,2
11;61,4
5,6;48,1
24;85,9
27;86,5
37;91,3
8,3;62,7
142;75,8
82;87,6
42;98,4
14;61,8
18;51,5
173;88,2
32;80
9,4;65,6
34;82,4
43,2;108,8
16;51,6
7,3;88,4
34;82,7
58;87,1
8,8;78,7
17;81,8
6;86,6
12;78,7
9,1;64,1
34;99,7
5,3;68,7
7,6;63,9
12;66,9
65;77,6
6,3;55,1
5,4;66,7
10;64,9
7,7;56,4
13;69,9
6,3;82,3
120;65,3
5,2;60,5
7,4;58,7
9,4;78
8,2;65,1
45;73
7,4;78,7
34;95,9
4,5;48,8
17;68,3
5,6;61,3
7,5;63,6
8,9;50,4
8,5;66,2
64;85,3
74;80,2
7,8;38
19;82,7
32;64,9
13,2;68,4
23,2;95,3
8,8;65,9
6,1;55,9
97;89,5
5,1;36,7
32;64,9
16;69,1
7,3;40,1
26;66
11,7;68
31;70,1
44;69,7
5,3;44,4
6,7;45,4
7,2;89,2
28;67,3
21;66,7
6,2;38,1
14;51,6
22;75,4
53;84,2
9;60,7
11;60,6
5,7;64,4
31;56,7
15;64,4
7,2;77,6
51;79,6
10;56
22;66,7
18,7;83,4
14;67,6
113;77,9
88;72,6
5;45,3
6,1;46,9
4,1;89
265;124,5
9,3;59
5,7;47,6
7,1;54,9
114;84
57;80
7,9;67,4
12;64,2
88;79,5
5,9;47,7
5,1;66,9
5,4;42,1
61;100,4
4,4;54
12;64,5
82;80,1
8,6;45,4
107;82,6
9,4;57,1
52;73,2
29;71
31;68,5
7;48,7
15;69,7
32;68,1
29;61,9
4,6;91,5
39;83,2
6,4;41,2
6,8;65,2
11;72,3
7,7;95,3
40;89,3
44,8;108,4
6,9;61,8
15;80,2
9;67,9
1,4;59,8
18;70,2
5;39,5
48;81,9
66;78
25;67
37;69,8
4,5;53,2
21,4;106,7
227;99,6
7,4;50,5
6,5;79,2
44;68,9
6,8;55,3
5;38,3
345;127,7
69;96,3
10;62,5
16;77,6
12;69
19;66,2
7,7;73,5
8,6;64,2
14;95,5
28;83,2
8;65,8
26;79,9
5,7;44,6
12;67,8
4,9;94,4
80,3;99,3
15;80,8
50;71
18;70
37;98,3
22;64,8
6,7;35,7
6,4;64,4
6,3;83,7
62;93,3
7,9;56,4
25;79,1
7;40,2
31;84,3
178;71,6
5,9;36,9
6,6;54,7
12;59,4
56;84
7;54,2
9;48,2
8;50,8
5,1;66,5
7,3;46,7
21;80,7
23;79
6,5;63,4
7,9;75,4
4,1;83,9
4,6;67,1
6,9;62,8
88;88,7
7,4;62,3
87,3;88,7
5,6;47,4
10;63,1
94;89,4
5,1;41,7
5,6;34,8
56;65,7
15;58,2
38;85,8
7,6;55,5
5,6;41,8
7,3;82,1
5,7;46,8
5,7;37,5
9;50,3
56;76,1
4,8;62,3
19;91,9
25;61,1
5,5;67,6
8,5;65,9
6,5;63,2
4,6;53,3
7,2;85,4
18;82,7
13;48,8
5,1;59,2
51;73,4
4,6;86,6
85;80,2
9,6;57,5
69;76,9
99;76,8
12;65,8
97;76,6
17;80,8
5,4;65,5
4,6;40
9;58,1
6,9;63,5
63;79,1
4,7;78,9
65;83,8
6,8;61,8
53;80,8
7;52,9
37;74,2
6,7;58,6
31;83
53;90,9
44;79,1
32;92,2
28;61,7
48;102,4
4,8;86,4
4,7;42,2
52;73,5
51;76,3
5,7;66,5
4,1;52,7
6;97,5
4,4;49,7
7;88,2
7,8;33,5
10;71,3
33;75,4
37;84,5
6,2;45
4,7;50,4
8,3;69
9;63
7,7;56,6
26;80,9
7,5;67,9
8,6;64,2
4,6;68,4
19;77,2
7,8;45
6,6;42
6,4;51,6
7,7;68,6
46;80,8
6,1;64
23;66,7
13;64,3
5,3;63,1
42;71
71;74,1
45;99,4
8,3;71
22;66,8
6,8;67,8
29;66,8
6,3;88,8
102;83,4
5,9;55,9
7,3;62,6
1,2;51,7
12;78,2
135;79,7
18,8;89,1
16;51
6,1;89,9
6,8;45,8
5,5;47,4
6,2;64,2
7,9;58,6
4,5;91,6
35;62,1
108;65,3
40;80,4
53,1;101
13;56,8
7,6;62,9
28;83,8
6,6;41,3
6,4;97,2
14;62,9
26;85,8
70;98
11;61,4
6,1;49,9
6,7;82
6,7;63,2
77;74,9
7,5;64,9
42;73,3
34;65,1
30;85,7
21;79,2
43;81,6
4,6;56,8
9,1;71,3
7,6;55,1
11;56,3
6,2;57,1
148;77,3
7;60,9
13;70,9
5,8;41,3
6,7;61
24;79,9
15;96,3
1,4;57,3
17;81,5
8,5;58,2
9,2;66,6
12,5;86,7
20;77,9
8,5;55
23;62,9
75;76
40;81,6
32;83,1
5,2;63,3
241;78,9
31;82,6
44;82,3
45;95,3
7,3;37,6
101;79,9
8,6;75,2
83;75,8
3,9;51
6,4;57,6
31,7;84,1
8,6;57,7
6,1;57,1
14;85,9
11;71,2
6,1;61,1
4,8;91,6
5,7;48,1
34;89,5
6,9;49,9
8,3;86,4
7,5;75,2
8,9;68,3
6,4;40
49;86,8
4,6;84,6
5,5;37,4
41;69,9
50;83,9
19;97,3
24;83
9,6;56,5
8,3;52,7
6,9;56,9
6,6;63,1
5,1;40
12;58,7
22;65
45;100,6
15;82,5
10;58
7,6;47,5
36;60
55;81,5
69;83
49;73,4
16;65,4
38;62,2
12;80,5
64;69,1
5;85,9
7,4;35,5
15;64,7
91;83
4,5;54
33;77,8
5,6;70,3
16;68,7
28;80,4
5,3;41,6
7,7;63
45;55,7
13;66,9
36;71,1
11;77
11;59,1
7,8;68,4
15;70,8
4,3;53,7
8,2;40
9;63,8
53;68,7
43;73,7
7,2;35,3
6,8;68,6
7,5;71,5
8,6;62,8
81;80,2
28,5;87,7
237;90,1
24;81
8,3;70,4
7,2;52,8
40;80,1
52;74
93;88,7
5,6;78,3
5,9;42,5
9,8;50
5,1;37,9
13;69,3
21;65,1
42;77,5
78;98,2
6,2;55,4
33;97,9
6,6;82,8
22;68,4
41;92,7
7,3;50,2
8;55,4
39;96,4
5,5;63,7
6,4;41,7
56;73,6
9,1;62,4
8,1;67,7
5,8;37,5
6;58,3
12,8;69
51;86,8
7,9;49,7
15;61,4
35,1;80,6
51;75,7
4,5;49,6
60;78,1
51;91,7
90;83
4,9;66
5,4;43,2
7,2;98,4
9,1;48,5
13;65,4
6,8;90,4
18;44,2
22;64,3
22,8;96
14;64
18;69,3
5,8;86,6
25;47,9
10;61,5
8,2;51,6
9,4;57,4
4,1;49,6
11;47,1
182;93
7,2;97,8
7,2;68,7
11;50,4
36;70,4
21;95,9
6,8;40,2
9,5;57,8
228;123,9
14;66,8
30;59,8
6,7;98,2
5,6;57,4
20;79,7
7,5;62,4
61;70,3
40;81,2
4,3;53,5
6,6;95,1
49;76,4
9,8;59,4
12;63
121;83,9
11;66,7
5,1;82
5,8;40
37;54,8
73;74,3
10;55,5
66;92
48;73
19;88,5
26;87,1
34;67,8
4,9;55,5
7,9;65,6
14;62,3
14;64,6
64,6;100,2
60;83,9
6;60,3
36;69,2
4,8;94,7
56;81,9
49;78,3
56;78
30;62,3
36;59,2
5,5;84
7,2;53,5
8,3;57,7
108;88,9
18;79
14;82,6
29;81,9
25;81,4
14;58,8
8,9;65,3
6,8;53,6
4,1;53,3
38,5;77,9
37;70,5
4,7;94,1
6,8;94
9,1;53,7
9,7;54,8
28;63,4
16;85,3
4,8;40
54;85,6
36;65,5
15;83,4
22;66
9;80,9
24;86
8,2;52,7
11;84,9
19;81,5
9,7;54,5
8,9;38,8
10,1;47,5
11,3;68,8
45;75,2
75;64,9
9,2;59,2
6,5;57,5
60;87,1
4,9;86
7,4;40,7
98;78,5
18,3;88
9,1;76,7
93;83
47;84
5,8;68,9
9;48,4
6,4;49,1
7,1;92,3
4,9;89,4
5,4;79,9
25;64,8
10;69,3
14;66,8
9,6;65,6
13;61,8
35;87
23;88,2
31;65,8
6,9;64,3
66;77,6
60;80,2
8,7;57
25;67,6
8,5;39,1
50;76,3
4,4;76
13;53
6,8;55,2
11,7;56,2
8,1;76,1
24;64,9
5;70,5
92;89,3
24;85,8
12;58,8
34;70,8
4,1;91,1
8,7;51,2
9,1;74,3
51;75,7
11,1;82,6
52;73,5
8,6;48,5
9,1;48,6
8;52,6
11;61,8
9,4;51,9
25;79,1
6,7;74,5
16;74,1
9;70,6
7,8;39,5
9,2;57,5
54;60,7
5,6;40,1
8,5;38,3
5,5;50,1
6,8;89,8
11;69,4
6,8;54,1
36;73,7
9,9;66,4
118;78,6
6;63,8
38;81,9
10;77,5
35;73,9
37;114,5
64;87,1
5,2;65,4
5,4;68
47;85,2
21;61,8
5,3;36,1
37;63
12,8;85,5
7,4;77,8
38;69,2
45;73,6
42;68,3
4,9;90,9
5,7;48,1
13;85,2
44;82,9
5;58,7
41;100,6
9,8;49,6
31;83,5
5,1;70,3
9,5;77,3
5,7;67,1
76;108,4
33;82,2
40;65,5
5,5;44
49;81,2
7,3;63,7
23;86
9,6;76,7
96;76,4
6,5;64,6
30;62,1
7,5;88,5
6,9;84,5
47;98,7
4,2;50,4
9,5;70,2
12,3;68,3
8,3;57
90;72,9
96;85
33;67,2
18,8;81,9
6,3;55,9
7;55,2
75;98,8
25;91,1
10;70,2
13;54
12;63,8
6,3;99,3
20,6;77,9
8,4;75,6
7,5;62,2
50;77,7
10;68,4
7,4;41,5
6,3;68,3
48;65,1
9,8;64,9
97;91
21;63,3
45;73,6
46;85,6
17;79
86;80,3
4,6;54
43;81,8
14;65,1
65;77
58;45,3
6,4;44,8
142;77,2
8,5;70,7
4;49,7
14;59,9
6;68,5
17;67,7
87;76,4
73;73,9
5,8;48,3
52;65,3
10;57,6
31;80,3
4,9;37
39;79,9
5,8;48,3
6,8;54,3
47;74,8
12;49,1
20;64,6
12;48,1
6,9;56,9
9,6;57,1
9,5;47,8
27;48,7
7,7;58,8
93;88,7
110;98,9
4,8;94,1
8;74,9
32;64
7,9;64,4
28;66,7
5,3;59
170;106,7
12;58
41;85,9
22;83,6
22;65,6
7;48,3
9,6;57
6,7;106,8
4,8;59,8
40;93,1
11;63,9
45,1;127,1
8,2;63,3
6,8;55,6
33;67,8
17;82,9
24;65,3
6,7;93,7
48;77,2
47;65,4
6,6;41,5
7,4;62,4
9,5;58,6
11;67,2
15;84,3
35,2;88,6
57;67,7
55;76,6
10,9;66,8
10;69,6
112;88,6
10;70,5
9,2;58,8
8,7;50,4
4,4;82,9
13;63,8
5,3;40,5
96;74,7
8,9;76,3
32;68,1
12;59,1
6,7;64,8
13;56,4
54;65,8
9;54,8
38;81,9
17;68,2
12;55,6
8,8;48,5
7,4;51
18;77,2
56;74,5
6,4;97,8
7;40,7
7,1;70,3
6,4;47
8,2;72,7
7,3;53,9
9,3;54,2
24;80,8
4,9;46
89;121,8
8;58,2
4,7;57,4
7,5;80,8
5,3;63,7
7,5;54,3
1,5;61,7
10;78,2
5,2;86,7
11;46,4
8;68,2
41;69,4
31;81,4
6,4;51
8;67,8
23;66,2
58;70,3
18;58,5
4,3;86,4
28;67,9
4,2;53
245;98
106;85,3
50;67,4
5,7;41,7
9;59,8
120;89
14;59,2
13;62
17;50,1
7,9;70,5
37;90,3
7,5;51,4
9,2;70,8
64;79,9
5,3;59,2
5,5;68
8,2;66
8,3;68,4
9;73,1
53;84,5
15;65,1
61;70,7
9,4;57,8
73;140
7,6;57
11;65,7
39;70,5
125;92,6
6,2;54,1
14;76
30;67,9
11;53,3
6,8;55,5
6,1;49,9
57;82,1
23;65,7
120;81,9
6,9;47,2
8,4;52,4
16;76,4
4,4;53,1
29;84,8
7,3;55,7
5,9;34
5,4;42,5
4,3;53,4
45;73,1
28;85,5
10;76,9
76;70,4
11;59
10,1;58,3
6,6;92,5
6,3;41,1
12;68,7
7,9;56,8
102;77,8
37;73,1
19,3;81,5
7;96,8
21;72,4
5,7;67,4
4,4;52,9
6,3;41,3
4,5;89,1
50;91,4
7,7;62,6
10;61
6,7;60,1
23;65
6,1;64,1
6,7;64,9
79;75
40;78
35;66,8
18;71,4
45;83,2
30;71,6
8,5;57,2
25;68,2
6,2;89,5
14;81,1
63;74,2
29;91,6
9,9;78,5
6,5;42,3
6,9;40,2
8,2;68,9
8;55,9
5,6;96,4
54,9;100
90;88,6
23;80
80;99,7
43;70,6
17;79,9
30;83,4
23;67,5
11;52,1
8,6;71,6
21;80,7
8,2;69,3
4,8;40
11;87
17;96
5,6;45,7
6,7;80,2
5,3;58,7
48;69,6
26;61,2
137;83
37;100,4
8,4;68,5
4,2;47,2
32;68,3
9,3;52,1
10;50,9
37;68,4
9;58,8
8,5;53,7
8,5;62,3
22;63,4
6,9;46,5
156;81,4
6,9;62,9
7,2;91,8
21;79,7
6,8;80,2
40,6;108,4
6,5;55,9
8,5;56,7
6,2;69,1
38;69,7
31;64,9
6;35,1
18,5;81,6
7,2;52,9
9,2;76,4
309;123,9
37;67,7
41;80,2
5,3;46,9
5,1;33,8
8,3;37,9
7,8;50
11,9;55,4
13;62,7
15;58,7
6,7;61,9
8;38,9
56;97,9
7,2;46
24;74,2
7,6;58,6
24;68,8
64;70,1
8,7;48,6
11;56,5
16;65
18;65,5
26;80,3
58;74,8
55;77,3
8;53,3
4,9;45,9
6,7;86,9
7,2;43,1
49;68,6
13;58,4
7,4;75,3
11;61,1
6,2;55,4
5,5;45,5
57;87,1
31;85,9
71;74,8
8,2;52,2
42;69
44;98,8
11;60,5
6,2;40,2
13;49,1
5,8;63,8
6,8;86,2
44;73,1
5,4;51,2
59;80,4
4,8;90,2
50;53,6
4,6;66,4
72;72,1
59;67,7
29;72,9
5,6;69,5
8,4;55,5
37,8;114
64;70
39;65,5
41;79,5
11;67
7,3;48,5
5,8;50,8
8,1;67,5
9;91,5
40;67,4
6,2;40,1
95;88,2
4,4;50,6
7,1;53,1
52;73,8
71;83,5
9,9;76,9
5,9;70,4
6,1;85,5
20;68,8
20;63
16,2;94,6
7,3;59,2
163;84,1
8,1;66,2
108;90,5
24;64,2
7,9;76
30;62,2
32,4;87,7
49;86,6
7,1;55,6
51;73,4
5,2;60,6
8;70,7
8,8;59,4
6,6;46,4
42;107,1
72;72,3
5,7;41,2
4,9;71,6
29;65,8
20;80,2
6,8;42,5
20;73,8
12;84,3
8,5;76,8
5;44,1
55;81,1
80;84,7
17;60,9
20;80
47;70,3
32;69,5
8,9;56
11;65,6
6,9;97
32;66,9
38;79,9
62;87,9
7,2;48,5
19;66,6
51;76,1
23;81,3
47;82,4
5,4;67,2
5,4;64
19;68
79;106,1
6,5;60,6
9,5;65,3
23;81,5
56;75,5
10;57,4
6,9;39,5
6,1;96,2
8,4;68,2
8;49,7
38;73,2
4,5;50,3
16;84,3
6,7;64,6
6;67,3
8,5;62,9
5,8;46,9
2,8;82,8
6,5;42
9,4;55,5
7,9;50,5
10;66,3
51;71,9
50;76,7
158;87,2
68;104,1
9,1;70,2
43;78,1
6,8;68
6,9;67,3
23,6;94,8
23;77,9
15;65
138;75,5
21;80,1
18;65,5
65;84,3
7,4;66,8
42;73,1
46;77,1
8,4;63,4
6,2;41,2
9,2;56,8
45;95,7
26;80,1
20;81,4
7,8;70
7,9;63
9,6;62,9
4,6;49,8
4,5;96,2
6,9;61,9
6,9;68,4
51;45,2
38;65,5
12;58,8
5,4;37,5
25;67,1
13;52,2
6,9;53,7
22;63,5
6;41
52;74,4
6,8;42,5
5,6;46,5
6,9;54,3
7,8;120,3
6,8;89,2
27;87,4
7,2;49,6
6,5;89,6
4,3;72,8
13;59,2
15;88,1
73;75,1
7,8;52,9
6,1;44,1
9,3;64,3
22;65,5
18;83,6
21;66,9
9,2;64
11;62,6
49;81,1
21;87,5
26;70,9
68;76,8
5,2;92,8
34;70,8
6,5;41,6
8;55,8
22;66,7
13;66,9
6,7;69,2
16;94,2
36;59,6
7,1;55,4
16;49,7
7,2;68,4
7,2;62,9
66;70
40;80,3
94;88,5
10;59,5
6,9;59,6
1,3;59,2
74;79,5
6,9;58,1
12;65,6
8,9;61,1
5,4;54,1
45;80,6
9,6;61,1
4,1;53,4
7,4;65,3
55,7;98,1
39;79,9
13;65,6
11;58,1
9;69,2
7;86,4
24;83
7,1;61,3
50;80,9
6;44,7
20;82,3
120;101,8
62;72,8
8,7;55,4
5,1;71,7
39;72,9
15;78,6
5,9;55,2
9,4;56,2
7;55,3
24;64
10;57,6
46;75,4
8,8;55,1
6,1;64,9
14;61,7
7,5;62,7
44;78,6
9,9;63,1
13,5;83,4
4,1;79,1
49;71,9
5,7;37,5
9,1;63,6
40,8;108,7
26;87,8
4,3;49,8
62;72,7
6,2;37,5
5,3;64,9
4,6;83,5
16;71,3
35;67
6,6;94,4
38;48,3
95;88,4
17;62,2
117;75,4
8,6;79,2
10;60,2
4,7;95
5,6;37,4
4,6;87,9
6,6;64,9
4,7;58,4
47,9;94,4
11;65,7
10;63,1
5,1;40
8,5;56,9
17;64
42;73,2
16;64,8
4,6;94,6
5,2;61,1
8,8;65,7
8,4;71,1
43;74,1
3,9;51,4
5,9;69,1
11;58,4
7,9;64,1
7,3;67
37;70,7
11;60,9
59;75,8
33;96,8
96;73,5
26;80,4
17;70,3
69;84,1
5,2;37,6
30;67,3
51;91,9
5,1;67,6
4,6;76,2
67;77,6
9,7;66,1
18,5;81,9
7;86,7
23;79,7
7,5;52,5
49;67,4
236;91,5
40;67,2
8,1;62,6
5,9;36
19;76,6
7,3;58,8
24;64,2
135;98,2
31;91,3
18;71,7
6,7;105,4
6;40,6
39;70,3
9,6;67,9
6,5;56,4
55;80,1
7,4;54,5
58;81,1
17;91,9
8;67,7
57;81,4
6,1;33,5
2,7;47,1
5,8;57,4
12;66,2
7,3;56
17;92,5
64;70
12;60
6,4;41,3
8,7;57,8
103;85
46;80,6
5,4;45,8
20;78,5
16;82,9
21;64,4
43;70,3
175;88,8
24;67,4
6,4;85,2
7,3;49,7
6,5;46,8
7,4;64
5,9;56,6
7,6;58,3
45;73,2
4,5;90,3
6,1;48,9
102;74,9
7,3;68,8
20,1;94,7
52;81,7
6,6;46,7
21;65,2
12;73,3
58;80,9
91,7;95,2
33;65,5
6,2;49
5,8;41,4
6,2;59,9
32;84,7
50;84,4
7,8;69,2
68;72,1
55;74
9,1;104,9
43;84,1
20;62,9
5,9;46
273;116,8
48;81,2
7,7;55,5
10;58
24;83
65;79,2
4,6;58,2
5,6;41,2
12;85
17,4;88,8
18;81,4
9,3;54,1
5;49,4
23;71,7
31;64,9
25;90,9
6,1;56,2
5,5;77,7
5,6;66,1
14;76,3
45;67,4
40;80,9
53;81,4
6,4;39,2
161;77,8
5,3;63,7
61;79,5
54;91
19;62,2
4,9;88,5
13;66,4
45;109,5
228;138,7
9,6;66,4
58;106,4
18;86,2
4,2;53,6
13;56,3
12;78,6
43;73,7
69;95,3
32;84,9
4,4;51,2
63;80,4
5,5;65,1
37;73,5
59;71,6
38;71,8
76;56,7
40;81,5
85;73,9
8,3;66,9
9,1;54,9
4,1;47,1
165;86,4
6,9;64,2
6,2;64,5
12;58
34;78,9
61;70,7
5,8;43,7
7;37,7
14;78,9
15,2;84,4
6,2;48,7
6,4;96,8
16;87,2
30;80,6
71;84,1
5;87,6
6,7;62,3
77;79
4,1;53,2
87,8;107,5
7,9;77,5
15;64,7
8,3;72,3
143;81,1
4,5;87
13;76,1
23;67
6;44,3
7,2;98
52;68,6
33;82,7
7;48,3
6,7;84
7,2;40
47;74,8
46;81
6,5;92,7
4,1;54,7
5,2;92,9
22;64,6
8,6;58,5
56;79,9
8,1;55,6
51;77,2
55;74,6
6,5;51,8
12;66,8
9,1;77,7
5,9;96,5
22;80,9
6,1;56,1
58;98,6
42;90,5
6,6;93,2
8,1;64,3
7,1;90,5
9,2;65,7
5;66,6
34;91,1
7,4;98,5
15;58,7
50;72,5
4,6;117,1
5,2;95
6,8;89,7
8,9;49,6
5,8;57,2
96;73,9
8,2;45,5
14;58,2
5,7;65,9
24;64,1
9;53,6
4,5;49,7
75;73,6
45;81,7
4,4;54,1
7,3;66,7
53,5;93,8
6,1;65,3
21,5;94,6
44;70,5
13;65,2
13;78,3
44;73,2
6,1;42,5
6,6;43,4
28;60,5
5,5;86,4
33;68,5
5,4;55,4
5;43,1
5,8;47
6,6;77,1
10;64,4
5,9;96,7
6,4;55,7
39;115,2
5,9;34
36;64,6
12;78,7
11;68,8
86;102,4
20;69,2
12;83,2
6,9;48,5
18;66,9
6,2;92,4
5,2;35,3
25;78,1
90;83
16;67,7
8,1;50,9
94;85,6
31;67,4
50;77,6
87;83
5,8;55,6
5,6;69,1
4,5;95,8
5,3;42,2
11;67,8
8,4;80,3
5,8;46,4
7,2;68,6
9,4;56,9
70;70,5
7,5;66
132;92,5
6,6;47,1
5,1;66,2
57;75,7
31;76,8
9,3;58,8
8,2;64,7
12;46,7
13;48,1
4,1;91,4
4,5;54,4
4,8;95,5
8,3;55,9
16;83,5
34;81
7,2;92,8
22;62,9
5,2;41,5
90;83
9,2;65,3
7,7;65,5
19;79,6
18;73,5
37;84,9
7,9;55,4
5,5;81,8
45;74,4
13;65,8
75;83,6
4,9;86,1
40;72,9
42;69
5;82,8
86;85,7
80;80,2
9,3;70,5
30;83,4
67;76,8
9,2;62,6
5,4;68,1
6,5;64,4
18;67,6
7,2;85,9
146;76
43;72,1
37;66,6
42;85
7;34,3
10;76,7
7,2;65,1
66;77
68;90
4,8;51,3
6,8;55
8,7;48,6
54;80,9
5,7;69,1
4,6;57,8
19;70,8
5,2;65,3
4,8;60
41;77,9
5,5;65,9
16;90
34;80,6
5,1;58,3
7;57,7
9,8;66,5
36;115
108;83
6,8;61,8
41;85,1
14;56,9
8,8;57,5
5,7;68,4
7;40,9
6,8;101,3
6,3;77,5
33;64,9
28;84,9
38;75,4
18;67,6
4,8;62,8
38;68,9
44;73,1
20;61,5
6,1;56,4
20;75,6
7,9;49,2
8,8;57
6;85,6
4,4;40
26;67,1
13;68,3
5,3;49,7
57;84,4
7,8;65,8
19;63,6
73;105,8
5,4;66,1
74;83
46;77,8
7,6;66,1
6,3;43,2
41;80,1
35;115,3
2,9;62,1
24;79,1
7;57,3
9,4;52,6
6,9;92,6
14;69,6
45;98
8;58,1
6,8;77,3
71;83,5
35;75,9
15;61,1
47;81,6
5,7;48
58;67,7
14;64,7
28;68,3
22,1;87,8
32;73,6
8,4;53,7
123;79,6
17;49,4
13;68,2
5,9;78,5
35;59,4
10;70,7
86;88,7
9,6;64,6
4,6;73,1
9,3;58
36;112,9
26;67,8
45;73,8
17;65
8;64,3
10;52,4
5,2;63,7
68;77,6
37;73,2
6,8;67,7
5,9;40
4,7;93,5
22;63,3
7,7;44,9
26;84
160;78,1
33;69,2
49;76,7
5,6;35,9
83;88,7
6;85,6
56;115
4,9;38,1
28;85,7
6,5;54,9
5,6;43,6
22;79,6
8,6;66,5
8,3;65,8
142;97
16;65
4,6;48,9
101;79,1
6,8;84,4
38;103,2
4,5;49,9
5;58,3
10;61,9
18;96,8
67;65,3
5;57,5
5,9;48,1
12;79,1
26;88,6
7;57
6,7;87,2
7,5;54,4
37;93,2
18,6;80,1
12;58,8
31;68,1
7,1;54,8
4,4;53,5
8,2;73,2
22;64
8;62,3
37;60,9
20;81,4
4,6;53,5
45;65,7
7,9;45,7
15;82,7
6,9;84,5
71;77,3
4,9;37,4
8,6;57,9
9;55
6,2;85,7
15,2;73,4
40;120,7
8,7;80,3
43;63,4
39;65,5
5;79
13,4;85,8
44;77,8
4,9;94,2
13;59,8
28;62,1
46;73,6
6,8;35,1
8,3;68,1
40;73,2
23;79,7
70;96,3
11;65,5
13;58,3
153;115,1
6,3;96,8
5,6;67
60;74,2
12;58,9
22;68,4
12;67,7
10;77,8
9,7;76
7,7;62,3
110;89,3
6,2;41,2
9,3;76,9
8,2;70,3
39;73,2
52;81,1
13;50,3
7,3;34,8
5,8;49
39;72,9
22;66,7
38;78,2
12;59,5
40;77,6
2,8;62,1
6,9;62,2
6,1;93,8
112;91,7
10,8;65,4
7,2;62,2
6;77,5
7,5;55,9
20;67
12;58
6,6;64,5
4,3;53,6
69;86,2
116;81,4
6,9;67,5
5;70,4
7,2;89,3
6,2;96,7
40;89,8
45;81,3
43;82,1
6,6;56,4
7,8;51,6
31,2;84,6
5,7;64
9,5;65
42;68,3
9,9;80,5
74;85,8
4,5;91,2
13;86,2
6,6;52
7,3;93
6,5;53,5
40;98,6
9,1;70
12;68,5
5;37,5
8,8;54,9
21;65,1
8,6;70,6
7;65,2
6,3;44,7
11;64,5
6,3;46,7
9,2;65,5
41;103,5
16;81,1
89;67,4
12;49,8
247;92,5
5,4;64,5
39;83,8
39;71
34;67,6
9;61,9
54;92,1
65;79,2
7;43,1
6;91
23;63,3
14;76
7,5;66,1
40;82,5
18;79,9
5,8;41,8
48;72,8
106;100
33;72,1
104;80,4
81;80,2
8,6;57,2
12;68,1
32;69,5
13;55,7
20;63,9
12,2;67,8
6,2;48,5
9,4;71,8
34;97,1
7;52,7
60;75,8
20,9;96,7
24;58,5
4,5;49,9
5,2;66,4
142;91,8
141;110,7
46;79,4
11;51,5
5,5;41,4
76;74,5
6,5;48,9
8,9;92,1
6,9;52,5
66;76,9
201;116,8
11;72
31;83,3
15;67,8
18;67,7
6,8;60,8
7,3;55,5
7;53,2
11;60,3
84;83
49;85
9,2;73,8
37;82,9
5,6;48,6
5,3;46,7
59;80
6,7;45,2
5,8;65,4
29;83,8
5,2;37,4
8,9;69,6
7,6;58,1
68;77,6
23;80,7
6,9;68,5
5,5;77,3
13;93,9
6,3;52,1
9;60,2
38;78,1
22;61,3
48;82,1
73;73,1
14;67,7
92;83
14;65
61;76
21;73
44;81,8
14;54,7
4,9;40
63;73,7
7,9;54,2
7,3;57,9
91;88,6
43;72,5
9,4;67,1
5,8;66,2
11;47,3
69;85,8
62;96,6
4,3;53,1
11;78,8
31;64
35;75,1
8,6;70,2
5,6;42,3
13;60
29;65
4,5;67,3
12;65,9
23;68,4
9,4;48,5
151;92,8
61;79,9
6,5;97,7
6,2;99,1
50;77,5
37;69,9
168;107,3
4,2;50
7;97,2
46;108
228;93
6,1;60
8,7;80
22;81,2
67;78
6,4;66,8
11;63,2
5,2;76,5
4,1;53
154;125,5
286;99
97;77,1
11;76,3
5,2;36,8
6,5;88,6
6,3;96
13;77,7
9;62,3
7,2;47
44;78,3
6,6;93,6
10;52,7
4,6;89,2
6,5;68,4
14;41,2
10,5;68,3
10,1;82,9
34;84,2
17;58,4
8,3;64
33;68,3
6,1;93,1
63;74
25;87,7
14;58,1
8,1;63,5
6,6;55,3
10,1;68
17;81,8
73;85,6
4,3;84,7
69;70,3
14;60,9
4,1;53,9
6,7;40,6
6;98,4
54;73,4
6,2;92,7
5,9;34,7
75;71,8
4,3;92,8
13;69,2
11,3;61,2
91;83
9,5;63,6
39;73,4
4,5;54,6
10,8;58
8,6;52,2
41;83,5
48;74,4
14;51,6
6,8;55,4
76;73,5
8,3;47,1
5,9;39,1
4,4;53,6
33;62
13;56,6
6,7;65,9
24;79,9
7;84,6
6,9;54,3
7,4;87,3
115;73,2
8,1;59,1
25;65,8
7;44,5
11;57,1
27;83,2
84;76,2
11;83,6
8,5;68,9
36,9;115,2
122;75,8
65;75,7
52;93
43;91,3
5,7;35,8
8;64,8
21;68,4
26;85,3
6;55,9
41;81,2
8,3;68
10,6;61,5
27;61,5
22;80,8
8,6;51,1
4,2;52,3
6,6;38,3
162;93,3
12;64,7
6,4;85,9
7;97,5
62;77,5
56;84,4
7,1;58,5
58;98,2
92;83
4,3;53,7
50;77,6
7;75,1
51;84,7
155;92,2
12,8;85,4
131;91,8
5,6;42,8
32;67,2
64;77,4
7,3;59,4
18;65,3
7,1;78,2
8,1;67,7
16;64,9
40;84,1
17;71,2
20;82,4
7,8;84
8,2;89,2
6;60,7
4,2;52,8
28;65,7
17;71,7
25;68,4
9,9;65,6
6,8;54,4
5,6;92,3
7,7;57,9
39;98,5
13;94,3
9,9;64,5
172;116,9
8;88,6
8,9;65,1
58;79,7
4,3;52,2
7;66,4
6,5;65,2
62;77,4
4,6;50,5
28,8;85,6
18;91,1
22;65,3
5,8;46,5
140;78,3
14;59
46;79,5
8,2;54,5
41;63,4
7,1;48,2
4,4;53
20;71
6,8;63,4
9,7;63,1
31;61,2
52;77,1
36;71,2
29;80,7
18;86,4
8,6;65,6
11;64,5
5,8;40,6
7,7;50,3
9,7;57,9
47;70,8
9,8;53,9
5;51,1
121;98,2
21;64,6
28;69,2
123;87,5
32;60,2
19;76,2
14;81,9
28;61,8
15,2;95,9
9,6;65
62;77,6
6,4;86,1
4,1;51,3
6,7;48,5
6,2;85,7
5,9;47,4
6,6;92,7
18;67,5
6,9;62,7
56;84,4
41;72
121;86,1
5;90,8
7,9;57,9
5,8;49
22,8;79,3
72;74,5
18,1;87,2
33;75,4
12;65,5
7,7;52,9
58;75,1
5,9;65,2
8,2;69,5
47;99,1
42,1;106,1
12;64
5,3;72,5
4,7;86,3
7,8;85
6,5;63,4
4;35,1
10;62
68;74,4
8,9;58,6
49;80,8
40;75,4
33;100,3
11;65,6
115;76,9
19;76,9
6,9;81,1
73;89,6
29;61,1
106;84,5
47;73,5
16;70,5
6,8;58,8
5,6;40
7,4;45,8
43;63,4
6,7;92,8
70;82
6,2;87,9
19;68,3
49,6;84
22;65,5
9,9;79,3
121;82,7
109;99
10;57,6
9,6;67,1
10,3;57,1
94;87,3
9;59,3
6,3;111,6
10;73,9
37;73,2
23;66,7
34;86,5
44;81
149;73,1
9,6;67,6
14;94,5
58;76,1
43;84,6
54;84,5
7;53,1
3,9;51,2
38;80,1
25;81,1
28,3;86,8
7,8;89,7
7,3;64,3
15;63,3
8;41
68;72,5
5,6;100,2
22;75,5
53;73,4
5,6;40
36;77,3
60;79,5
4,7;88,9
6,2;64,5
6,5;65,9
29;87,4
16;72,5
9,3;58,1
7,6;56,4
18,3;88,2
13;65,9
6,5;89,8
13;60,1
10;86,5
8,8;73,7
9,6;61,1
21,4;97
9,9;49
6,4;64,6
71;75,5
7,3;46,4
8;66,2
9,3;57,4
35;85,3
7,2;85,6
40;77,6
12,3;64,5
18;86,4
317;113
5,4;44
20,9;77,3
7;56
5,7;66,7
4,6;66,1
5,5;91,9
17;69,2
6,5;92,3
13;76,2
109;83,1
5,5;37,5
18;68,2
6,4;66,4
11,5;67,2
6,7;75,2
5,1;90,8
4,2;52,6
10;60,1
57;99,1
6,9;48,9
87;83
8,5;54,8
10;52,9
4,5;53,4
9;64,8
12;67,3
64;84,4
12;54,7
14;57,8
5,2;63,5
5,6;68,7
30;64
50;93,7
27;87,8
44;72,8
65;77,6
55,8;95,9
6,4;82,2
7,3;50,7
8,4;39,4
7,8;66,5
9,5;62
6,1;48,7
65;70,7
88;88,4
21;87,2
17;80,4
51;75,1
5,6;93,2
44,4;102,8
14;51,6
163;100,8
12;69
4,4;71,3
6,5;93,8
19;83,2
8,6;62,3
128;101,4
68;70,1
19;67,9
43;66,7
8,5;59,4
49,8;85,1
4;53,4
27;89,9
21;61,1
6,2;86,6
57;76,4
103;79,2
11,3;83,6
11;68,9
91;83
28;64,9
6,4;76,2
10;77,3
6,5;37,9
55;80
6,7;51,2
49,6;84,3
1;67
6;99,7
112;84,1
9,7;59,5
32;78,1
6,2;48,4
1,2;59,2
4,9;67,6
9,7;61,9
32;71,5
48;89,6
22;84,2
17;79,5
6,7;49,2
39;72,3
23;93,9
33;64,8
51;86,7
20;76,2
35;78,7
9,8;61,7
12;89,2
64;74,5
6,7;56,6
82;41,1
6,8;56
4,9;37,5
9,3;64,2
14;80,4
8,3;54,6
16;70,7
32;68,1
12;48
29;81,1
108;76,6
47;86,1
32;84,3
6,7;44,9
6,7;64,2
52;81,3
4,3;49,7
21;77,5
9,3;54,2
117;100,2
110;83
6,7;67
69;83,2
6,6;41,7
7,5;56,5
6,1;46,1
32;59,6
45;72,6
4,7;52,2
44;75,7
19;69,2
70;77,4
9,7;57,6
8,2;66,4
1,3;58,9
41;72,8
7,5;66,3
11;73,8
57;75,4
10;71,4
16;68,2
8,9;65,4
5,5;51,2
105;80,8
6,5;64,2
8,6;39,6
11;61,9
69;65,3
8,6;58,2
60,9;101,2
136;113
55;73,8
55;75,5
6,6;51,6
9,6;52,7
13;82
25;85,7
14;50,4
21;86
4,2;89,7
10,2;65
4,7;48,9
9,3;48,5
15;71,3
49,6;84,4
66;64,9
70;99,1
6,1;54,1
7,1;39,5
12;77,6
30;64,9
7,7;65,9
8,4;61,7
6;56,9
15;59,1
14;86,6
56;80,8
40;75,9
35;69,2
61;74,5
23;64,3
48;73,3
110;92,7
166;106,5
9,6;62,7
13;57
126;98,5
11;52
8,3;76,5
9,5;70,3
44;75,4
4,8;60,1
52;68,6
6,8;56,2
6,1;39,8
6,6;88,7
5,5;85,9
6,5;60,3
48;93
31,7;80,1
35;71,2
8,5;70,4
6,9;53,7
17;67,8
38;66,8
18,5;90,2
8,1;64,8
15;71,3
8;57,8
6,2;56,6
12;69,2
54;75,1
15;65,4
5,3;65,3
17;64,2
8,4;71,8
5;90,9
7;79,5
26;91,6
15;61,5
5,5;68,3
6,6;66
28;68,2
56;74,7
51;82,6
5,1;37,5
4,4;50,5
5,8;45,5
7,2;65,1
4,4;52,2
8,8;51,4
7,1;79,9
17;58,3
15;76,5
11;51,6
28;64,1
74;80,2
9,1;47
6,8;55,4
112;84,2
113;82,4
12;69,1
19;80,9
5,3;64
161;87,3
116;76,8
13;59,5
47;79,5
16,4;82,1
25;77,6
24;62,9
6,5;56,7
37;70,5
78;65,2
9,8;57,4
25;76,5
7;64,8
20;80,9
14;86,8
37;84,9
6,9;68,3
6,8;63,8
11,8;68,7
137;84,8
120;84,1
6;87,3
70;79,8
11;60,1
29;66,6
61;82,6
8,8;52,3
18;50,6
128;85,1
10;61,9
65;77,5
8;54,4
7,4;64,2
4,8;58,7
10;62
49;98,6
58;85,2
7,5;68,7
7,3;51
5,3;66
240;121,4
39;67,8
7,8;58,1
31;61,6
33;64
29;66,1
35;81,9
19;82
8,8;65,1
34,7;81
6,2;56,6
6,5;64,5
6;87
11;66,5
7,5;63,4
7,1;53,6
85;89,5
87;90,8
49;90,1
6,8;44,1
11;71,3
104;83,1
69;58
4,5;48
4,3;50,1
22;65
41;64,9
6,6;97,1
7,8;42,9
52;74,7
12;65,1
48;80,8
110;84,6
7,6;45,1
8,5;53,9
57;69,5
39;91,9
29;60,5
4,8;79,8
32;68,1
42;72,4
94;85,4
52;76,5
33;62
28;71,3
21;80,6
36;102,6
6,2;60,2
7,4;53,5
302;96,8
68;70,1
12;76,2
19;73,4
8,5;77,6
5,8;40,6
5,3;44,1
9,3;52,9
6,8;58,2
12;57,8
17,9;87,7
98;81,9
5,1;49,6
30;87,2
36;87,1
19;87
6,7;41,8
6,7;68,1
26;68,8
122;106,4
68;72,7
116;83,2
45,1;94,4
7,1;65,4
54;104,8
54;72,8
21;66,7
5,7;43,9
26;86,2
6,9;52,4
5,6;59,9
65;69,8
29;80,6
8,8;70,1
22;65,2
5,6;40,9
8,6;39,6
7,7;75,6
5,9;48,4
94;72,8
5,9;56,1
16;71,5
8,2;73,6
134;91,4
11;43,3
21;65,9
4,5;52,6
10;79,1
8,4;65,7
10;61,2
30;67,2
8,9;74,9
7,4;74,9
37,8;89,6
8,3;70,9
7,2;65,6
12,8;65,7
11;48,5
6,3;93,7
4,9;60,1
8,6;57,3
32;82,6
5,4;64,3
5,7;40,2
10,3;78,6
7,3;64,7
138;84,1
4,7;97
70;91,5
11;60,8
4,7;81,2
18;70
20;65,3
23;64,1
53;113,9
30;90,1
38;73,1
4,9;88
6,7;43,9
10;71,9
10,9;82,8
14;51,6
36;65
78;70,6
11;77,9
14;56,4
8,4;62,4
8,7;59,6
22;64,6
9,1;57
9,5;78,5
6,6;55,4
5,6;55,7
6,6;88,1
45;70,3
13;63,5
10;71,9
6,8;54,6
8,5;40,2
31,2;86,4
8,5;55,4
52;86,4
4,8;54,9
18;67,7
6,2;54,8
5,8;49,5
49;56,3
6,3;38
13;82,2
7,2;92,1
32;84,1
6,8;40,8
11;83,4
45;80,3
8;40,5
13;70,6
5,8;58,3
41;100
38;97,8
5,2;41,3
5,2;41,5
4,6;88,3
12;64,4
17;85,9
11;82,3
95;85
11;65,4
34;81,4
42;75,6
4,5;37
8,2;69,8
65;70,5
20;79
102;85,4
128;77,4
6,6;54,9
7,3;61,9
6,9;46,1
10,7;82,9
11;83,4
61,5;94,5
6,5;46,8
7,6;62,9
6,4;79,2
7,6;90,7
10;58,8
9,6;69,8
17;79,6
105;83,3
9,2;55,9
63;89,9
35;73,4
6;48,1
5;37
6;84,4
7,5;56,9
7;53,8
68;92,5
41;78,1
8,4;46,7
7,3;66,1
9,5;55,4
5,8;40,5
4,7;94,7
48;80,5
10;64,4
20,1;81,7
11;58,9
5,4;34,1
7,2;44,2
4,6;48,7
127;85,3
5,6;81,4
14;64,9
56;84
18,8;81,6
20;66,7
324;121,2
7,8;57,2
36;69,7
13;62,4
8,9;68,9
6,9;56,8
12,7;63,5
6,6;68,4
24;64,7
34;101,4
4,1;53,1
6,4;56
40;75,6
38;97,9
5,8;48,1
7,2;38,3
12,9;74,8
20;84,7
4,6;92,6
4,9;86
8,8;69,4
37;61,2
4,1;52,3
7;86,5
8,2;63,7
8,8;65,9
5,9;64,5
2,8;83,8
15;68,9
4,8;52,4
48;82,6
5,7;54,4
34;80,4
54;77,6
35;67,3
8;64,4
44;99,1
6,5;84,2
6,5;49,8
12;78,1
30;81,8
171;108
9,1;54,8
40;77,5
20;70,4
40;84,9
9,9;59,6
43;113,8
51;73,4
6,6;41,5
6,9;67,7
8,2;48,3
60;77,6
50;74
6,2;42,2
5,8;41,6
75;65,9
9,5;56,7
25;65
16;51,4
52;78,1
52;76,2
8,5;69
34;63,7
142;114
5,2;66,4
4,2;89,4
4,5;50,1
48;73,2
22;65,3
8,6;65,8
6,7;92,5
27;87,4
8;66,3
57,3;90
7,7;55,6
8;65,2
5,2;37,4
83;81,2
5,8;35,8
47;79,5
5,2;87,6
34;70,1
4,8;84,6
36;71,2
23;65,3
8,7;71,6
113;86,8
115;79,4
5,9;66,2
4,2;53,9
40;96
52;63,4
4,8;45,4
9,5;55,4
36;79,7
6,7;92,7
6,8;40,5
38;89,5
50;73,4
27;86,8
42;85,6
178;106,1
5,7;66
9,1;59,1
4,8;70,9
11;69,7
38;75,1
5,9;48,5
60;70,7
9,6;62,1
34;81
59;98,1
5;67,6
4,5;40
64;77,9
8,7;39,2
8,4;68,7
5,3;60,7
38;115,1
7,4;55,7
23;69
15;76,1
7,3;57,7
43;79,4
12;57,5
4,9;87,9
5,8;97,1
4,5;53,3
29;76
4,7;50,3
7,1;55,7
35;94
8,4;62,3
24,1;95,3
13,8;71,3
76;84,1
12;60,3
6,7;40,8
9,7;67,9
18;61,1
4,5;88
110;82,3
6,6;53,2
5,4;70,2
50;67,4
11;51,1
24;63,1
60;77,6
60;77,6
13,2;86,1
37;82,6
9,2;66,3
45;73,3
41;68,3
4,3;51
11;67,4
7,2;67,7
14;87,2
4,8;44,6
5,6;50,2
8,5;68,6
87;83
181;113,1
18,8;83,1
13;49,5
5,6;43,4
21;56
71;70,5
34,3;81,5
5,6;64,8
9,5;52,3
8,2;57,3
16;88,4
38;68,2
41;82,2
6,5;67,9
12,4;64,2
11;60,2
36;84
8,3;51,6
63;77,8
13;78,9
77;85,5
11;59,5
6,2;41,8
19;68
36;69,2
45;81,4
26;61,6
122;78,5
8,1;80,5
7,8;62,5
6,6;51,4
18;69,2
8,4;64,3
5,7;86,3
12;56,5
7,7;74,1
83;76,2
35;69,7
8;73,2
62;77,6
17;78,9
51;72,7
8,9;70,4
8,5;67,3
8,1;61,9
32;83,9
312;125,6
7,3;56,8
13;57,9
12;64,3
72;75,4
6,9;35,8
5,6;83,7
9,5;58,4
18,2;86,8
10;52
8,7;80,8
5,3;40
43;73,6
24;69,1
9,7;64,6
51;92,2
7,5;65,5
25,8;91,3
7,5;66,5
4,5;54,3
13;75,3
7,3;63,6
13;63,6
45;72,6
3,9;51,1
90;89,6
19;85
8;66,4
7,8;92,3
19,1;82,6
52;65,8
7,6;65,1
44;87,3
6,7;89,4
8,1;69,3
15;50,5
141;83
6,3;48,2
15;78,5
7,4;59,6
7,3;46,9
7;66,6
13,5;86,6
30;96,7
50;84,8
6,6;47,7
16;75,6
15;71
7,3;67,5
56;80,9
42;77,1
7,6;74,9
183;93,7
17;71,3
4,8;106,2
5,4;64,3
15;65,1
62;65,9
6,5;53,7
7,8;69,6
62;74,1
34;88,1
4,3;36,9
5,3;45,9
35;74,8
12;69,1
95;83
8,5;62,5
10,6;53,5
11;66,7
15;65,3
47;83,9
5,2;40,3
5,3;66
5,3;47,2
5,9;46,3
8,2;68,8
6,5;45,9
165;77,9
33;69,2
17;71,4
8,7;57,6
13;73,7
5,5;91,9
9,7;62,9
17;78,4
8,7;62,6
54;81,6
4,9;87,1
7,5;73,5
115;75,6
5,1;44,9
5,2;89,7
11;60,9
8,5;62,8
44,9;99,5
7,3;55,2
9,3;58,4
12;82,3
7,1;84,4
5,5;55,6
11;69,8
233;117,1
22,6;77
21;75,5
31;88,8
25;68,4
77;76,9
104;82,6
5,5;76,2
39;89,5
15,7;82,6
6,6;57
41;68,9
10;78
15;65,4
9;77,5
8,4;59,6
79,6;108,3
4,6;87,9
14;56,5
5,7;40,1
12;70,9
9,4;68
125;90,1
36;73,6
30;84,3
54;77,2
177;93,7
38;85,3
4,2;86,4
4,6;79,9
11;63,2
5,2;63,8
6,6;86,1
4,6;49,5
6,6;39,5
3,6;89,2
43;100,2
48;75,7
5,3;33,9
65;75,3
15;70,2
6,1;59,9
4,8;36,4
7,9;71,8
6,7;69,6
5,9;35,9
9,2;49,5
42;78,2
57;89,8
96;89
104;79,6
150;78,3
51;73,4
13;61,9
8,9;50,8
44;71
8,9;51,7
74;83,3
55;111,3
28;81,2
4,4;49,3
92;88,7
51;75,3
38;66,9
70;95,8
27;85,8
8,7;55,9
47;73,5
8,3;78,5
6,4;49,3
9,2;67,1
45;72,9
13;60
9;61,5
72;90,1
228;110,6
83;80,2
6,8;87,2
9,1;70,5
7,6;52,2
13;56,6
20;68,4
6,5;45,3
30;69,2
6,8;88,1
17;69,3
7,3;86,1
15;51,7
10;66,2
12,3;54,3
7,8;38,7
20;76,7
14;66,3
7,4;54,3
25;80,8
25;80,5
9,6;57,7
7,1;63,7
6,6;41,2
36;80,2
39;68,9
6,2;58,8
113;78,9
9,8;76,5
38;65,5
88;95,7
10;57,1
6,8;42
11;52,8
6,2;60,8
40;74,8
7,5;59,4
11;85,6
34;82,2
8,4;50,9
9;77,3
17;89,1
27;67,5
5,5;44,9
4,6;80,1
11;68,6
12,5;65,7
108;81,6
25;81,1
92;76,1
8,2;47,1
5,7;36,1
29;66,5
6,2;48,6
6,5;45,9
75;71,8
39;70,3
18,4;83
5,1;65,9
6,5;97,7
12,4;67,7
17;71,4
34;64,4
11;57
20;62
8,5;70
17;79,6
96;81
45;80,3
9,6;59,9
18;50,3
5,8;69,1
42;84,7
9;56,9
7,3;88,3
235;92,4
38;73,4
56;81,5
38;67,3
72;74,4
12;60,6
5,1;49
80;99,9
6,7;92,6
21;61,5
7,8;68
16,8;88
4,6;58,6
134;92
117;79,2
7,6;58,8
7,1;73,8
65;89,5
8,6;71,6
21;64,8
62;58,4
30;67,9
4,1;50,1
101;99,8
13;58,9
56;76
132;75,6
4,9;87,5
57;64,9
44;123,4
6,2;38
8,8;37,2
11;64,4
32;71,6
6,6;94,4
76;70,4
8,9;60,9
12;58,4
16;60,7
58;77,8
69;81,7
7,8;41,7
7,7;75,6
39;66,1
17;57,2
1,6;57,7
17;74,4
11;65,4
33;88,4
42;78,5
86;85,4
6,5;43,8
5,3;46,6
7,9;72,1
9,2;58
6,7;72,4
4,3;83,9
20;66,5
39;72,3
6;97,5
58;69,8
8,3;56,2
6,3;97,9
6,5;58,2
57;76,5
11;65,3
4,2;53,4
5,1;46,5
25;80,1
7,2;44,7
35;100,6
7,1;76,7
62;87
5,3;94,5
14;64,4
74;84,1
10;66
94;72,7
161;76,9
7,8;55,7
15;76,4
28;45
43;63,4
5,5;43,4
107;77,2
4,6;53,2
36;65,5
10;60,6
12;63,5
12;70,5
9,2;61,4
7,9;55,1
28;70,7
41;68,3
9,9;77,9
30;64,9
73;87,9
23;70,9
9;50,6
9,3;55,4
9,8;78,6
6,2;63,7
4,7;40
42;72,6
5,2;40
6,8;60,5
38;76,9
6,6;68,8
73;67,7
78;80,2
265;117,5
8,4;40,5
8,1;47,2
33;87,3
7,4;44,5
16;89,3
253;99
6,7;47,7
5;100,6
28;83,6
6,6;91,5
8,7;67,4
46;81,2
5,8;40
5,1;63,8
50;84,1
7,9;38,5
5,3;92,9
21;83,4
35;69,2
11,7;62,1
38;70,9
34;69,6
6,5;48,9
11;57,5
30;62,1
16;69,7
14;85,4
18;68,1
104;81,9
7,8;74,5
4,7;95,9
82,4;88,5
7,2;64,5
7;55,5
7,4;55,6
90;83
46;116,3
5,1;40
37;73,4
46;103,7
38;74,7
75;84,1
17;79,5
50;76,3
13;95,6
9,8;67,9
15;82,4
7;88,1
6;66
101;96,8
58;79
7,2;39,1
41;76,9
110;84,9
4,2;73,1
6;40,8
8,6;56,2
4,9;91,3
8,6;55,1
46;71,1
19;74,9
47;69,5
27;79,5
13;59,8
46;81,6
4,5;52,4
37;69,2
6,9;81,2
47;74,2
72;76,9
18;67,1
76;57,4
38;62,2
7,9;70,8
9,9;80,9
9,5;61,8
8,3;61,9
8,6;59,9
5,5;35,3
4,7;49,5
21;80,5
51;74,5
82;83
6,1;97,7
158;111
21;68,9
13;49,2
5,2;85
6,4;87,8
33;83,2
158;90,7
14;88,6
83;91,6
20;64,3
33;75,5
7,2;55,5
5,7;42,7
4,2;67,7
6,6;55,3
123;85,9
112;69,3
7,8;55,9
12;65,5
28;78,8
12,7;85
76;81,6
93;83
11;67,2
5,5;41,6
23,1;95
4,8;88,2
4,3;97,4
8;40,9
10,8;89,8
4,7;95,5
9,8;61,6
72;84,1
22;63,7
4,9;83
13,3;86,4
17;50,5
4,3;41,7
6,7;68,1
4,5;46,7
20;77,7
9,7;65
6,9;39,8
10,1;66,3
40;80,3
22;64,3
51;83,3
40;73,1
4,9;57,2
12;86,9
12;47,7
6,9;61,4
8,3;53,5
52;89,7
7,4;46,3
7,2;56,2
52;72,8
20;66,4
5,6;63,5
56,2;95,7
7,1;56,1
46;79,5
15;60,7
46;91
65;86
4,7;68
9,4;53,8
52;73,4
127;76
24;92,9
19;67,9
18;93,2
47;75,9
35;71,2
6,2;41,5
8;38,3
47;93,4
30;87,4
4,1;57
26;85,5
7,2;87
4,9;58,4
9,8;78,4
7,9;63,8
5,9;86,7
34;97,5
44;81,5
6,5;84,5
8,6;62,7
7,5;63,6
63;74,2
6,8;65,9
4,3;52,7
13;59,3
84;75
55;75,6
46;69,9
71;83,5
7,6;81
6,9;64,5
12,7;86,1
7,4;80,2
64;73,8
4,8;46,5
28;64,9
47;80,6
83;80,2
34;61,4
6,1;54,7
6,2;40,3
48;96
8,8;64,1
8,2;67
4,6;53,8
62;79,5
5,8;55,8
44;85,4
9,6;66,6
48;76,8
13;59,4
36,4;108,9
45;55,7
8,4;63,1
9,8;50,9
26,4;90,3
7,5;45,7
35;66,1
143;77,6
47;81,3
7,6;39,1
11;67,8
8;58,7
4,1;51,3
9,8;63,1
38;72,9
5,2;44,8
121;77,9
34,8;113,5
38;84,7
20;97,6
10;48,1
114;78,4
25;80,9
11;58
9,2;76,7
62;84,1
10;60,3
96;87,3
4,7;49,5
6,9;44,6
14;52,6
81;84,7
7,3;55,4
12;71,2
100;77,5
13;86,6
6,5;60,3
32;80,8
186;100,5
95;84,9
18;68,1
13;87,5
38;67,6
20;83,1
5,8;85,8
6,6;51
7,9;69
81;80,2
258;96,3
13;60
12;72,2
42;85
9,7;57,3
31;99,5
39;67,1
9,1;79,1
6,1;67,2
11;47,2
4,4;53,2
5;37,2
6,2;59
36;64,9
38;69,2
6,3;99,3
15;56,7
17;66
8;71,3
8,5;68,2
36;79,9
70;70,1
17;80,5
7,9;52,9
24;65,1
18;85,7
59;65,2
9,8;62,5
11;64,3
5,3;43,2
7,6;64,2
43;80,3
38;67,5
145;76,4
22;68,4
28;75,6
96;78,4
6,8;60,3
9,4;72,6
57;65,7
64;78,9
5,5;44,1
48;73,2
5,7;41,9
6,4;63,9
5,8;42,5
6,1;47
49;76,3
52;85
39;80,1
6,6;55,3
21;63,9
8,6;77,9
10;51,5
4,6;96
23;88,3
7,4;51,4
6,8;65,5
10;65,1
6,4;96,5
125;72,9
288;96,3
12;85,7
10,5;68,3
20;61,2
12,5;67,9
10,3;66,9
13;67
13;68,8
7,3;49,6
69;88,3
36;67,4
6,2;96,4
215;68,8
6,3;69,3
5,7;45,4
16;70,7
14;57,2
56;80,8
60;95,3
5,7;46,8
6,6;56,2
4,9;86,9
10;61,6
6;67,1
44,6;110,1
4,2;89,1
234;90,8
9,4;60,6
45;76,6
42;81,8
7,3;35,3
37;84,6
62;79,6
6,6;98
7,1;53,9
8,1;71,1
8,3;58,5
52;86
6,1;66,8
5;38
31,2;91,6
9,9;77,3
88;88,6
7,9;83
5,2;45,8
28;61,9
13;64,4
261;118,6
8;49,9
301;126,7
8,6;56,7
7,1;66,5
51;69,8
11;67,1
68;90,8
28;71,3
30;83,8
24;66,7
6,4;52,2
91;86
10;61,7
6,5;41,1
105;85,3
63;79,2
4,4;49,7
235;90,3
4,4;52,6
5,2;45,1
5,3;66,1
11;56,4
37;73,5
5,7;87,2
51;103,3
15;85,2
22;87,5
9,3;61,6
4,4;53,2
15;69,1
89;85,4
21;65,1
46;74,1
7,3;61,4
21;74,9
6,7;56,6
6,6;45,3
48;81,1
63;81,1
4,8;66,7
92;90,2
4;54,3
10;59,3
9,5;49
16;63,9
9,7;78,8
6,5;86,4
35,4;81,8
82;98,6
29;83,3
48;77,5
4,7;85
112;84,1
96;65,3
18;67,6
8,3;61,9
122;68,3
7,2;55
22;75,2
7,3;95,6
23;68
8,6;82,2
5,4;40
17;65,9
20;65,2
8,9;37,1
147;78
97;106,6
9,2;78,9
5,2;65,8
8,3;53,2
13;61,6
95;88,5
5,8;68,4
7,3;88,2
5,2;79,6
4,9;91,6
90;83
5,6;75,7
7,9;57,2
6,5;97,5
7,9;70,5
14;54,5
15;65
6,4;60,6
11;66,5
8,7;58,2
14;62,3
11;60,9
36,1;104,1
10;64,9
6,7;57,1
7,9;77,6
4,7;57,2
8,6;80,1
4,4;48
44;74,6
5,2;98,2
36;84,3
36;72,7
8,4;51,2
35;74,7
19;80,8
11;49,9
19;50,5
38;85,6
9,3;57,1
6,8;68,1
7,1;56,8
14;58,1
14;64
11;48,4
36;73,4
38;71,3
9,3;73,5
14;83,4
94;82,2
11,3;62,6
22;89,3
20;65,5
8,8;66,7
8,3;51,9
5,5;66,6
7,2;47,5
14;55,5
55;80,7
17;77,7
4,9;70,9
31,9;76,2
4,6;37
154;77,7
14;61,1
5;44,3
7,7;64,1
8,3;62,6
7,3;49,4
14;59,5
7,6;42,2
21;74,7
15;61,7
8;77,2
21;64,9
10,4;83,7
52;80,5
6,4;49
4,1;50,1
9,3;60,3
20;64,5
18;81,4
17,8;83,8
6,2;43,2
91;97,1
118;103,1
93;88,1
82;92,1
101;88,9
10;65,4
9;54,2
12;88,6
38;69,2
21;64,4
143;78,3
25;78,5
71;76
9,8;52
9,3;75,3
7,8;55,9
7,1;53,5
104;96,8
31;83,6
6,8;47,9
47;65,5
76;74,1
9,6;77,8
7,4;33,9
106;88,4
6,4;54,5
12;48,9
8,1;78,8
8,8;66,6
7,2;91,6
44;73,2
5;65,6
5;59,9
8,4;71,6
68;90,8
12;56,6
51;63,1
51;77
6,8;92,5
31;91,5
50;77,1
6,2;48,4
8;48,5
30;88,7
5,4;87,5
4,5;49,4
4,2;89,2
49;110,4
4,6;57,5
5,1;66,4
31;67
14;75,4
7,5;59
9,5;57,3
7,3;55,9
130;75,9
10;62,1
4,9;42,7
68;76,5
80;85,6
26;80,2
21;75,3
12,9;62,7
6,1;88,7
11;86,7
23;80,3
7,7;59,5
8,7;80,1
6,6;97,5
26;67,4
9;79,6
5,9;43,8
22;71,6
17;51
7,4;54,2
125;78,4
12;56,6
182;118,6
14;66,1
6,6;43,5
27;74,3
7,3;64,8
99;67,4
5,7;45,3
8,7;55
28;58,5
53;102,4
8,9;64,4
7,1;55,2
28;63,6
32;48,7
7,1;68,5
12;60
7,3;61,5
16;85,9
8,4;56,3
17,5;89,1
13;69,8
35;83,5
11;65,9
95;103,3
64;69,9
32;84
6,1;68,5
8,1;71,6
84;99
5,8;100
5,8;99,9
6,9;53,2
62;85,4
7,4;55,3
18;69,6
10;65,4
45;74,4
112;81,4
52;74,4
12;66
30;83,2
11,1;69,5
13;86,3
4,8;62,3
5,5;66,4
7,1;45,2
6,1;59,9
7;87,4
14;67,4
13;59,2
17;81,8
6,3;93,7
7,4;46,5
104;77,1
9,2;51,1
64;74,4
6,5;68,6
11;49,3
35;96,7
6,8;41,7
31;92,6
4,7;87,9
52;73,4
8,2;57,4
38;69,5
8;64,6
26;79,9
71;75
8,9;64,8
4,7;49,6
13;54,6
7,1;65,6
53;77,6
5,4;45,9
5,3;93,7
18;49,2
9,2;59,5
42;83,5
8,8;65,1
16;63,9
7,7;59,5
9,7;75,3
42;79,4
105;99,8
9,5;76,7
6,4;40,3
24;67,7
4,8;41,7
14;49,4
4,8;50,2
5,5;56,6
4,8;68,3
8,7;64,8
6,1;47,9
6,8;64,5
5,6;40,1
6,5;97,3
52;65,7
7,6;64,8
5,5;64,8
7,7;56,9
22;81,5
25;73,4
22;79,3
10;59,7
18;62
5,1;58,4
108;83,1
6,7;49,9
8,9;53,3
4,2;53,9
24;80,5
11;60,9
10;68,5
4,8;88,9
7,5;63,6
19;82,1
43;80,7
29;64,9
8,5;64,1
167;86,2
20;77,8
51;87,1
8;91,9
6,6;51,4
8,6;63
13;56,9
158;78,4
44;79,7
7,1;46,3
7,7;39,8
9,8;72
8,6;71,6
5,6;84,1
40,6;84,4
5,3;65,1
63;81,1
6;47
18;85,8
4,2;53,9
92;88,6
45;81,8
9,5;58,2
62;65,7
5,3;46,4
5,8;47
8,3;55,9
7;54,2
22;88,6
8;66,2
15;67,6
9,1;64,1
31;67,9
18;80,7
34;89,3
8,7;52,1
5,6;61,2
6,7;100,7
25;73,3
48;85,3
6,5;61
24;70
7,4;61,4
32;68,1
5,3;41,5
9;62,4
10;60,1
6,7;45,8
23;66,8
92;72,9
10;57,7
8;50,4
14;67,8
5;40,8
20;64,1
5,1;70,7
42;81,5
20;76,8
26;63,6
67;97,8
7,5;75,1
4,5;55,7
8;61,8
5,7;37,5
37;69,9
49,2;92,1
32;65,9
36;98
31;81,5
16;69,1
6,5;45,4
12;56,6
148;101,9
22;62,2
5,4;40
7,7;63,9
49;67,4
8;53
10;45,7
4,7;61,9
35;74,2
42;81,6
127;84,4
38;73,2
8,2;71,7
22;69,2
6,7;69
5;62,9
14;76,7
35;72,2
5;46,6
60;67,7
5,6;45,9
6,6;86,7
106;89,2
4,5;50,6
47;75,6
48;72,9
92;79,6
6,2;41,7
6,6;58,7
4,2;53,2
8,1;62
6,6;47,3
145;77,2
89;90,4
59;87,1
40;86,4
33;101,1
6;45,7
43,4;106,2
5;101,1
6,4;41
5,9;83,7
87;75,2
8,2;68,9
5,3;77,1
5,6;40,4
11;78,4
6;51,2
34;67,3
47;80,3
4,4;89,5
9,2;72,8
105;101
45;69,8
35;94
57;81,4
22;63,4
7;73,2
34;90,6
8,8;65,9
4,5;49,8
8,1;64,8
14;51,7
6,1;33,5
14;66,1
53;91
7,6;54,1
8,8;46,8
53;73,4
12;54,8
4,1;54,8
10;61,5
6,1;48,4
4,5;56,8
13;62,1
5,9;65,3
12;83,7
5,6;92,5
8,7;74,3
5,6;67,4
9,9;61,8
34;67,8
46;73,3
9,2;61,8
6,8;60,3
15;61,4
9,6;61,8
33;67,6
8,5;51,5
48;82,3
15;60,4
18;78,9
72;73,9
35;69,2
134;111,7
6,9;46,1
4,8;86,6
47;75,1
101;97
82;86,3
9,5;78,2
53;74,7
6,3;98,3
12;56,4
9,8;62,2
66;80,2
4,9;58,7
96;74,5
9,6;76,7
22;89,8
35,8;115,4
14;85,5
7,7;53,9
12;80,9
8,8;46,4
6,6;36,1
26;80,6
76;70,6
6,1;49,1
18;70,9
4,6;54,3
16;63,8
8,8;55
39;84,4
5,2;68,2
15;93,7
4,4;53,1
16;84,6
7,2;80
5;66,8
4;62,5
10;65,8
10,9;67,1
8,4;80,1
30;48,5
11;67,1
8;57,7
40;112,3
5,3;67,8
36;72,2
6;47
47;75,5
6,1;41,6
84;85,6
34;62,3
6,7;84,5
6;67,9
6,6;108,9
6,8;47,5
16;61,9
5,3;42,9
17;62,5
7,1;56
7,4;67,9
37;115,9
9,7;62,3
14;77,6
12;79,1
160;96,9
41;82,9
7,2;40,6
6,4;43,6
5,1;66,9
7,1;90,7
10;63,6
4,8;60
7,5;74,8
15;73,5
106;85,3
15;60,6
7;56,3
87;68,6
8,2;61,3
41,7;113
11;52,2
9,8;76,4
5,6;79,7
8,4;62
4,6;54,8
36;94,1
6,8;98,3
9;75,3
8;56,8
243;97,3
9,7;57,3
16;47,9
17;70,9
27;64,8
12;70,9
19;62,9
62;98,5
34;80,8
108;84
140;82,1
67;75,3
50,1;101,5
7,6;54,5
4,6;80,4
20;71,2
4,8;93,3
9,8;78,2
7;61,5
7;89,1
9,1;75,4
75;74,5
31;68,1
8,5;61,7
127;72
15,8;89,6
44;84,1
5,9;44,8
25;61,1
4,6;84,2
4,3;49,6
5,6;75,7
8,2;57,7
4,1;40,9
7,7;52,1
19;65,5
77;82,6
26;67,5
13;64,3
6,3;41,2
69;83,6
17;54,7
7,3;64,8
7;61,8
6,4;85,6
6,4;55,1
6,8;67,6
16;64,3
34;62,1
5,5;46,8
73;74,3
48;83,9
99;76
9;53,7
42;69,5
18;67,8
6,5;55
27;87,7
13,3;70,5
17;72,1
27;67,6
12;67,3
222;87,9
291;125,7
42;83,7
1,3;70,7
5,9;46,6
5,9;46,1
10;62,2
52;92
82;88,4
8,2;53,3
27;61,5
8,2;76
68;116,4
20;68
4,5;37,7
37;77,3
6,2;38,8
7,6;85,3
274;95,7
34;65
11;57,2
58;82,6
9,8;63,6
74;88,9
6,3;44,1
6,9;80,1
35;97,5
6,3;63,1
61;74,1
10;68,4
39,3;104,4
13,2;57,7
102;84,7
13;68,5
74,9;91,4
7,2;40,8
27;77
28;66,7
70;82
10,8;64,1
56;84,2
7,1;46,4
8,5;68,5
41;72,8
144;84,6
8,7;69,1
7,8;66,3
34;82,9
84;96,9
6,1;56,6
137;98,5
21;81,5
5,9;68,2
7,8;61,6
7;92,7
45;76,1
7,8;50,9
6,9;59,1
44;69,7
21;69,2
41;81
19;80,2
8,9;76,3
6,5;64
7,3;42,2
27;67,3
4,7;94,9
4,2;91
5,7;68,3
6,4;48,3
22;62
8;85
31;59,4
9,7;59
4,7;58,2
8,1;66,1
4,9;94
41;84,4
5,5;67,3
7,8;81,3
8,4;61,9
12;67,5
26;80
32;67,9
5,9;41,8
61;76,6
10;49,2
67;77,6
58,2;91,5
8,6;58,7
7;64,6
19;68,8
7,4;53,3
7,3;54,6
68;73,8
30;66,8
48;62,6
147;78,4
5,6;51,4
24;67,9
50;85,8
89;89,3
4,9;87,6
48;74,5
14;65,2
57;74,9
7,9;65,6
79;65,2
12,2;63,9
290;110,7
20;82,6
8,1;52,6
243;91,9
13;78,2
4,9;101,7
25;63,5
4,8;85,9
62;97,2
36;67,1
7,4;54
31,6;92,6
7;69,3
35;69,2
9,8;49,1
7;41,6
32;71,4
65;89,6
6,2;67
34;99,7
49;77,1
13;56,7
7,5;36,7
10;75,1
169;109,4
7,6;73,5
5;38,5
47;73,7
7,3;64,1
8,3;70,9
34;92,3
8,8;49,9
124;84
39;104,5
14;74,3
10;59,1
45;79,1
26;68,1
12;57,8
6,2;86
6,5;54,2
15;67,7
18;71,6
85;74,1
6,8;59,5
7,2;60,9
8,8;51,9
9;49,5
51;67,7
4,7;88,7
105;84,7
