6,8;55,1
6,4;55,3
6,4;55,7
6,2;55,4
6,3;55,8
6,2;55,6
6,4;55,1
6,7;55,1
7;55,2
7,1;54,9
7,3;55,2
7,6;55,1
7,2;59,9
7;54,9
6,8;55,3
6,4;55,4
6,6;55,3
6,7;52,6
6,9;53,7
6,1;54
6,3;53,5
7,1;55,7
8,3;55,6
8;55,4
8,1;56,5
8,3;56,2
8,3;56,2
8,5;56,9
8,5;57
8,1;79,9
7,9;83
8;56,6
8,4;57,8
8,6;55,3
7,2;56
7,1;52,8
7,1;54,3
7,1;55,2
7,1;53,9
7,1;55
9;53,7
9,1;53,7
8,5;53,9
8,1;53,8
7,7;52,6
7,1;53,6
7,6;53,5
7,4;53,9
7,7;55,7
7,6;54,5
7,9;54,2
8,6;55,1
8,4;54,7
8,3;53,1
8,3;53,9
8;54,4
7,8;54,3
7,8;54
7,6;54,1
7,8;53,6
8,2;54,5
8,5;55
8,6;39,7
8,8;55
8,7;54,2
9,2;54,1
6,9;53,3
7,9;55,4
8,5;57
7,8;56,5
7,7;56,6
7,5;56
7,4;54,5
7,3;55
7,3;39,7
6,8;55
6,7;54,2
6,8;54,1
6,7;53,3
6,8;55,4
7;57
6,6;56,5
8,9;56,6
10,6;56
9,8;57,3
9,7;57,3
9,7;57,3
8,6;56,5
7,8;56,6
7,6;56,4
7,6;57
7,3;54,6
7,3;55,7
6,8;54,4
6,7;55,7
8,1;55,2
7,9;56,8
7,7;56,4
7,9;62
7,9;71,2
8,1;50,9
8;52,1
7,8;50
7,7;52,1
7,6;49,9
7,4;50,5
7,3;51,1
7,4;52,1
7,6;51,8
7,7;51,1
7,8;51,5
6,4;50,8
6,8;51,4
7,1;51,6
7,3;52,1
6,1;54,7
6,3;49,6
7,3;51
8,7;50,3
8,4;51,4
7,6;85,3
6,9;49,1
6,5;50,6
6,1;49,9
7,4;78,7
7,7;53,3
8,1;55,6
8;56,9
7,9;54,6
6,8;55
6,6;55,3
6,1;56
5,9;55,7
5,6;56,6
3,5;57,4
7,3;56,8
7,1;56,6
7,3;57,5
7;56,4
7,6;57,6
7,8;52,9
8,7;53,7
8,3;53
8,2;52,7
7,6;53,9
7,3;53,9
7,1;53,1
7,4;54
7,2;53,8
7;54,1
6,9;53,2
7,1;54,5
7,3;52,8
7,1;53,5
6,7;52,5
6,9;53,7
7;54,2
7,4;53,5
7,3;53,5
7,2;54,3
7;53,8
6,8;51,9
7,1;53,5
7,4;53,1
7,8;52,2
7,4;53,2
7,2;52,5
7,2;53,5
7;53,6
7;54,2
6,9;54,7
6,5;53,5
6,5;53,7
6,2;52,8
6,2;56,8
6,5;53,9
6,1;54,1
5,7;54
5,7;54,9
5,7;54
5,7;55
5,7;54,7
5,7;54,4
6,8;55,3
6,2;54,8
6,8;55,5
6,5;54,6
6,6;56,4
6,3;56,1
6,3;55,9
6,4;56,1
6,7;56,2
7,4;55,4
7,7;56,4
7,8;55,9
6,8;54,9
5,9;56,5
6,1;55,9
5,9;56,4
5,8;56,6
5,9;56,1
5,9;55,9
6;55,9
5,9;55,6
6,1;56,4
6;56,9
6;56,8
5,9;55,4
5,6;56,6
5,6;56,6
5,6;55,5
5,6;54,8
5,9;55
6;55,3
6;55,8
6,1;57,2
6,1;60,8
6,2;56,6
5,6;55,7
6,5;56,2
6,1;56,6
5,9;55,2
5,5;56,6
5,4;54,1
5,4;55,4
5,5;55,3
5,6;56,4
5,8;55,6
6;56,5
6,1;56,1
6,1;56,6
6;55,7
6;56,2
6,6;56,4
6,8;56,2
6,5;56,4
6,3;55,9
6,4;56,1
6,1;56
6,2;56,6
6,3;56,5
6,4;56
6,5;55,4
6,7;56,6
6,9;57,2
6,8;56,5
6,7;55,6
6,9;55,4
5,9;56,5
5,7;56,1
5,5;55,6
5,9;56,6
6,3;61,4
6,7;61,8
7,9;58,2
7,8;58,4
6,5;60,3
6,4;57,6
7;56,1
7,1;57,2
6,5;56,9
6,5;55,9
6,5;56,6
6,6;56,2
6,6;57
6,6;56,7
8;55,9
7,9;56,2
8,1;56,1
8,3;52,3
6,9;54,3
6,8;54,6
6,2;54,1
6,1;56,2
6,5;55
6,9;55,1
6,6;54,9
6,8;54,3
7,2;54,3
7,4;54,9
7,4;54,3
7,4;54,5
7;55,7
7;55,3
6,8;55,9
6,5;55,6
6,9;55,1
6,8;55,7
6,8;55,6
7;56,3
7,1;56
7,3;55,4
6,8;56,4
6,6;55,3
6,6;55,5
6,8;55,8
6,7;55
6,9;55,1
6,8;56
6,9;55,6
6,9;54,9
7;55,6
7;54,9
6,3;55,1
6,3;55,7
6,3;44,1
6,5;49,8
7;61,8
8,5;51,5
8,2;51,5
7,9;43,3
7,8;55,3
7,7;55,5
7,5;55,1
7,4;55,4
7,1;54,8
6,9;55,1
6,6;55,4
6,4;55,2
6,2;55,4
6,2;54,8
6,5;54,9
6,8;55,2
6,7;55,8
6,9;55,8
7;56
7,2;56,6
6,5;56,1
6,1;56,4
6,1;56
5,8;55,8
6,7;55,9
6,6;55,6
6,5;55,6
6,7;55,4
6,8;55,8
6,9;54,3
6,7;54,3
6,6;54,7
6,8;53,4
6,7;53,4
6,7;53,7
6,9;52,4
7,2;54,7
6,9;53
5,9;56,6
6;55,9
6,1;56
6,5;56,4
7,1;55,4
7,5;55,8
7;55,5
6,8;56
7,1;73,8
7;69,3
7,3;63,9
7,6;64,2
6,9;63,4
6,8;63,2
6,8;63,8
7;57,8
7,2;55,1
7,1;72,4
7,4;55,5
7,6;55
6,3;57
7,5;56,5
7;56,7
6,8;56,7
6,9;56,6
6,8;60,5
7;57,8
7,2;55,1
7,1;72,4
6,5;55,5
6,6;55
6,3;57
6,5;56,5
6,4;56,7
6,3;57,2
6,2;56,7
6,7;56,6
7;60,5
6,9;62,5
6,8;62,6
6,8;61,4
6,9;62,2
6,7;61
6,8;73,1
6,8;63,5
7;60,9
7,1;61,6
6,6;62,1
6,7;62,2
6,7;61,9
6,8;62,4
6,8;61,8
6,9;62,2
6,8;62,3
6,7;61,6
7;61,5
6,9;61,9
6,8;62,7
6,9;61,8
6,7;61,7
6,8;62,7
6,8;61,8
6,9;61,9
7;61,9
6,9;61,9
6,9;62,8
6,7;62,3
7,5;63,6
6,6;62,4
6,9;61,4
7;62
7,1;61,3
7,1;61,3
7,3;62,6
7,5;62,2
7,6;61,6
7,6;62,9
7,7;61,8
7,7;62,9
7,6;63,1
7,6;63,2
7;61,8
7,2;63,3
7,5;61,3
7,3;61,9
7,1;62,1
7,3;63,7
7,5;62,9
7,7;63
7,6;63,3
7,2;62,2
7;55,5
7,3;55,5
7,2;55
7,4;55,3
7,1;55,6
7;63,7
6,7;64,6
6,7;64,2
6,8;64,3
6,8;64,4
6,8;64,2
6,9;64,5
6,9;64,3
6,9;63,9
6,8;63,7
6,8;63,4
7,6;63,5
7,8;62,2
7,2;62,8
7,6;62,5
7,8;63,2
7,8;61,6
7,6;53,6
6,7;65,4
6,7;63,2
6,7;66,1
6,7;64,6
6,7;64,5
6,7;65
6,7;76,8
7;64,4
7;65
7;64,6
7;64
6,6;64,9
6,6;64,5
6,4;63,6
6,5;63,4
6,6;63,6
6,6;63,1
6,5;63,2
6,6;95,6
6,6;64,4
6,7;64,9
6,7;65,4
6,8;65,2
6,7;65,4
6,8;65,5
6,8;66,2
6,6;65,3
6,8;64,3
6,7;63,5
7,2;64,6
7,1;64,6
7,2;64,4
7,5;66,5
7,6;65,8
7,7;65,1
7,8;64,8
7,2;65,6
7,6;64,9
7,8;64,8
7,6;65,4
7,7;64,5
7,4;64,2
7,3;65
7,5;64,4
7,4;65,4
7,7;65
7,6;65,7
7,4;65,3
6,9;64,9
7,5;65,5
7;65,2
6,8;65,1
6,8;64,3
7,2;64,1
7,5;63
6,5;64,8
7;64,3
7,2;65,1
7,6;65,3
7;64,8
7;64,3
7,8;64,5
7,9;64,4
6,2;64,2
6,6;64,6
6,4;64,4
7,3;65,2
7,5;63,4
7,7;64,1
8;65,2
8,1;64,8
7,8;65,8
7,1;65,4
7,3;64,8
7,4;65,7
7,6;64,8
7,5;63,6
7,8;64,3
7,6;63,6
7,8;65,2
7,7;65
7,8;65,8
7,9;65,6
8;64,7
8,6;65,8
8,5;64,8
8,3;64,5
8,3;62,6
9,4;64
12,8;65,7
20,3;64,6
23;66,8
29;66,5
35;73,4
43;73,2
41,9;75,6
35;76
31,9;76,2
24,6;75,3
21,3;75,7
17,7;77,6
17,7;76,7
17,7;73,7
15,2;73,4
15;73,1
14,4;72,7
14;74,7
12,9;74,8
11,5;68,4
12,4;66,5
10,9;67,1
10,3;66,9
9,8;66,8
7,8;66,5
7,5;67,3
7,7;67,8
8;67,7
8,5;66,8
9,1;71,3
9;70,6
9,1;70,9
8,9;70,4
8,9;70,9
8,7;71,5
8,8;69,8
8,5;70,4
8,7;70,6
9,7;64,8
9;64,8
8,7;65,1
8,6;65,2
9,2;66,3
9,4;72,6
8,8;66,7
8,6;65,6
8,6;65,1
8,8;65,9
8,8;65,8
8,9;65,9
8,9;65,1
8,6;66,5
8,5;66,2
8,3;67,2
7,9;66,4
9,6;65,6
8,6;65,8
7,8;66
7,9;65,7
8,1;65,1
8,9;65,3
8,5;64,8
7,1;65,5
7;64,2
7,1;63,8
7,3;64,2
7,4;64
7,6;63,9
7,9;64,3
7,8;65,2
8,1;64,2
8;65,2
80;66,2
8;66,4
8;65,5
8;64,8
8;64,8
8;63,4
7,8;64,8
8,4;64
8,4;64,3
7,9;64,4
8,2;64,7
8,6;64,8
8,4;63,4
8,5;62,8
8,7;64
9;64,2
9,1;64,1
8,8;64,6
8,5;63,9
8,2;63,9
8,4;62
8,5;62,9
8,9;62,1
9,3;63,9
9,8;64,4
9,8;64,9
9,4;65,1
9;65,1
8,9;64,8
8,7;66,4
9,2;65,4
9,4;65,2
9,2;64
9,1;62,9
9;63,9
9,1;64,1
9,4;65,6
9,6;65,4
9,2;65,3
9,2;65,5
9,2;62,9
9,2;65,7
7,9;66
7,8;62,1
8,5;61,7
8,1;62
8;58,7
8,1;61,7
8,4;62,4
8,5;62,4
8,4;63,6
8,2;63,7
8,1;63,5
8;64,4
7,7;62,3
7,8;62,3
8,1;61,9
8;63,3
8,2;60,4
8,4;61,4
8,4;61,3
8,4;61,7
8,4;62,3
8,3;61,9
8,3;62,7
8,3;62,6
8,3;62,7
8,4;61,9
8,8;62,1
8,8;59,1
8,9;60,9
8,9;61,1
9,8;62,7
10;63
9,5;62,9
11;63,5
10;63,9
9,3;63,8
8,7;62,6
8,7;63,8
8,9;64,1
9;59,8
9,2;61,9
9;63,1
9,1;62,1
9;61,6
9;62,3
8,8;63,4
6,5;63,8
8,3;63,6
8,5;63,6
9,2;64,2
8,7;61,3
8,3;63,3
8,5;61,8
8,5;62,4
8,6;62,8
8,7;63,6
8,8;64,4
9;63,4
9,1;63,8
9,1;63,6
8,8;63,6
8,6;64,2
8,3;61,3
8,6;63,3
8,4;61,8
8,6;62,4
7,5;62,8
7,5;63,6
7,5;64,4
7,5;62,7
7,7;63,9
7,8;64,7
8;63,8
8,7;64,8
8,8;64,1
8,8;61,4
8,8;63,5
8,8;65,7
8,1;63,1
8,2;64,9
8,8;65,1
9;64,4
9,2;65,4
8,9;64,7
8,2;65,1
8,5;64,1
8,7;67,4
8,4;61,1
8,3;61,9
8,4;65,9
8,5;62,9
8,7;64,5
8,8;65,9
8,6;63,8
8,4;66,5
8,3;65,8
8,4;66,7
8,3;66,5
9;67,1
8,3;60,2
8,4;62,3
7,4;67,9
7,8;64,1
8;65,7
8,2;66,1
8,3;65,8
8,5;66,8
8,5;64,6
8,4;65,9
8,2;65,1
8,3;66,4
8,3;64,2
8,5;60
8,5;65,6
8,6;64,8
8,8;64,7
8,5;64
8,3;64,3
8,2;63,3
8;62,4
8,6;62,6
8,8;67,4
9,6;70,9
10,6;73,3
10,2;63,8
9,4;71,8
7,2;66,8
7;66,4
7,8;66,3
8,2;68,8
8,5;68,2
7,9;67,9
8,5;68,8
8,7;68,2
8,8;65
8,6;64,5
8,8;66,5
9;59,4
9;60,2
9;60,7
9,8;62
10,6;61,5
11,3;61,2
12,2;62
11,6;62,7
11,8;64,6
11,8;62,5
11,9;63,8
14;62,2
13,9;79,8
12;64,4
12;64
13;64,5
13;64,5
14;64,6
14;64
15;65
16;64,3
16;63,9
14;61,5
13;63,5
12;65,9
11,3;62,6
12,9;62,7
12,9;64,8
12,8;65,8
12,8;66
12,7;63,5
13,3;63,2
13;63,6
12,5;65,7
12,4;64,2
12,2;63,9
12,5;63,4
11,7;62,1
12,3;64,5
13;61,7
12;63,5
14;62,9
13;62,7
13;63,5
12;63,5
12;62,4
13;62,4
13;63,8
12;63
11;63,2
11;63
11;63,2
12;64,3
12;64,5
13;64,4
9,9;62,7
9,8;63,1
10;59,6
12,2;60,2
12;59,1
11;60,3
10,8;60,2
10;61,2
10;64,9
10;66,2
11;65,7
11;64,5
11;66,7
10;66,3
9,8;68,9
9,9;64,6
10;64
11;64,9
11;66,7
9,7;66,1
11;67,2
10;65,9
11;66
11;64,8
11;64,4
10;63,3
10;63,4
10;64,1
10;63,1
10;61,8
9,6;61,8
9,4;65,2
9,7;63,1
10;63,6
11;65,1
11;64,4
11;64,3
10;64,9
10;64,3
11;64,1
11;63,6
11;63,9
12;65,5
10;64,9
11;64,1
10;63,6
10;64,7
10;64,4
9,8;66,5
9,8;65
9,8;63,7
9,8;65,8
10;64,6
9,7;65
9,7;63,9
9,7;64,6
9,5;65
9,7;65,8
10;65,1
10,8;64,1
11;65,2
11;65,4
12;60,9
13;61,8
12;68,8
12;68,3
12;68,5
11;68,8
12;68,6
12;68,5
12;68,1
12;67,5
12,1;68
13,5;70,4
12,8;69
11,7;68
12,2;67,8
12,3;68,3
12,5;67,9
10,9;66,8
10;69,3
10,5;68,3
10,3;68,1
10,5;68,3
10;69,3
11;61,2
11;68
12;69,1
12;68,8
12;70,9
11;68,9
11;68,1
12;69,2
12;69,1
11;69,4
11;69,4
12;69
13;68,7
13;68,2
13;68,8
12;69,3
13;68,5
13;69,9
13;70
13;70,6
13;70,9
13;69,3
13;69,8
13;69,2
13;70,9
12;68,7
12;70,5
12;69,3
13;70,2
13;69,2
13;67,9
13;68,3
13;76,2
13;73,7
13;74,9
13;74,1
13;76,1
13;75,5
13;75,3
13;75,3
14;76,7
14;76
14;74,6
14;74,6
15;74,2
15;73,5
16;74,4
20;74,2
20;73,8
21;74,9
21;74,9
21;75,9
20;77,8
19;76,2
19;76,5
20;76,9
20;75,6
21;75,5
21;76,5
21;73,9
22;75,9
19;76
19;74,9
17;74,4
16;76,4
15;76,5
14;74,3
14;75,4
14;76
14;77,1
15;76
14;75,4
14;76,3
14;77,7
15;76,1
14;76
11;77,1
9;76,8
9;77,3
9,8;75,8
9;77,5
9,1;76,6
8,3;76,5
8,1;76,1
7,9;77,6
7,8;78,8
7,8;78,1
7,8;76,8
7,4;77,7
7,2;77,6
7;77,9
6,8;77,9
6,6;79,7
6,5;77,7
6,4;78,4
6,3;77,5
6,4;77,8
6,5;78,8
6,3;77,6
6,2;77,6
5,9;76,9
5,7;70,5
5,6;70,7
5,8;70,4
6,3;69,3
6,7;69,6
7;70,5
6,8;69,1
6,8;69
6,7;70,4
6,8;69,1
6,8;70,2
6,7;68,1
6,6;68,9
6,6;68,1
6,6;66,8
6,6;68,8
6,6;68,2
6,6;67,9
6,7;69,2
6,7;67
6,2;66,6
6;66
6,3;65,6
6;66,9
5,7;66,5
5,9;68,2
5,7;67,9
6;67,1
5,9;66,3
6,1;68,5
6,1;67,2
6,6;67,7
6,9;68,2
7,1;66,5
7,5;66
7,5;67,7
7,2;68,6
7,2;67,7
7,1;67,9
6,8;64,7
2,9;66,8
4,6;66,4
5,9;66,2
6,4;66,2
6,6;65,4
6,8;66,8
6,6;66,4
6,6;66
6,5;67
6,5;67,8
6,4;66,4
6,2;64,7
6,1;66,8
5,9;66,4
5,8;66,2
5,8;66,2
6,2;65,4
6,4;66,8
6;66,4
5,2;66
6,2;67
6;67,8
6;66,4
5,7;68,1
5,7;66,7
5,6;67
5,1;67,6
5,6;67
5,4;67,2
5,7;67,4
5,5;66,4
5,7;68,6
5,8;66,3
5,7;67,4
4,9;67,6
5,1;66,4
5,1;67,7
5,2;67
5,5;67,3
6,6;67,1
10,2;65
12,5;65,5
10,8;65,4
9,6;66,6
9,6;67,1
9,6;68,2
6,5;77,1
6,3;67,9
6,1;66,7
6,1;68,5
5,9;70,4
5,6;69,5
5,9;69,1
6;69,1
6,1;70
5,9;67,5
5,7;68,4
5,5;66,6
5,6;68,5
5,8;69,1
6;67,3
6,1;69,1
4,8;68,3
5,4;68,1
5,5;68,6
5,4;67,3
5,8;67
5,7;67,7
5,8;67,2
5,7;67,1
5,6;65,9
5,5;67,6
5,2;66,7
5,2;68,2
5,2;66,4
6,1;67,2
5,5;68,7
5,3;67,8
5,3;67,3
4,9;66,5
5,1;67,5
5;67,6
5,1;66,9
5,3;67,8
5,1;67,4
4,8;66,4
5,4;66,7
6,1;67,5
6,3;68,3
6,5;68,7
6,5;67,9
6,7;67,9
6,6;68,4
6,4;68,7
6,2;69,1
5,8;68,4
5,5;68
5,2;67,7
5,5;68,5
5,8;69,3
5,8;68,9
5,9;67,5
6,1;68,6
6;67,9
6,1;68,9
6,2;69,7
6,1;68,9
6;68,9
5,8;69,1
5,6;74,5
4,8;106,2
7,6;83,6
9,9;80,9
7,6;81
7,8;81,3
7,2;81,5
7,9;90,2
7,3;73,1
6,5;72,9
6;73,2
5,2;72,1
4,9;71,6
5,3;72,5
5,1;82
5,1;72
5,2;72,5
5,5;71,5
5,3;68,6
5,4;70,2
5,3;68,9
5,8;67,9
5,4;69,3
5,6;68,7
5,4;68,4
5,4;68
5,6;69,1
5,7;69,1
6;68,5
6,2;69
7,8;68
8,2;68,9
10,2;69,5
110;68,9
10;69,1
11;69,2
12;69
8,3;69,9
8,1;69,3
8,3;68,4
8,5;67,9
8,6;70,2
1;67
12;66,8
14;66,1
19;66,5
26;66
30;65,7
34;69,6
37;69,4
37;69,8
37;74,7
34;68,5
34;75,1
27;74,4
23;67,8
20;68,1
19;67,9
17;69,6
14;69,9
11;68,4
10,4;68,2
11;69,4
11;67,8
9,5;67,9
8,8;70,1
9;68,4
8,5;68,9
8,8;68,8
8,3;68,2
8,5;67,6
8,8;69,3
8,9;68
8,1;67,7
8,6;64,9
9,3;64,6
9,2;66,6
10;68,3
11;67,1
12;75
12;76,2
12;67,3
11;66,9
11;67
11;65,5
12;66,3
11;65,6
11;65,4
12;67
12;65,1
12;65,8
12;65,7
12;65,1
11;64,5
11;65,6
13;66,6
13;65,5
13;66,4
13;65,9
13;66,6
14;67,4
12;65,5
12;65,6
11;66,5
11;66,7
10;66
10;65,8
9,7;65,2
10,1;68
10;70,7
10,1;67,9
11,8;68,7
13,4;67,1
13,2;68,9
13;68,3
11,5;67,2
11;68,6
1,6;68,2
12,1;68,2
13,2;68,4
13,5;71,5
13,3;70,5
13,8;70,4
13,6;70
13,8;71,3
13,9;69,1
14,2;71,9
15;71,3
18;70,2
24;74,2
22;75,2
21;75,5
22;75,5
21;73
28;75,6
33;75,5
39;74,2
64;74,4
80;85,6
123;85,9
125;83,6
120;84,1
117;89,4
120;89
120;89,8
108;90,5
72;90,1
62;89,5
55;91
52;90,7
49;91,2
47;89,7
45;91,5
43;90,5
36,2;89,4
37,6;90
41;91,3
34,6;91,5
36,5;91,2
38,4;91
35,6;90,5
30,5;91,4
36,4;92,1
33,5;90,5
31,9;91
28;89,3
26;89,6
27;91,4
25;91,1
25;90,6
26;93,2
25;90,9
24;92,9
24;94,7
22;95,3
21;95,9
21;94,2
25;94,2
23;107,7
20;97,6
19;97,3
18;96,8
17;85,5
18;86,4
18;85,8
18;87,1
17;87,4
17;85,9
15;84,8
15;84,3
15;85,5
14;85,6
14;86,9
14;86,4
14;86,5
14;86,9
14;86,6
14;86,8
14;85,1
14;86
13,5;86,6
13,4;85,8
13,7;86,2
13,3;85,9
13,5;85,3
13,3;86,4
13;87,5
13,5;86,5
12;86,7
12,8;85,4
13,2;86,1
12,9;85,7
13,1;88,5
12,5;86,7
12,7;85,3
12,6;85,2
12,8;85,5
12,9;87,1
12,7;86,1
12,7;85
12;86
12;86,4
12;86,9
12;85,6
12;85,1
11;87
12;85,7
12;88,6
13;87,6
13;86,6
12;85,9
12;87
13;87,6
13;86,4
12;85,6
11;86,7
11;80,4
12;83,7
13;82,2
16;82,1
15;83,6
12;83,2
12;84,3
12;84,1
11;83,4
11;83,6
11;83,4
11;82,3
11,1;82,8
11,3;82,1
10,7;82,9
10,9;81,4
10,5;82,1
10,4;83,7
10,8;89,8
10,2;90,2
10,5;83,4
11,3;83,6
11,8;83,4
11,1;82,3
10,8;82,8
10,5;82,1
10,1;82,9
9,9;81,4
13,2;82,1
11,5;83,7
10,9;89,8
11,5;90,2
11,3;85,4
11;84,9
10,9;82,8
11;85,6
11;84,9
12;84,6
12;84,1
14;83,4
16;85,6
18;86,4
17;86,4
18;85,6
18;85,7
19;85,4
20;83,9
21;85,6
21;87,6
21;85,2
21;86
21;85,3
20;84,7
19;87
19;86,4
19;85,6
18;85,5
18;86,2
18;86,5
18,4;86,1
18,2;86,8
19,4;86,5
18;85,4
18,5;81,8
18,5;82,9
18,6;80,1
18,8;81,9
17,2;83,2
18,1;82,1
18,5;81,6
18,8;81,6
18,4;80
19,7;82,6
19;81,4
19,3;81,5
19,6;82,8
20,1;82,3
20,5;82,1
21,1;81
20,1;81,7
19,3;81,9
19;83,6
18,8;83,5
19;82,1
19;82
19;82,8
19;83,2
20;82
19;83,3
18;81,4
18;83,3
178;84
18;82,8
17;82,9
17;83,5
18;84
18;83,6
18;82,7
18;82,6
19;83,5
19;82,3
19;82,7
19;82,1
19;81,6
20;83,4
20;83,1
20;83,2
17,7;81
18,9;82,2
22,6;83
17,9;83,6
18,9;82,5
17,4;83,8
17,8;82,5
16,4;82,1
17,4;82,5
18;82,8
17,3;82,4
17,7;83,4
16,6;84,6
16;83,5
15,8;83,1
15,5;83,3
15,7;84
15,8;83,5
16;81,6
16,3;59,1
16;83,4
15,6;80,9
15,3;83,5
15;82,7
15;83,5
15;83,1
15;83,9
16;82,7
16;82,4
16;82,9
15;83,2
14;82,6
14;83,8
14;82,6
14;82,6
14;81,8
15;82,4
16;82,7
17;82,8
18;84,6
18;83,3
17;83,8
17;83,2
20;82,6
20;83,3
21;82,7
21;84,1
21;83,4
20;83,4
18,9;82,6
18,4;83
18,8;83,1
19,3;83,9
18,5;81,9
18,7;83,4
19,3;80,5
18,9;82,2
19;83,7
19,4;82,9
18,8;83,3
19,1;82,6
18,6;83,1
17,8;83,8
17;83
16,5;83,1
16,1;84,7
15,9;84,3
15,7;82,6
15,5;84,4
15,3;83,2
15,2;84,4
15;82,8
18;83,6
19;85
19;85,6
18;83,9
20;82,4
22;77,7
20;77,5
20;77,5
20;77,7
19;79,6
19;81,5
20,9;77,3
21,9;77,5
21,5;79,1
22,8;79,3
21,8;76,3
38,5;77,9
30,8;81
29,9;79,6
29,3;81,5
29,5;81,1
29,3;80,5
32;80
31,9;82
31,7;80,1
31,5;87,3
31,2;86,4
32;86,1
34;89,6
32,9;87,7
32,6;87,5
32,4;87,7
31,8;92,5
31,6;92,6
31,2;91,6
32;92
32;102
30;91,8
29;91,6
31;91,3
32;91,7
31;99,5
31;92,6
33;88,4
36;91,9
38;89,5
39;91,5
57,3;90
64,6;100,2
62,1;99,6
64,2;101,6
60,9;101,2
61,5;94,5
56,2;95,7
57,6;99,1
55,1;95,5
53,5;93,8
56,3;94,2
56;92,9
56,9;95,6
59,1;91,3
58,2;91,5
54,1;93,7
50,4;91,7
49,2;92,1
48,1;92
47,9;94,4
44,1;92,4
42,2;92
40,5;90,6
39,6;92
37;92,5
36;94,1
35;97,9
34;101,3
34;88,1
35;88,4
36;88,9
37;84,9
36;87,1
35;86,3
35;87
34;86,2
28,8;85,6
28,5;87,7
27,4;86,7
27,5;84,7
28,3;86,8
36,2;87,5
36,1;87,3
35,8;86,6
35,2;88,6
34,5;89,8
32,8;88,7
31,2;84,6
30,2;90,2
31;87,2
32;89,1
31;90,1
30;90,1
31;88,8
31;88,8
30;89,5
30;88,8
29;88,1
28;89,7
28;89,9
27;89,9
26,4;90,3
27,1;87,7
25,8;89,8
25,8;91,3
25,9;89,9
24,5;91
22;94,4
23,8;100,3
22,9;101,3
20,8;102,1
21,4;106,7
20,6;99,1
21,2;91,5
21;74,7
22,3;82,6
19;88,1
20;89,6
22;89
22;88,6
23;88,3
23;88,2
22;89,8
22;89,8
22;87,5
21;88,2
21;87,2
22;87,6
22;88,8
22;88,2
21;87,5
22;89,3
21;87,5
21;89,1
21;89
20;87,6
20;88,3
19;86,8
19;88,5
17,4;88,8
17,8;88
18,3;88,2
18,5;87,5
17,6;87,5
17,9;87,7
18,1;87,2
18,3;88
20,3;88,9
19,4;89,3
18,8;89,1
17,6;88,6
16,8;88
16,4;88,5
17,1;88,5
17,5;89,1
19,8;88,7
24,2;88,2
23,3;87,5
22,1;87,8
18,5;90,2
17,3;91,2
16,5;89,1
15,8;89,6
15;87,6
15;88,8
16;89,3
16;87,2
16;87,8
14;88,6
12;85
10;86,5
13;87,3
15;84,6
15;84,7
15;84,7
15;85,2
15;83,4
16;83,5
16;85,2
16;88,4
16;90
16;84,6
16;84,7
16;84,7
13,7;85
13;85,2
13,5;83,4
12,8;83,5
16,2;85,2
16,1;88,4
16,5;90
16,3;91,5
16,8;88,6
17,8;91,6
18;91,3
18;90,9
19;91,9
19;92,8
18;92,9
18;92,1
17;91,4
17;92,3
17;90
17;92
16;91,9
16;91,3
17;93,1
17;91,9
17;92,3
17;92,4
17;90,7
16;91,2
15;96,3
14;95,5
14;95,6
14;93,1
15;93,7
15;95,5
13;96,5
13;97
13;94,6
14;94,5
13;94
13;94,2
13;93,9
13;94,5
13;95,6
13;94,3
13;95,5
13;94,5
16,5;95,7
16,3;94,8
16;94,2
15,2;95,9
16,2;94,6
16;95
18,2;93,3
19,3;95,5
20,1;94,7
20,9;96,7
21,5;94,6
24,1;95,3
23,6;94,8
23,5;95,2
23,1;95
22,8;96
21,8;95,9
22,6;94,5
22,8;97,4
23,2;95,3
23;93,9
21,4;97
18,8;94,7
18,5;95,6
17;94,6
17;96
18;92,9
18;87,9
18;88,2
17;89
16;87
15;87,5
15;84,4
16;84,3
16;85,1
16;85,6
16;84
16;85,3
35;86
58;84,7
110;84,9
160;96,9
107;94,1
101;97
82;98,6
75;94,2
69;96,3
60;96,9
53,7;99,8
55,8;95,9
54,8;96,3
56,3;98,6
55,6;97,9
55,1;97,4
56,2;98,8
55,9;98,4
55,7;98,1
54,3;100
54,9;100
53,1;101
50,1;101,5
46,3;99,4
44,1;99,2
44,4;102,8
44,5;99,9
44,9;99,5
45,1;94,4
45,3;96,5
45,8;92,6
46,4;93,5
46,8;91,4
46,5;92,1
43;83,4
41;86,2
42;84,2
43;83,5
44;84,1
42;83,3
41;82
40;81,5
40;81,5
41;82,9
39;83,2
39;81,4
37,4;82,8
34,7;81
34,5;81,7
34,3;81,5
35,4;81,8
35,3;80,6
34;82,9
34,1;82
34,4;82,4
34,4;82,1
34,4;80,8
35,1;80,6
36;81,9
35;81,3
48;80,5
47;80,6
49;82,2
52;80,5
49;80,8
47;81,9
44;80,8
42;81,9
38;81,1
38;81
35;81,5
35;85,3
35;80,3
35;81,5
34;81
34;81,4
34;80,4
34;80,6
32;79,4
29;80,7
26;80,4
25;79,1
25;79,4
25;80,8
24;83
24;83
23;82,5
23;81,5
24;81,9
24;81,3
25;80,2
25;81,1
26;80,3
27;79,5
28;80,4
28;79,5
27;81
27;81
27;78,2
26;79,6
26;79,9
25;78,5
25;80,1
24;79,9
24;79,1
23;81,3
23;81
23;80,7
24;83
24;80,5
23;81,3
23;81,6
23;81,9
23;81,1
24;81,1
24;81,6
23;81,2
23;80,1
21;80,6
21;78,5
20;79,3
19;79,7
19;79,3
20;81,4
22;79,6
22;79,3
22;79
21;79,7
20;79,9
20;79
18;79,9
18;80,7
19;80,4
18;80,7
18;81,3
18;81,4
17;80,1
17;80,8
17;78,9
17;81,2
17;79,9
17;80,5
17;79,5
17;79
17;80,4
17;79,6
17;79,6
17;80,4
17;79,3
17;78,5
17;77,4
17;78,8
17;79,2
17;78,9
18;79,3
18;78,9
17;80,5
17;79,4
17;78,2
17;77,7
17;79,6
17;77,6
17;79,5
17;78,4
17;79,4
18;79,3
18;79,1
18;78,5
18;78,9
18;79
19;77,2
18;73,5
17;72,8
15;78,7
15;78,5
14;78,1
14;78,5
15;78,7
15;77
15;79,4
14;79,7
14;80,4
14;79,6
14;79,5
14;78,4
14;79,2
14;79,8
14;77,6
14;77,1
13;77,7
13;78,9
13;78,3
13;79,3
13;78,2
145;78
12;78,8
12;78,2
13;78,3
12;78,6
12;78,3
12;77,8
12;79,1
12;78,7
12;78,2
12;79,1
12;78,4
12;78,1
12;78,6
12;77,6
12;78,6
11;77,9
11;79
12;79,8
12;78,7
12;79,8
12;78,2
11;78,3
11;78
10;78
11;78,8
11;78,4
11;79
10;79,5
10;77,6
9,8;78,7
9,8;78,4
9,9;80,5
10;79,5
10;77,5
10;79,6
10;78,2
9,9;78
9,8;78,6
9,6;78,1
9,4;78
9,3;79,5
9,4;78,3
9,5;78,5
9,9;78,3
9,7;79,3
9,5;78,2
10;78
9,8;78,8
9,8;78,2
9,5;77,3
9,7;76
9,6;77,8
9,9;77,9
9,8;78,8
10,3;78,6
10,1;79,5
10,6;78,6
10,8;78,3
10,6;78,7
10,6;77,3
10;77,6
10;77,3
10;76
10;77,8
11;77,9
11;78,8
12;78,6
12;79,5
13;78,6
13;78,3
14;78,7
15;77,3
16;77,6
16;74,1
16;74,6
16;69,1
15;68,2
15;69,7
16;63,7
13;70,8
12;71,2
12;69,9
12;70,2
12;70,8
12;70,9
12;70,8
13;70,8
11;69,8
11;70,7
11;72,3
11;69,9
11;70,5
10;70,4
10;70,6
10;70,2
10;70,7
11;69,7
11;70,6
12;69,9
12;70,4
14;70,7
14;69,6
14;71,8
20;71,2
42;75,6
43;74,5
41;72,8
31;70,9
31;70,1
29;69,3
28;93,5
28;78,7
25;79,1
24;79,3
23;80,3
21;81,4
20;80,3
19;80,9
17;81,1
16;81,1
15;82,5
15;82,5
14;81,5
14;80,4
15;80,2
15;82,1
13;82,2
11;71,2
11;70,1
11;69,8
10;69,6
10;69,1
10;69,9
10;68,4
10;69,3
10;71,9
9,5;70,8
9,5;72,1
9,8;70,5
10;71,9
11;71,7
10;70,5
11;71,3
11;74,2
11;76,9
10;76,7
10;76,9
11;75,6
11;75,6
11;77
11;76,3
11;76,5
12;75,6
12;76,4
11;76,8
11;76,3
11;76,4
11;75,9
10;75,7
10;75,1
9,4;76
9,7;75,3
9,5;76,1
9,4;76,5
9,2;75,2
9;76,4
9,1;77,7
8,9;76,3
8,9;76,3
8,8;76,1
9,1;75,4
9;75,3
9,2;76,7
9,1;76,7
9,1;86,2
9,3;75,3
9,3;81
9,2;80,4
8,6;80,9
8,7;79,3
8,9;80,9
9;79,9
9,1;79,6
9,2;79,5
8,5;81,3
8,8;80,7
8,6;79,2
9;79,6
9,1;79,1
9;80,4
9;80,9
9,1;80
9,7;78,8
9,3;81
9;80,3
10;79,1
12;81,2
12;80,5
14;81,1
25;80,7
35;83
41;82,6
40;81,5
40;81,6
38;81,9
35;81,4
33;80,7
30;81,9
28;81,3
27;82,8
27;83,2
26;81,2
26;82,7
25;82
24;82,7
23;81
23;81,2
22;81,5
21;81,5
20;81,1
22;80,7
22;81,2
20;82,3
18;83,9
17;82,8
17;81,4
17;81,5
17;81,8
17;81,3
17;81,8
17;81,8
14;80,9
14;81,9
14;82,3
13;82
13;86,9
14;85,9
15;85,5
15;85,6
16;86,8
15;88,1
16;85,9
14;87,4
13;87,5
13;86,4
14;87,6
13;86,5
14;87,2
14;85,4
14;86,7
14;86,9
14;85,5
13;86,2
13;86,7
13;85,9
13;85,2
13;86,3
13;86,3
12;89,2
12;87,9
12;82,2
13;82,9
13;81,9
12;83,7
12;80,9
12;82
12;82,3
11,2;80,6
11,1;82,6
10,6;83,8
10,7;77,7
10,5;77,9
10;78,1
10;77,3
9,9;78,6
9,9;79,3
9,9;77,3
9,9;78,5
9,9;76,9
10;77,2
11;77
9,8;77,4
9,9;77,7
10;77,3
9,6;76,7
9,6;76,7
9,8;76,5
8,5;76,8
9,5;76,7
9,8;76,4
8,9;77,2
9,2;76,4
9,3;76,9
9,5;78
9,6;77,3
9,6;78,1
9,4;77,1
9,4;77,1
9,4;76,5
9,3;77
9,2;76,6
9;77,5
9;76,7
8,9;75,6
9;76,3
9,2;73,8
9;75,1
9;73,1
8,8;74,8
8,7;75,1
8,6;75,2
8,6;74,1
8,4;75,6
8,3;74,5
8,2;73,9
8,2;74,5
8,2;74,8
8;74,9
8;74,3
8,1;75
8,3;74,5
8,2;74,3
8,2;73,6
8,2;73,7
8,2;71,7
8,1;71,6
8,1;71,6
8,2;72,7
8,5;71,4
8,3;73,4
9,2;72,8
9;74,6
8,8;73,7
8,2;74,8
9,1;74,3
7,7;74,1
7,9;71,7
8,2;72,5
8;73,2
8,4;72,5
8,5;72,5
8,5;73,6
8,6;70,7
8,4;70,8
8,4;71,8
8,3;70,4
8,3;70,9
8,3;70,2
8,3;70,8
8,2;70
8,2;70,1
7,8;70
8;70,8
8;70,7
8,2;71
8;69,5
7,9;70,8
7,8;71,1
7,9;70,5
8,1;71,3
8,2;69,3
8,3;70,1
8,4;69,3
8,4;69,2
8,3;70,3
8,2;70,2
8,3;72,3
8,3;70,9
8,2;71,2
8,1;70,1
8,3;71
8,1;69,5
8;69,8
7,8;70,3
8,2;71,5
8,2;69,5
8;71,3
7,9;80,6
7;72,5
7,5;71,5
7,9;70,5
8,1;71,7
8,2;70,3
8,2;70,3
8,4;69,6
8,4;71,6
8,5;71,7
8,3;69,9
8,3;70,4
8,2;71,9
7,9;71,8
7,7;70,6
7,5;71,4
7,3;71,5
7,2;70,8
7;66,6
7,2;68,3
7,3;67,5
6,9;67,9
6,9;68,6
6,8;67,7
6,9;68,4
8,1;67,7
8;68,2
7,8;68,4
7,5;67,4
7,7;69
7,9;67,4
8,1;67,4
8,2;69,3
8,5;68,6
8,4;67,6
8,2;68,9
8,2;69,1
8,1;69,4
8;68,5
8;68,9
8;67,7
8,3;69
8,6;68,8
8,6;68,5
8,8;68,5
8,6;68,7
8,4;68,2
8,1;69,2
7,8;68,4
7,6;68,6
7,6;65,6
7,7;65,9
7,8;66,6
7,9;65,6
8,1;68,8
8,2;68,5
8,3;68,5
7,5;68,7
7,6;68,2
7,8;69,2
8;68,4
7,9;68,6
7,7;65,6
8,6;65,6
8;65,9
8,1;66,2
8,1;66,2
8,7;66,3
8,6;70,6
8,4;71,1
8,4;69
8,6;69,2
8,5;70,7
8,5;70
8,7;71,7
8,2;69,8
8;69,7
7,8;66,1
7,6;65,1
7,8;65,9
8;65
8,4;65,7
8,6;65,8
8,4;65,3
8,3;65,9
8,1;65,4
8;66,2
8,2;65,9
8,5;66
8,7;65,7
8,8;64,8
8,6;66,3
8,7;66,2
7,4;66,8
8,5;66,7
8,6;66,5
8,8;65,1
8,9;66,3
8,9;70,4
9;70,6
9,1;70,5
9,1;70
9,2;70,1
8,8;69,5
9;70,3
9,1;70,2
9;70,3
8,8;69,4
8,8;70,4
9;69,2
9,1;69,8
9;70,2
8,8;70
8,7;69,4
8,9;50,6
8,7;69,6
8,9;69,6
8,5;70,3
8,4;69,9
8,3;69,2
8,3;69,3
8,3;70,4
8,2;69,2
8,3;69,3
8,5;77,6
8,6;76
8,7;76,4
8,2;73,2
8,1;71,1
8,5;70,2
8,7;68,6
9,1;69,3
9,6;69,8
9,5;70,1
9,5;70,2
9,5;70,6
9,5;70,2
9,3;70,2
9,3;70,5
9;69,8
8,6;74,6
8,4;73,9
8,4;73
8,5;72,7
8,7;73,2
8,9;74,9
9,3;74,4
9,5;72,9
9,3;73,5
9,1;85,2
9,1;104,9
8,4;106,3
8,2;94,3
8;87,8
7,6;90,3
8,1;78,9
9,5;77,4
9,1;81,5
8,4;81,1
8,4;80,1
8,6;80,5
8,7;81,5
8,8;81,4
8,1;80,5
8,1;81,7
8,1;79,9
8;81,2
8,2;81,3
8,2;80,8
8,3;80,1
8,3;80,2
8,4;80,7
8,4;80
8,5;80,6
8,6;80,1
8,5;81,3
8,5;80,1
8,6;82,2
8,7;80,1
8,8;80,1
8,7;80,3
8,7;80,3
8,7;80,7
8,7;80
8,7;80
8,7;80,8
8,7;81,9
8;83,6
7,8;84
7,9;83,7
7,8;84,1
7,7;84,7
7,8;78,5
7,6;78,4
7,5;73,5
7,5;75,2
7,7;74,1
7,8;75,1
7,9;75,4
7,7;73,5
7,8;74,5
7,5;75,6
7,6;74,9
7,4;74,9
7,4;76,4
7,4;75,3
7,5;75,1
7,5;74,8
7,7;74,9
7,7;75,6
7,9;73,8
8,1;74,8
8,3;75
8,3;76,8
8,6;75,2
8,6;75,9
8,4;75,6
8,4;75,7
8,3;76,2
8,3;76,2
8,3;76,5
8,2;77,3
8,2;76
7,9;76
8;78,6
8,2;76,2
8;77,2
8,2;70,1
8;91,9
7,9;77,5
7,8;66,6
8;65,8
8,4;78,9
8,8;78,7
9,2;78,9
8,3;78,6
8,4;79,4
8,1;80,5
8,4;80,3
7,9;80,1
7,5;80,8
7,7;81,1
7,8;80,6
7,3;82,1
7,7;81,9
8,2;87
7;86,5
7,5;54,4
7,5;72,3
7,6;73,5
7,7;76,5
7,8;75,3
7,8;75,8
7,7;75,6
7,6;76
7,4;75,5
7,1;74,6
7;75,1
6,8;74,8
7;75,8
6,9;75,4
6,7;74,5
6,7;75
6,6;73,2
6,7;72,4
6,7;71,6
6,6;68,8
6,6;68,4
6,6;67,8
6,7;69
6,7;68,1
6,9;68,5
6,8;68,1
6,8;67,7
6,8;68,6
6,8;67,8
6,8;67,6
6,7;69
6,7;68,1
6,8;68,6
6,8;68
6,9;67,5
6,9;67,7
6,9;67,3
6,9;67,7
6,9;68,6
6,8;68,6
6,8;68,1
6,8;67,8
6,7;67,5
6,7;68,9
6,6;67,7
6,5;68,1
6,5;68,3
6,5;68,4
6,8;68
6,8;68,2
7,1;69,4
7,2;68,4
7,3;68,8
7,3;67,6
7,4;67,6
7,3;67
7,2;67,3
7;68,7
6,9;67,5
6,8;68,4
6,6;68,4
6,6;68,9
6,8;68,3
6,9;68,3
6,7;69,2
6,7;68,9
6,4;67,8
6,4;66,5
6,4;68,4
6,3;68
6,3;68,3
6,3;67,8
6,5;68,6
6,7;65,4
6,6;68
6,6;66,4
6,5;65,9
6,3;66,9
6,2;66,1
6,1;64,1
6,2;64,5
6,4;64,1
6,4;63,8
6,5;65,1
6,5;64,6
6,4;65
6,4;64,4
6,6;64,5
6,4;64,1
6,5;64,1
6,5;64,5
6,4;63,9
6,4;64,6
6,3;64,7
6,2;63,7
6,2;65,2
6,3;63,8
6,3;64,6
6,4;64,7
6,4;65,8
6,1;68
6,1;64,9
6;64,7
6;64,2
6;64,4
6,1;63,8
6,1;65,6
6;64,6
6,2;60,2
6,3;59,6
6,3;61,1
6,4;60,9
6,4;60,6
6,2;60,8
6,1;61,1
6,1;60,3
6,1;59,9
6;60,1
6;60,3
6,2;60,2
6,2;59,8
4;80,7
3,8;81,7
5,6;61,3
5,6;61,2
5,9;61,2
6,2;60
6,3;60,9
6,3;60,5
6,4;60,7
6,4;60,4
6,1;60
6,3;59,1
6,3;59,9
6,6;65,4
6,7;64,8
7,3;64,8
7,4;65,4
5,9;65,1
6,1;65,3
6;64,7
5,9;65,2
5,7;66
5,7;65,9
5,8;65,7
5,8;77,3
5,9;65,3
6;65
5,8;65,4
5,7;65,2
5,7;64,4
5,7;65,7
5,5;64,5
5,5;64,9
5,3;65,1
5,6;65
5,5;64,6
5,3;65,6
5,4;65,5
5,3;65,3
5,4;65,7
5,5;64,8
5,5;66,5
5,6;64,8
5,5;65,2
5,4;64,5
5,5;65,9
5,2;65,4
5,2;64,5
5,1;68,2
5,1;69,5
5,1;70,3
5,3;63,7
5,8;63,3
6,3;63,1
6,3;62,8
6,5;65,2
6,5;64,5
6,7;65,9
6,3;65,4
5,9;64,5
5,7;68,2
5,8;69,5
5,6;70,3
5,3;63,7
5,2;63,3
5,6;63,1
5,7;62,8
5,5;63,7
5,6;62,6
5,3;65,1
5,2;63,8
5,1;63,5
5,3;63
5,5;64,3
5,6;64,8
5,6;63,5
5,5;62,8
5,5;63,7
5,5;63
5,3;63,7
5,2;64
5,1;63,4
5,5;64,5
5,3;64,6
5,4;64,3
5,7;64
5,8;63,8
5,9;65,2
5,7;68,3
5,6;63,6
5,5;64,2
5,5;65,5
5,3;65,3
5,4;64,3
5,2;64,3
5,2;63,7
4,9;64,5
4,9;63,2
5,3;63,7
5,2;64,3
5,5;63,9
5,3;64
5,2;64,3
5,2;63
5,1;63,5
5,1;63,3
4,9;63,9
4,8;64,2
5,1;63,9
5,9;64,1
5,8;63,6
5,4;63,4
5,2;63,5
5;64,3
5,1;63,8
5,3;63,7
5,6;63,6
6;63,8
5,5;63,6
5,3;59,9
5,3;60,7
5,2;60,6
5,2;61,1
5,1;59,9
5,1;58,3
5;58,8
5,2;59,4
5,4;58,1
5,5;58,3
5,7;58,1
5,6;57,4
5,6;58,3
5,4;60,9
5,4;58,3
5,3;57,4
5,3;58,9
5,2;57,5
5,1;58,3
4,9;58,2
4,8;57,5
4,8;57,8
4,7;57
4,7;58
4,8;58,7
4,9;58,1
4,7;58,2
4,4;56,8
4,4;57,7
4,5;57,8
4,5;56,8
4,6;58,1
4,6;58,2
4,7;57,3
4,5;57,3
4,4;56,7
4,6;57,9
4,6;58,2
4,7;57,3
4,7;57
4,6;56,9
4,6;58,6
4,6;57,8
4,7;58,4
4,7;57,4
4,7;57,8
5;58,2
5,1;57,9
5,1;58,4
5;58,3
4,8;57,7
4,9;57,7
5;58,3
5,1;58
5,2;57,9
4,9;57,2
5;57,5
4,9;58,4
4,6;57,8
4,8;56,8
5;54,5
4,6;54,8
4,8;54,9
4,6;55,4
4,7;54,4
4,5;50,3
4,6;49,9
4,7;49,6
4,7;49,7
4,8;49,9
5,3;50,6
5,2;52,7
4,6;56,7
4,5;55,7
9;55
8,6;56,7
8,9;55,9
7,8;60,7
7,2;60,5
6,5;60,9
6,1;60,9
5,7;62,2
5,7;61,4
5,7;61,1
6,3;61
6,7;60,1
6,5;60,3
6,7;61,4
6,8;61
6,9;60,9
6,9;59,6
6,8;60,3
6;60,7
5,3;59
5,1;59,2
5;59,9
5;58,7
4,9;58,7
4,9;60,1
4,8;60,1
4,8;59,8
4,8;60
5,3;59,3
5,3;58,9
5,3;59,1
5,3;59,2
4,1;60,6
4,3;60
4,5;54,2
4,3;97,8
4,3;55,1
4,4;53,2
4,5;54,1
4,5;54,6
4,5;54,4
4,4;53
4,6;52,4
4,7;52,2
4,8;52,4
4,7;52,9
4,8;53,2
4,8;52,6
4,3;52,7
4,3;53,4
4,2;53
4,2;53,4
4,2;52,6
4,2;52,7
4,3;53,2
4,3;52,2
4,5;53,2
4,7;53,5
4,6;54,2
4,6;54,1
4,5;53,9
4,5;52,8
4,6;53,6
4,5;53,4
4,5;52,4
4,5;51,6
4,4;52,2
4,3;52,4
4,5;52,8
4,4;50
4,5;50,6
4,3;49,8
4,4;49,3
4,5;49,7
4,6;48,9
4,5;48
4,4;48
4,2;47,2
4,2;47,2
4,1;47,1
4,2;47,2
4,1;53,3
4,2;52,6
4,2;53,9
4,3;52,7
4,3;53,1
4,2;53,2
4,2;53,2
4,2;52,3
4,2;53
4,1;53,4
4,1;53,2
4,3;53,3
4,2;53,5
4,4;53,2
4,4;54
4,1;52,8
4,1;53,5
4,1;55,1
4,1;52,9
4,4;53,9
4,2;55
4,3;52,7
4,2;53
4;53
4,1;57
4,1;54,7
4;54,2
4,1;55
4,1;54,6
4,2;53,6
4,1;53,1
4,1;53
4,1;53,8
4,2;54,4
4,2;53,9
4,4;54,1
4,4;54,3
4,3;53,7
4,2;54,1
4,3;55
4,3;54,3
4,2;53,4
4,2;54,1
4,2;53,9
4,2;53,9
4,1;53,8
4,1;53,9
4,2;52,8
4,1;54,8
4,3;58,3
4;52,8
4,1;52,2
4,1;53,1
4;52,2
4;52,7
4,8;58,7
4,6;53,8
4,4;53,9
4,2;53,6
4,1;53,2
4,2;53,2
4,4;53,2
4,4;53,6
4,5;53,3
4,6;53
4,7;53,6
4,6;52,9
4,6;57,9
4,5;53,1
4;53,4
4;53,7
4;53,6
4,1;53
4,5;53,8
4,4;54
4,1;53,2
4,3;53,1
4,4;52,7
4,5;52,4
4,6;53,1
4,6;53,2
4,5;53,5
4,4;53,8
4,3;52,7
4,2;54
4,2;53,3
4,4;55,9
4,8;52,6
4,5;52,8
4,4;53,1
4,3;53,3
4,3;53,4
4,2;53,4
4,1;52,7
4,1;52,3
1,2;51,7
1,3;52,8
4,4;54,1
4,4;52,9
4,5;53,6
4,5;52,6
4,5;54,3
4,3;52,7
4,2;53
4,1;52,4
4,3;53,6
4,3;53,7
4,3;52,6
4,1;53,6
4;52,8
4,1;53,1
4,2;53,6
4,2;52,7
4,3;52,5
4,4;53
4,4;53,7
4,5;53,2
4,5;53,4
4,5;53,5
4,6;53,3
4,6;53,4
4,6;53,5
4,5;54,1
4,5;53,9
4,5;52,9
4,5;52,6
4,6;54
4,8;53,1
4,2;52,7
4,2;53,6
4;54,3
4,1;54,3
4,2;52,8
4,3;53,3
4,2;53
4,1;54
4,2;52,4
4,4;52,6
4,4;54
4,6;53,1
4,4;52,7
4,6;53,6
4,6;54,3
4,7;54,3
4,6;52,8
4,6;53,3
4,5;53
4,5;54
4,5;52,4
4,5;53,3
4,3;53,8
4,4;53,1
4,4;53,2
4,4;53,5
4,3;53,2
4,3;53,5
4,2;53,1
4,2;54,8
4,3;54,5
4,4;49,3
4,4;49,7
4,4;50
4,5;50,1
4,5;49,8
4,7;50,4
4,9;50,9
4,7;49,9
4,8;49,1
4,8;49,8
4,7;50,8
4,7;49,4
4,6;50,4
4,6;49,8
4,5;49,5
4,5;50,2
4,4;50,2
4,3;49,6
4,3;49,7
4,3;50,2
4,3;49,8
4,1;49,5
4;49,6
4;49,7
4,1;49,9
4,1;50,1
4,1;49,6
4,1;50,1
4,1;50,2
4,2;50
4,2;51,3
4,4;50,3
4,4;49,7
4,5;49,8
4,5;50,6
4,5;49,9
4,4;50,5
4,4;50,2
4,2;49,7
4,1;49,9
4,1;50,3
4,2;50,1
4,2;50,5
4,3;49,6
4,5;50,1
4,5;49,9
4,6;49,5
4,6;50,3
4,5;49,9
4,5;49,9
4,5;50,2
4,4;50,6
4,3;49,3
4,3;50,5
4,3;49,6
4,3;50,1
4,4;50,3
4,4;50,5
4,3;49,3
4,3;49,8
4,4;51,2
4,4;51,2
4,5;49,6
4,5;50,2
4,7;50,3
4,7;50,3
4,7;49,5
4,8;49,9
4,7;50,8
4,7;49,5
4,6;50,3
4,6;49,8
4,6;50,1
4,6;50,2
4,5;50,6
4,5;50
4,5;49,7
4,6;51,3
4,6;50,4
4,5;49,4
4,2;50,4
4,3;51,1
4,2;53,7
4,2;50,4
4,2;50,9
4,4;50,5
4,5;50,3
4,7;50,7
4,8;50,3
4,8;50,2
4,8;50,6
4,8;49,9
4,9;51,6
4,9;50
5;50,6
4,8;50,6
4,6;50,7
4,6;49,8
4,5;50
4,5;49,3
4,9;49,6
5;51,1
4,8;50,4
4,6;50,5
4,5;49,8
4,4;50,5
4,4;51,4
4,6;51,4
4,8;49,7
5,4;51,2
6,7;56,5
6,3;56,7
6;56,4
5,8;57,2
5,6;59,9
5,4;59,1
5,3;58,7
5,3;63,1
5,2;60,5
5,2;61,2
5,2;59,3
5;58,6
5;60,1
4,9;59,3
4,8;59,4
4,8;60
5,1;58,6
5;59,6
4,9;60,3
4,9;59,9
5,3;65,7
5,4;65,2
5,7;65,4
5,5;65,9
5,4;66,1
5,2;66,8
5;66,9
5,1;67,2
5,1;66,2
5,3;66,1
5,3;66,4
5,4;66,3
5,4;65,8
5,3;65,2
5,3;67,2
5,3;66,2
5,1;65,8
5,1;65,9
5,3;66
5,4;66,4
5,5;68,3
5,3;65,7
5,2;65,8
5,2;65,2
5,1;66,5
5;66,6
5,2;64,9
5,2;65,8
5,3;65,4
5,3;66
5,4;66,8
5,4;67,1
5,6;65,9
5,6;66,6
5,6;66,1
5,5;65,1
5,5;66,6
5,5;65,1
5,4;65,2
5,3;66
5,3;66,1
5,2;67,1
5,2;65,9
5,2;67,1
4,9;66
4,7;71,1
4,9;71,5
5,1;66,9
5;66,8
5,2;66,4
5,2;65,3
5,2;70,9
5,1;71,7
5,1;71,3
5;71,8
5;70,5
4,9;71,5
4,8;70,9
5;64,8
5,2;66,7
5;67,1
5,3;67,8
5,2;67,1
5,2;67,4
5,3;66
5,3;65,1
5;65,6
5;67,2
5;62,9
5,3;55,3
5,3;70,3
5,1;70,7
5;70,4
4,9;70,7
4,9;70,9
4,8;71
4,8;71,1
4,8;62,8
4,6;67,1
4,5;67,6
4,6;66,1
4,7;67,1
4,6;67,3
4,8;69,3
5,3;68,7
5,5;67,2
5,4;68,9
5,3;70,4
5,2;69,9
5;64,2
5,3;64,9
5,6;65,9
5,6;67,4
5,6;66
5,6;65,6
5,5;81,2
5,7;68,5
5,7;67,9
5,5;67,9
5,4;64
5,4;64,7
5,2;65,5
5,2;67,2
5,2;65,7
7;66,7
8;70,1
9,7;69,9
10;70,7
7;70,5
6,7;76
6,2;75
5,8;75,7
5,5;75,6
5,6;75,7
5,6;75,7
5,6;74,5
5,6;74,2
5,6;84,4
5,6;84,1
5,6;86,3
5,6;86,2
5,6;85,1
6;84,6
5,9;85,7
5,8;86
5,8;85,9
5,8;84,8
5,9;86,4
6,4;85,2
6,7;84,2
6,5;84,3
6,3;86,7
6;85,1
5,7;85,5
5,8;85,5
5,7;84,8
5,5;85,9
5,6;85,7
5,7;86,3
5,8;86
5,8;85,8
6;86,3
6;85,6
6,1;88,7
6,1;86,9
6,2;85,7
6,2;85,7
6,2;86
6,2;87,1
5,3;85,3
5,4;87,5
5,5;85,9
5,5;86,4
5,4;87,1
5;85,9
5,1;86,9
5;87,4
5;86,8
4,9;86,1
4,9;86,5
4,8;84,4
4,9;87,6
4,9;86
4,9;87,1
4,9;87,9
4,7;86,9
4,8;86,4
4,9;86,8
5;87,4
5,8;81,6
5,8;82,5
5,7;84,7
5,5;80,1
5,2;79,6
5,4;79,9
5,6;81,4
5,5;77,7
5,3;77,1
5,3;76,7
5,2;76,2
5,3;77,5
5,5;76,2
5,5;77,3
5,6;85,6
5,6;78,3
5,6;77,7
5,8;78,2
5,9;78,3
6,4;85,9
7,1;85,7
7,2;85,3
7,2;85,4
7,7;85
7,8;84,5
8;85
7,8;85
7,4;83,6
7;84,6
6,9;92,6
6,9;92,9
6,9;92,8
7;96,8
7,1;97,5
7,2;97,8
7,1;97,3
7;84,5
6,8;85
6,8;85
6,9;83,6
7;84,6
6,9;92,6
6,9;92,9
7,1;92,8
6,9;96,8
6,6;97,5
6,4;97,8
6,5;97,3
6,3;92,4
6,2;92,7
6,4;91,1
6,2;92,4
6,9;92,8
6,6;92,7
6,2;91,7
6,2;92,9
7,4;92,7
8,1;91,3
7,8;92,4
7;92,5
6,5;92,3
6,3;99,3
6,4;97,8
6,5;99,6
6,6;99,2
6,6;97,5
6,7;92,7
7,8;92,5
7,8;92,3
7,8;92,1
6,3;92,1
6,1;92
6,3;96,7
6,4;97,2
6,4;96,8
6,2;96,7
5,9;96,4
5,8;96,8
5,8;96,4
5,9;96,5
6,2;96,4
6,1;96,3
6,4;96,1
6,6;97,6
6,4;96,5
6,4;96,8
6,8;96,5
6,9;97
7,1;96,9
7,1;96,2
7,3;95,6
7,5;96,5
7,8;120,3
7,4;98,5
7;91,5
6,8;97,9
6,6;93,3
6,6;94,4
6,3;94
6,3;93
6,2;94,8
6,1;93,1
6,6;93,1
6,6;93,9
6,6;92,4
6,6;93,6
5,6;93,4
5,3;92,9
5,2;93,2
5,1;93,7
5,3;94,5
5,6;94,2
5,5;93,4
5,7;91,5
5,8;90,5
6;91
6,2;90,8
6,3;90,7
6,4;92,6
5,6;106,7
6;95
6,5;94,2
6,7;92,8
7,3;97,8
7,3;98,3
7,2;97,4
7,2;98
7,4;97,9
7,3;93
7,1;92,3
6,6;93
6,4;92
6,6;93,3
6,8;92,5
7;93,4
7;92,7
7,2;92,6
7;92,4
6,8;94
6,6;92,7
6,5;92,7
6,3;111,6
6,2;113,1
6,3;101,3
6,3;101,3
6,4;101,7
6,3;97,9
6,1;96,1
6;97,5
6;97,5
5,8;98,6
5,7;97,8
5,6;96,4
6;96
5,9;96,7
6,3;96,9
6,2;96,7
6,5;97,7
6,3;96,2
5,9;97,3
5,7;97,3
5,8;97,1
6;97,4
6,2;96,9
6,3;96,7
6,5;97,7
6,4;96,5
6,2;97,4
6;96,9
6,3;96,8
6,8;97,3
6,9;99,1
6,8;98,3
6,9;97,9
7,1;99
7,2;97,3
7;97,5
6,7;96,7
6,5;97,3
6,6;98,3
6,7;108,7
6,5;108,6
7;98,2
7;98,4
7;97,2
6,4;98
6,3;98,3
6,2;99,1
6,2;99,2
6,5;97,5
6,7;98,2
6,5;99,3
6,4;98,5
6,6;98
6,4;99,4
6,2;97,1
6;98,4
6;100,7
6;99,7
5,7;99,2
5,8;97,3
5,8;100
5,8;99,9
5,6;100,2
5,1;100,5
4,9;101,7
4,9;100,1
5;100,6
5,1;101
5,1;99,6
5;99,9
5;100,6
5;101,1
5,2;100,7
5,2;81,5
4,9;83
5;82,8
5,1;89,7
5,7;87,2
5,9;101,8
6,1;84,1
7;77,5
8;78,8
8,6;77,9
8,2;96,2
7;96,1
6,7;95,9
6,6;96,7
6,6;97,1
7,2;97,3
7,5;98,3
7,8;97,9
7,5;105,2
7,2;103,7
6,3;99,3
6,2;99,5
6,1;98,3
6;98,9
6,3;99
6,7;100,7
6,8;99,4
7,2;98
6,8;98,3
7,1;100,8
7,2;98,8
7,5;98,6
7,8;99
7,6;99,9
7,4;97,2
7;100,7
6,8;98,6
7,2;98,4
7,2;98,4
7;99,1
7;80,8
6,9;81,1
6,9;80,5
6,9;81,1
6,9;81,2
6,9;80,1
6,9;81,4
5,6;82,1
5,5;81,1
5,5;81,8
5,6;82,8
5,6;82
5,4;81,1
5,4;81,5
5,4;81,4
6,6;108,9
6,7;106,8
6,8;107,6
6,8;101,3
6,8;110,1
6,7;93,7
6,7;86,9
6,8;87,7
6,9;87,6
7;87,5
7;89,1
6,9;89,1
6,8;89,8
6,7;89,4
6,5;89,6
6,3;88,8
7,1;90,5
7,2;89,2
6,8;89,2
7,1;90,7
7,3;90,2
7,2;91,8
7;92
7,2;91,6
7,6;92,1
7,8;92,1
7,5;91,7
7,2;92,1
7;91,4
7;87,7
6,8;90,4
7,3;88,4
7,7;88
8;88,6
7,5;89,5
7,8;89,7
7,3;88,3
7;87,4
6,8;88,1
7,5;88,5
7,5;89,8
6,9;89,6
6,7;87,5
7;88,1
7,1;89,8
6,8;89,7
6,4;89,1
6,5;88,2
6,7;88,1
6,9;88,4
7;88,2
7,2;89,3
7,5;90
7;88,9
6,9;89,8
7,1;79,9
6,8;78,7
7,5;79,3
8,1;78,8
8,3;78,5
8,2;89,2
7,4;90
7,2;92,8
6,9;88,8
6,6;88,1
6,5;88,2
6,6;88,1
6,7;87,3
6,6;88,7
6,5;88,6
6,4;87,8
6,2;89,5
6,3;90,9
6,5;89,8
6,5;92,7
6,6;92,5
6,6;91,5
6,9;84,5
7;86,7
7,1;87,4
7,2;86,5
7,2;86,2
7,2;87
7,4;87
7,4;87,3
7,2;85,6
7,2;83,8
7,3;83,9
7,2;84,2
7,1;84,4
6,7;85,1
6,7;87,4
6,8;86,5
6,8;86,2
6;87
6;87
6;87,3
6;85,6
6,4;83,8
6,4;83,9
6,9;84,2
6,8;84,4
6,7;85,1
6,6;83,8
6,5;84,2
6,5;84,5
6,4;85,6
6,5;85,8
6,6;83,5
5,9;83,7
5,6;83,7
5,2;98,2
7,9;84,9
5,5;84
6,6;87
6,4;86,4
6,8;85,2
7;86,4
6,8;85,9
6,6;82,8
6,4;86,9
6,4;85,1
6,2;85,7
6,1;85,5
6;84,4
6;86,9
6;84,4
6;85,2
6;86,3
6,1;85,6
6,2;87,1
6;88,6
6,1;87,3
6;86,6
5,9;86,7
5,8;86,6
5,8;89,2
6;87,2
6,1;89,9
6,3;86,9
6,4;86,1
6,5;86,4
6,5;87,5
6,4;87,4
6,2;88,1
6;95,3
5,2;87,6
4,8;88,8
4,8;88,9
4,6;89,2
4,5;89,1
4,4;89,4
4,4;89,5
4,5;87,7
4,6;88,3
4,6;87,9
4,8;88,4
4,9;89,4
5,2;90
5,2;89,7
5,1;90,8
4,9;91,3
5;90,9
4,9;91,1
4,9;91,6
4,7;90,5
4,4;91,8
4,3;86,3
4,2;86,4
4,2;88,1
4,2;89,2
4,2;89,4
4,1;88
4,3;88,9
4,5;87
4,6;87,1
4,6;87,9
4,8;88,4
4,7;86,8
4,8;88,2
4,9;88,5
5;89,1
4,9;88
4,7;88,9
4,7;84,8
4,7;84,2
4,7;84,5
4,6;84,2
4,6;85
4,7;84,4
4,6;86,4
4,8;85,9
5,2;85
5,5;86,8
6,2;87,9
8,3;86,4
6,7;87,2
5,6;87,1
5;87,6
4,8;86,6
4,9;86,9
4,8;84,6
4,7;87,2
4,7;87,8
4,8;91,6
6,1;139
9,5;87,2
13,1;92,8
9;91,5
6,7;90,8
6,3;93,7
6,6;93,6
6,7;92,6
6,8;93
6,7;92,5
6,6;93,2
6,7;105,4
6,7;96,7
6,8;99,2
6,6;95,8
6,4;95,3
6,3;93,7
6,1;93,8
4,8;94,1
4,4;92,8
4,2;95,1
4,6;94,5
4,5;101,1
4,4;94,5
4,5;93,5
4,4;93,9
4,5;94,2
4,6;93,4
4,7;94,6
4,9;95
4,7;93,1
4,6;95,5
4,6;96
4,7;93,5
4,8;94,8
4,8;94,1
4,9;95,1
4,9;94,4
4,7;94,9
4,6;94,6
4,4;67,4
4,5;95,8
4,4;95,4
4,5;95,3
4,6;117,1
4,5;82,9
4,4;82,9
4,4;85
4,3;84,7
4,4;83,7
4,6;84,6
4,6;85
4,7;85
4,4;85
4,1;83,9
4,2;84,8
4,2;85,6
4,1;87,4
4,1;89,8
3,6;89,2
4,1;89,8
4;88,7
4,1;89,8
4,1;89
4,2;89,6
4,3;89,9
4,2;88,8
4,3;88,5
4,3;92,8
4,3;97,4
4,2;89,1
4,2;88,9
4,2;89,4
4,2;91
4,2;89,7
4,1;90,4
4,1;91,4
4,1;92,5
4,1;90
4,1;89,8
4,1;91,7
6,5;93,8
10,2;91,8
11,2;92,2
10,3;91,5
8,9;92,1
7,6;92
6,8;92,6
6,5;93,8
5,6;93
5,6;92,4
5,6;92,3
5,6;92,5
5,6;93,2
5,6;93,2
5,5;91,9
5,5;91,9
5,3;91,7
5,2;92,8
5,1;92,6
5;95,8
5,2;92,9
5,3;93,6
5,3;87,2
5,4;87,3
6;93,8
6,5;94,8
6,6;95,1
6,6;95,1
6,6;94,4
6,5;95,1
6,3;95,3
6,3;96
6,2;111,3
6,1;96,2
6,1;97,7
6,2;101,8
6,2;86,6
6;87,6
5,8;88,5
5,6;87,5
5,4;91,4
5,2;91,2
5,1;91,2
5;90,8
4,5;91
4,6;91
4,6;90,6
4,8;90,2
4,7;91,6
4,7;91,2
4,6;91,5
4,5;91,6
4,5;97,8
4,6;92,4
4,6;92,9
4,7;95,9
4,7;92,5
4,8;93,2
4,8;85,5
5;86,7
5,1;88,1
5,2;86,7
5,3;87,2
5,3;93,7
5,2;95
5;94,4
4,8;94,3
4,8;95,5
4,7;94,7
4,7;95,5
4,8;93,3
4,7;94,1
4,8;95,7
4,8;94,7
4,7;95
4,7;97
4,6;97,1
4,5;90,3
4,5;91,2
4,4;92,8
4,3;92,3
4,3;91,7
4,1;92,5
4,1;91,1
4,6;86,5
4,3;87,7
4,3;87
4,3;86,4
4,5;96,2
4,7;94,7
4,7;92,6
4,9;92,6
4,7;88,7
4,5;87,9
4,9;87,5
4,9;88
4,9;86
4,8;87,8
4,8;88,8
4,7;87,9
4,7;94,7
4,6;92,6
4,7;92,6
4,7;88,7
4,6;87,9
4,7;87,5
4,5;88
4,5;83,8
4,4;85,5
4,3;86,4
4,2;85,6
4,3;85,6
4,5;87
4,7;87,8
4,9;85,4
4,6;86,6
4,6;81,8
4,7;81,2
4,9;90,9
5,1;83,5
5;79
4,8;80,7
4,8;82,1
4,7;82,7
4,7;80,3
4,7;80,5
4,6;81
4,6;79,9
4,6;80,4
4,6;80,9
4,6;81,9
4,6;96
4,6;80,8
4,6;80,1
4,6;81,4
5,2;81,4
5;79
4,8;82,8
4,8;81,5
4,7;90,4
4,9;94,2
5;95
4,9;94
4,8;92,5
4,8;79,8
4,9;79,1
5;78,8
5;78,5
4,8;78,3
4,8;78,9
4,7;78,8
4,7;78,9
4,6;78,8
4,6;68,4
4,4;71,3
4,6;76,2
4,6;76,2
4,4;76
4,8;78,2
5,2;76,5
5,8;76,2
6,3;78,9
6,6;77,1
6;77,5
6,8;80,2
6,8;99,8
6,8;84
6,8;86,7
6,6;87,7
6,6;86,1
6,6;87,5
6,5;86,1
6,4;76,2
6,4;78,9
6,3;77,1
6,7;77,5
6,7;80,2
6,8;99,8
6,7;84
6,6;86,7
6,4;87,7
6,3;86,1
6,1;87,5
6,1;86,1
6;76,2
6;77,9
5,9;75,9
5,9;78,5
6,4;79,2
6,5;79,2
6,5;77,6
6,4;68,1
6,4;75,4
6,4;82,9
6,5;83,1
6,7;84,5
6,5;84,5
6,4;82,2
6,3;83,7
6,4;84,4
6,6;76,4
6,8;76,6
6,7;75,2
6,8;79,2
6,6;72,3
6,7;78
6,8;77,3
6,8;77,5
7,1;78,2
7,5;78,2
7,3;76,5
7,1;76,7
7;87
7;86,4
7,2;84
7,2;85
7,3;84,9
7,3;86,1
7,2;85,9
7,1;86,1
7;85,3
6,9;84,5
6,9;84,8
7;88,2
6,8;87,2
7,2;87,6
7,5;85,7
7,3;88,2
8;93,4
7,8;92,1
7,6;90,7
7,6;95,7
7,7;92,3
7,7;95,3
7,6;82,5
7,6;83,6
7,5;75,3
7,4;77,8
7,4;80,2
7,2;80
7;79,5
6,7;82
6,6;81,5
6,4;83,7
6,3;82,3
6,3;82,5
6,2;82
6,2;80,9
6,1;83,5
6;80,6
5,6;79,7
5,3;80,8
5;80,1
4,4;80
4,1;79,1
4,3;78,9
4,6;88,1
4,7;86,3
4,6;83,5
4,3;83,9
4,2;84,3
4,1;84
4;84
37;108
37;106,6
37;106,6
36;108,7
36,1;104,1
36,4;108,9
37,1;109,1
39,3;104,4
43,1;108,1
44,3;103,6
45,1;127,1
44,8;108,4
43,4;106,2
42,1;106,1
41,3;105,2
40,9;104
40,6;108,4
40,4;116,8
40,8;108,7
43,2;108,8
44,6;110,1
42,3;126
44,6;113,1
41,7;113
41,9;112,7
40,6;112,5
39,3;110,7
38,2;113,2
40;112,3
43;114,8
43;113,8
44;114,3
43;115
43;112
42;113,2
41;117
39;115,2
38;115,7
36;116,8
36;116,5
35,8;116,4
35,6;115,3
35,8;115,4
35,9;115,6
36,3;88
38;91,7
38,1;92,1
37,8;89,6
37;91,3
37,1;89,2
36,9;88,5
37,8;114
37,1;114,8
36,9;115,2
36,3;115,3
35,4;114,9
34,8;113,5
35;115,3
35;115,3
36;112,9
36;115
37;115,9
37;114,5
38;115,1
38;100,7
38;99,1
37;100,4
36;102,6
35;100,9
36;103,3
36;98,7
35;100,6
35;104
34;100,1
34;99,7
34;99,7
33;99,6
33;101,1
32;104,7
32;104,6
31;105,1
32;101
33;97,8
35;101,6
34;101,4
35;101,2
35;98,7
35;97,6
35;103,5
38;102,3
42;98,4
41;100,6
41;100
40;98,6
38;100,1
40;108,8
41;95
44;93,1
47;89,5
49;89,5
52;98,2
55;92
57;89,8
58;88,9
63;89,8
62;91,5
65;89,5
70;89,9
73;89,6
70;91,5
68;90,8
68;92,5
66;91,5
66;92
65;89,8
65;88,9
70;89,8
68;91,5
65;89,5
66;89,9
64;89,6
66;91,5
68;90,8
71;92,5
65;91,5
53;102,4
48;99,7
45;98
47;99,1
46;97,8
48;98,2
48;98,5
49;97,6
48;98
48;99,4
49;98,8
47;117,7
46;116,3
48;120,2
110;98,5
58;98,6
58;98,2
56;97,9
54;98,7
57;99,1
60;98,4
49;98,7
48;96,2
47;98,7
48;96,9
49;98,6
52;87,9
56;84,4
58;96,6
54;96,7
45;95,7
46;94,7
43;94,2
44;93,9
39;91,9
37;95,4
35;93,9
35;94
34;94,5
34;92,9
34;92,3
35;94
35;89,8
35;88,4
34;91,1
33;88,6
33;88,7
42;96,3
42;90,5
42;90,3
39;90,7
40;89,3
42;90,7
42;89,4
42;91,2
41;92
41;93,4
40;89,8
40;90,6
38;103,7
39;96,4
52;90,4
64;122,8
68;116,4
73;140
80;133,8
142;99
165;112,6
216;113,1
233;117,1
273;116,8
228;123,9
215;121,9
201;121,7
203;114,7
198;106,5
196;103
190;114,6
186;115,7
181;113,1
175;108
171;108
165;113,3
161;113,8
153;115,1
149;107,9
138;113,2
142;114
103;111,7
89;121,8
88;123,1
86;126,1
87;101,5
88;95,7
83,5;108,8
80,3;99,3
79,6;108,3
78,2;95,7
82,4;88,5
87,8;107,5
94,1;93,7
92,2;95,2
94,3;95,9
93,1;95,7
92,6;95,1
91,7;95,2
88;94,3
85;92,6
83;93,5
82;92,1
81;93,3
81;95,6
80;99,9
79;106,1
82;114,6
82;114,7
83;115,7
81;106,9
81;102,6
76;108,4
75;99,5
70;99,7
70;99,1
70;100,8
70;98
70;99,5
69;107,3
68;104,1
70;103,3
67;96
63;89,9
62;97,2
61;96,8
61;98,5
62;98,3
62;96,6
61;100,4
61;95,9
60;95,3
60;98
59;99
58;100,6
58;99,2
58;96,2
58;106,4
59;98,1
65;91,1
62;98,5
57;92,2
55;91,5
54;92,1
52;92,4
51;92,2
50;93,7
47;91,5
47;93,4
52;93
51;93,5
48;101,5
48;93,9
48;93
51;91,9
53;92,1
51;91,7
50;84,1
46;99,7
45;99,8
45;99
43;98,6
44;99,1
44;98,8
44;98,2
45;99,4
45;99,3
46;97,3
45;109,5
46;103,7
46;105,3
48;104,9
47;109
49;110,4
47;103,5
47;104,2
53;102,6
69;101,9
75;103,3
82;102,1
86;102,4
91;105,4
95;103,3
97;104,8
90;105,6
72;104,8
73;105,8
68;106,4
66;106,6
63;102,8
62;103,5
62;103,7
114;131,8
225;127,7
228;138,7
240;121,4
265;124,5
293;126,9
314;127,1
324;121,2
286;127,3
278;125,4
291;125,7
160;127,8
157;124,1
154;125,5
97;106,6
92;109,7
88;107,4
85;104,5
64;109,1
52;104,3
51;103,3
50;100
49;101,5
49;103
49;100,6
47;98,9
45;100,9
45;101,8
45;99,6
44;96,1
43;99,4
43;98,6
41;100,9
44;102,7
42;96,4
43;95,6
41;95,7
43;91,3
40;96
38;91,6
40;109,5
41;92,7
40;93,1
39;95,8
38;97,8
38;97,9
44;98,7
48;97,9
55;97,1
45;95,3
43;94,9
42;93,4
40;96,5
39;94,6
38;95,5
37;96
37;93,2
36;92,4
36;92,1
35;86
35;87,7
34;86,5
2,8;82,8
2,8;83,8
30;84,3
33;85,7
35;87,7
36;84,3
35;83,5
34;80,8
34;82,2
35;79,9
35;81,9
36;85,1
36;96,7
34;97,5
33;97,9
32;97,2
32;108,8
32;97,7
33;96,8
33;96,8
34;97
34;97,1
35;96,7
35;96,7
35;97,5
34;94,9
34;95,9
34;97
34;97,8
29;97
30;96,7
38;97
38;106
36;97,9
35;100,6
33;101,6
33;100,3
35;94,7
36;98
36;101,9
39;105,4
42;104,1
41;105,9
41;103,5
39;104,5
38;103,2
36;106,4
34;108
33;105,7
35;106,5
37;107,3
37;107,5
38;107,3
40;104,5
42;110,4
43;100,2
43;100,5
45;100,6
47;100,8
48;102,4
51;101,3
70;95,6
72;96,9
104;96,8
101;96,8
121;98,2
131;95,1
129;96,7
123;96,5
117;100,8
105;101
90;115,4
80;99,7
78;98,2
82;99,4
84;99
94;94,5
91;97,1
91;98,5
89;98,1
83;98,9
75;98,8
69;98,6
67;97,8
82;102,3
56;104
54;104,8
53;113,9
55;111,3
57;112,4
59;112,5
56;115
53;118,5
44;123,4
45;121,6
43;108,9
42;107
42;107,1
48;105,3
54;104,8
52;107,1
46;108
44;107,6
40;120,7
26;62,6
25;62,4
24;63,5
23;58,5
23;58,5
24;58,5
26;58,5
28;58,5
29;65
30;65
31;65
34;65
36;65
37;65
39;65
40;67,4
39;67,4
43;67,4
48;67,4
50;67,4
50;67,4
72;67,4
76;67,4
82;67,4
85;67,4
88;67,4
89;67,4
99;67,4
108;67,4
118;83,1
114;79,5
111;78,2
109;83,1
103;79,2
101;79,9
98;78,8
40;79,5
47;80
49;70,3
54;70,3
58;70,3
55;70,2
56;65,7
56;85
54;60,7
56;60,7
58;62,8
59;67,7
59;67,7
59;67,7
58;67,7
58;67,7
57;67,7
59;65,2
57;65,7
60;85
54;60,7
58;62,8
52;63,4
53;62,2
48;63,3
49;63,3
51;63,1
48;62,6
49;67,7
49;67,7
49;67,7
50;67,7
51;67,7
50;67,7
53;67,7
57;67,7
60;67,7
56;67,7
54;67,7
51;67,7
50;67,7
52;65,3
51;65,3
58;65,3
67;65,3
69;65,3
82;65,3
96;65,3
108;65,3
120;65,3
184;63,1
278;95,6
293;99
286;99
253;99
221;88,2
191;88,2
173;88,2
141;88,2
139;84,1
138;84,1
132;84,1
125;84,1
117;84,1
112;81,4
107;80,8
103;81,1
109;81,5
105;115,8
103;81,3
83;81,2
79;78,5
80;81,2
76;84,1
74;84,1
71;84,1
72;84,1
73;84,1
75;84,1
75;84,1
74;84,1
72;84,1
66;84,1
62;84,1
60;84,1
61;82,6
59;82,6
60;79,6
58;79,6
56;74,5
56;74,5
55;74,5
55;65,8
54;65,8
52;65,8
49;65,8
47;65,8
48;68,2
47;70,3
49;70,3
47;70,3
45;70,3
45;70,3
43;70,3
42;70,3
40;70,3
39;70,3
39;70,5
38;70,5
40;70,5
41;70,5
42;70,5
44;70,5
39;70,5
36;68
38;69,7
39;69,5
34;68,1
32;68,1
31;68,1
36;68,1
35;68,1
35;68,1
34;68,1
32;68,1
32;68,1
31;68,1
30;78,5
30;66,4
29;73,7
30;73,7
29;66,1
30;66,1
30;64,9
31;64,9
31;64,9
31;64,9
29;64,9
28;64,9
30;64,9
32;64,9
33;64,9
36;64,9
36;64,9
32;64,9
32;64,9
33;64,9
35;64,9
41;64,9
57;64,9
66;64,9
75;64,9
83;80,2
85;80,2
80;80,2
78;80,2
78;80,2
81;80,2
83;80,2
85;80,2
81;80,2
74;80,2
66;80,2
58;82,6
57;79,1
61;81,6
69;74,2
71;76,3
68;76,8
72;77,3
76;73,6
73;73,9
75;76
56;75,5
58;75,4
51;75,3
51;73,4
53;73,4
54;73,4
52;73,4
53;73,4
52;73,4
51;73,4
51;73,4
51;73,4
52;73,4
52;73,4
53;73,4
60;77,6
61;77,6
66;77,6
71;77,6
67;77,6
65;77,6
68;77,6
65;77,6
62;77,6
58;77,6
53;77,6
50;77,6
50;77,1
52;74,4
51;75,7
52;76,3
54;77,6
56;76
57;76,5
56;76,1
51;76,1
49;76,4
47;75,9
45;73,3
43;63,4
41;63,4
43;63,4
45;74,4
50;74,4
52;74,4
54;74,4
51;74,4
48;74,4
45;78,1
41;78,1
38;78,1
38;74
39;74
38;65,5
39;65,5
38;65,5
38;65,5
39;65,5
40;65,5
38;65,5
36;65,5
34;65,5
32;65,5
32;69,2
32;69,2
33;69,2
35;69,2
38;69,2
37;69,2
36;69,2
36;69,2
35;69,2
33;69,2
30;69,2
28;69,2
27;77
29;75,1
30;62,2
32;68,1
33;67,8
33;75,4
34;67,8
40;67,5
32;71,5
28;71,3
26;70,9
23;68,4
23;68,4
22;68,4
23;68,4
24;66,7
26;66,7
28;66,7
25;68,4
23;68,4
22;68,4
22;68,4
20;68,4
21;66,7
20;66,7
21;66,7
22;66,7
22;66,7
23;66,7
22;66,7
23;66,7
65;70,5
66;70,4
66;70,2
65;70,5
65;70,7
68;70,4
70;70,1
70;70,3
69;70,3
71;70
64;69,1
66;69,8
62;70,4
64;70
66;70
68;70,1
72;70,4
76;70,4
71;70,5
70;70,5
67;78,2
72;72,1
72;72,3
53;68,7
52;68,6
50;69
49;67,6
49;68,6
51;69,8
29;64,9
28;64,9
30;64,9
32;64,9
33;64,9
36;64,9
36;64,9
32;64,9
32;64,9
33;64,9
35;64,9
41;64,9
57;64,9
66;64,9
75;64,9
83;80,2
85;80,2
80;80,2
78;80,2
78;80,2
81;80,2
83;80,2
85;80,2
81;80,2
74;80,2
66;80,2
58;82,6
57;79,1
61;81,6
69;74,2
71;76,3
68;76,8
72;77,3
76;73,6
73;73,9
75;76
56;75,5
58;75,4
51;75,3
51;73,4
53;73,4
54;73,4
52;73,4
53;73,4
52;73,4
51;73,4
51;73,4
51;73,4
52;73,4
52;73,4
53;73,4
60;77,6
61;77,6
66;77,6
71;77,6
67;77,6
65;77,6
68;77,6
65;77,6
62;77,6
58;77,6
53;77,6
50;77,6
50;77,1
52;74,4
51;75,7
52;76,3
54;77,6
56;76
57;76,5
56;76,1
51;76,1
49;76,4
47;75,9
45;73,3
43;63,4
41;63,4
43;63,4
45;74,4
50;74,4
52;74,4
54;74,4
51;74,4
48;74,4
45;78,1
41;78,1
38;78,1
38;74
39;74
38;65,5
39;65,5
38;65,5
38;65,5
39;65,5
40;65,5
38;65,5
36;65,5
34;65,5
32;65,5
32;69,2
32;69,2
33;69,2
35;69,2
38;69,2
37;69,2
36;69,2
36;69,2
35;69,2
33;69,2
30;69,2
28;69,2
27;77
29;75,1
30;62,2
32;68,1
33;67,8
33;75,4
34;67,8
40;67,5
32;71,5
28;71,3
26;70,9
23;68,4
23;68,4
22;68,4
23;68,4
24;66,7
26;66,7
28;66,7
25;68,4
23;68,4
22;68,4
22;68,4
20;68,4
21;66,7
20;66,7
21;66,7
22;66,7
22;66,7
23;66,7
22;66,7
23;66,7
20;65,5
19;65,5
18;65,5
15;61,5
15;61
17;68,7
18;79,2
18;48,6
18;44,2
18;67,9
19;76,4
20;71,2
19;72,2
17;69,2
18;69,2
18;69,2
18;69,2
19;69,2
21;69,2
20;69,2
19;69,2
18;69,2
16;68,7
17;68,7
15;68,7
15;65
15;65
16;65
16;65
16;65
17;65
17;65
17;65
17;64,9
16;65,4
16;65,4
15;65,4
14;68
14;71
13;67,7
13;68
15;67,2
15;76,4
14;70,1
13;70,9
11;69,9
10;68,5
10;61,7
9,9;69,8
11;64,4
11;64,5
9,8;65,2
9,5;65,3
15;64,4
16;64,9
18;64,3
18;62,7
15;66,1
14;68,5
13;61,7
13;69,8
13;64,4
13;64,5
13;65,2
14;65,3
14;64,4
13;64,9
13;64,3
13;62,7
13;66,1
13;60
12;60
12;60
12;60
12;60
12;60
13;60
13;60
13;60
12;60
12;60
12;60
12;60
11;60
11;60
11;60,2
11;63,2
12;60,8
12;62,3
13;62,7
13;61,9
13;63,6
12;64,2
12;73,3
11;73,8
11;74,8
11;66,7
12;72,5
11;57,3
11;60,8
1,3;59,1
1,3;60
1,4;58,7
1,4;59,8
1,4;57,3
15;57,7
14;61,7
11;60,9
11;60,9
11;60,9
11;60,9
11;60,9
11;60,9
11;60,9
11;60,9
11;60,9
11;60,9
11;64,4
12;64,4
11;64,4
10;64,4
10;64,4
10;64,4
10;64,4
10;61,5
10;61,5
10;61,5
9,8;61,5
9,7;61,5
9,4;56,9
9,3;58,5
9,7;58,5
10;58,8
11;55,6
11;59,1
10;59,3
10;62,1
10;59,9
10;59,3
10;60
1,2;59,2
1,3;59,7
1,3;59,2
1,3;58,9
1,5;61,7
1,6;59,1
1,6;57,7
1,5;42,8
10;65,4
11;67,4
9,6;65
10;65,4
10;61,5
10;61,5
10;65,5
11;65,5
12;65,5
12;65,5
13;65,5
12;68,1
11;68,1
10;68,1
10;68,1
9,2;68,1
8,7;74,3
7,8;74,3
8,2;74,3
9,6;67,9
9,7;67,9
9,8;67,9
9,8;67,9
9,9;67,9
9,7;67,9
9,5;67,9
9,2;67,9
9;67,9
10;66,4
11;62,9
11;65,1
9,6;67,4
9,9;64,5
9,8;66,6
9,8;65,1
9,7;65,6
9,7;62,3
9,6;65
9,6;62,7
9,6;64,6
9,9;65,6
9,8;63,1
10,1;63,1
10;63,1
9,8;63,1
9,9;63,1
9,9;63,1
9,8;63,1
9,2;63,1
8,9;63,3
8,5;63,3
8,2;63,3
8,4;61,7
8,6;68,6
8,2;68,4
8,1;68,6
8,4;68,6
8,8;64,5
9;63,8
8,9;63,6
7,9;64,1
7,9;64,3
8;63,3
7,7;77,5
7,3;61,4
7,4;61,4
7,8;61,4
9,5;63,6
10;63,6
9,8;63,6
9,7;63,6
9,6;62,9
9,3;62,9
9,1;62,4
8,6;59,9
7,8;59,9
7,3;55,5
7,4;53,3
7,7;78,2
8,4;77,1
8,6;68,6
8,5;65,9
9,4;69,5
9,2;69,7
9,1;69,4
8,9;68,3
8,4;68,7
8,1;66,5
8,3;71,6
8,6;71,6
8,7;71,6
8,3;71,6
8,8;71,6
8,7;71,6
8,6;71,6
8,6;71,6
8,2;71,6
7,9;72,1
7,5;72,1
7,3;72,1
7,8;69,4
9,1;68,4
8,5;68,5
9,3;70,4
9,5;93
9,8;72
9,7;71,3
9,5;70,3
9,2;70,8
8,9;70,3
8,9;69,6
8,9;70,4
6,8;60,3
7,2;58,8
7;59,2
6,6;58,7
6,9;58,4
7,7;68,6
9,4;66,5
9,6;68,2
9,4;68,7
8,8;68,3
8,7;68,6
8,5;68,3
7;69,3
7,1;67,7
7,6;67,5
8,4;68,7
11;68,9
11;65,9
10;68,7
9,1;68,8
8,3;68,1
7,5;68,5
7,1;68,5
6,8;69,3
6,9;67,7
7,5;67,9
8,8;65,9
9,4;68
9,6;66,4
10;73,9
11;67,4
11;66,9
9,2;67,1
9,4;67,1
9,5;67,2
8,8;66,6
9,1;72,1
10,1;66,3
11,3;68,8
12,2;69,2
12,4;67,7
12;67,3
11,5;67,2
11,1;69,5
10,2;69,6
9,3;68,7
8,5;65,9
8,2;67
7,8;69,6
7,9;69
8,3;68,6
9,1;66,5
10;68,4
9,7;68,1
9,3;64,3
8,9;65,4
8,4;65
7,9;64,5
7,6;64,2
7,2;65,8
5,8;65,7
5,7;64,9
8,1;64,8
8,3;63,2
9,2;63,4
8;64,3
7,1;65
6,2;64,5
6,5;65,2
6,8;65,2
7,3;64,7
7,5;59,4
7,3;58,8
8;58,2
7,9;58,2
8,3;58,5
8,1;58,3
8,7;58,6
8,6;56,3
8,9;59
7,5;54,3
7;55,6
6,8;58,2
7,4;62,4
7,2;62,9
7,2;63,4
7,6;62,9
7,8;62,5
7,9;51,9
8,6;48,9
8,8;50,1
7,1;62,8
6,2;55,2
5,4;56,4
6,1;56,9
6,3;57
7,9;57,1
10;59,8
9,8;57,9
10;57,6
10,3;57,1
10,4;59,3
10,4;66,4
10,4;58,2
9,1;77,7
8,3;53,2
6,8;53,9
6,3;53,6
6,2;53,7
6,1;55,8
6,7;56,6
6,4;54,9
6,9;56,9
7,5;55,7
8,4;62
8,2;62
7,9;61,7
8,3;60,7
6,4;59,6
6,3;61
6,2;58
6,2;53,7
6,3;57,7
6,6;57,5
6,8;62
7,1;56,1
7,4;56,7
7,6;59,3
7,6;63,6
7,1;63,7
6,9;64,1
6,8;63,4
6,9;64,5
6,5;64
6,8;56,7
7,1;56,8
8,3;62,7
8,4;64,1
9,1;50,9
9,5;50,4
9;50,8
8,3;63,7
6,8;64,1
6,5;63,4
6;64,5
6,1;64
6,5;56,7
6,9;56,8
8,3;62,7
8,5;64,1
8,4;50,9
8,4;50,4
8;50,8
7,2;51,4
6,5;51,8
6,3;52,1
65;50,2
58;50,9
6,1;46,9
7,2;47,9
6,9;50,8
7,3;50
8,3;50,9
9,4;50,6
8,2;50,2
7,9;50,7
7,1;50,7
7,3;50,2
6,6;51,6
6,5;52,3
6,6;51
6,8;46,4
7,5;51,4
8,3;50,1
8,9;51,7
9,2;56,8
7,8;57,2
7,1;56,8
6,6;57,3
6,3;55,4
6,4;54,5
6,5;54,2
6,6;46,1
6,8;42,5
7;42,4
7,3;55,9
7,4;42,4
7,6;45,1
7,4;45,2
7,5;45,7
7,3;45,7
7,1;45,2
6,5;45,3
6,7;45,2
6,8;44,8
6,9;45,6
8,6;44,4
8,8;41,2
9;44,9
9,1;45
9,2;45
9,3;46
18;44,6
21;45,6
20;39,8
6,9;31,4
7,4;44,5
9,3;44,1
9,8;44,2
9,5;47,6
9,9;48,1
9,4;48,7
8,1;47,2
6,2;45,1
5,8;47,3
6,3;49
6,4;44,7
7,8;45
9,2;45,3
9;45,4
8,9;44,2
9,2;47,6
9,4;52,6
8,8;52,3
7,6;52,8
7;53,1
6,3;52,6
6,6;53,2
6,9;52,9
7,1;52
7,3;49,6
7,4;49,5
7,3;51,4
7,5;52,5
7,6;52,9
7,7;52,9
7,9;53,2
8,2;53,3
8,4;53,1
9,1;50,8
9,2;50,7
11;49,9
12;50,9
14;51,1
15;49,2
13;50,3
14;50,4
9,2;50,6
8,8;57
8,7;57,7
8,6;58,5
8,7;54,5
9,4;54,3
10,1;53,2
11,2;55,2
10,1;47,5
11,2;52,1
11,6;51
10;57,4
10;59,1
9;58,8
9;53,6
9;50,6
9;50,3
12;50,3
14;50,3
17;50,5
15;48,3
16;48,7
16;57,4
12;57,5
11;56,5
10;58,7
9,3;57,8
10;60,2
11;58,5
12;58
12;58,9
13;60,3
14;57
15;59,4
15;59,8
14;59,5
13;59,2
12;59,5
11;59,5
12;59,5
11;61,1
12;58,5
13;59,2
13;59,2
14;57,8
15;58,7
16;59,1
15;59,2
14;59,2
12;59,4
11;59,9
11;56,4
13;56,9
15;54,9
14;57,3
15;57,5
14;55,4
15;56,7
14;56,6
9,8;56,7
9,6;56,8
9,4;54,8
10;55,8
9,5;56,8
12;56,6
12;56,3
11;56,2
11;58,4
10;57,9
10;58,2
10;59,5
11;58,9
11;59,1
11;57
12;59,7
10;56
9,6;56,8
11;55,8
12;57,1
13;55,6
13;55,6
12;55,2
11;56,8
10;56,4
11;57,1
11;61,4
12;60,1
12;58,7
13;59,1
14;56,5
15;58,7
14;59
13;58,9
12;59,4
12;58,9
11;57,3
12;56,5
13;56,5
12;56,6
13;55,2
12;57,5
11;58,1
12;57,8
12;58
11;57,1
10;57,9
9,8;57,6
10;57,7
11;58,3
11;57,8
11;61,9
15;58,2
14;58,1
12;58,8
10;58
9,8;58,6
9,5;58,2
9,3;58
9,2;90,5
8,8;57,5
9,1;57,4
9,4;57,1
9,7;56,9
10;57,6
11;56,8
10;61,6
10;58,8
9,4;59,4
9,6;58,7
9,4;59,6
9,2;59,8
9,3;60,3
10;58
10;55,8
12;54,3
12;56,4
13;56,8
12;56,4
13;56,8
14;56,4
14;56,9
15;57,6
13;56,3
10;56,6
9,4;54,9
9,3;55,4
11;56,1
13;55,7
12;55,7
12;56,6
9,8;57,2
9,5;56,3
9,7;55,9
9,5;56,4
8,4;56,3
8,7;58,2
9,5;61
10,2;59,9
10,4;58,9
10,6;59,1
11;59,2
10,1;58,3
9,8;59
8,5;59,3
8;58,7
7,6;58,8
7,8;57
8,1;57,4
8,7;57,1
9,5;55,4
9,4;57,4
9,6;56,5
9,9;57,2
10;57,1
9,6;57,7
9,1;57
8,3;57
7;57,1
7,8;55,9
7,6;57,1
7,8;56,3
8,1;56,6
8;56,8
8,7;55,4
8,9;55,6
9,2;52,8
7,5;54,3
7;55,6
6,8;58,2
6,8;60
6,8;59,8
6,9;56,9
7,3;56
8,5;55,4
9,2;57
9,1;57,1
9;56,8
8,5;56,7
8,1;62,9
7,3;64,1
6,5;64,2
6,8;58,8
7,3;58,5
7,5;58,5
7,8;57,6
8,8;57,1
9,4;57,8
9;58
8,3;58,7
8,5;58,2
8,1;57,9
7,3;57,7
6,5;57,5
6,8;57,4
7,3;57,6
7,5;56,9
7,8;56,1
8,8;57,3
9,4;57,1
9;57,6
8,3;57,8
9,4;60,6
9,6;57,5
9,8;57,3
10;57,1
8;57
8,3;57,2
7,9;56,4
7,4;55,7
7,7;56,9
8;56,7
8,4;57,2
8,6;57,3
8,1;60,2
7;58,1
6,6;67,8
6,2;60
5,9;57,2
6,2;58,8
7;61,1
7,1;59,7
7,4;58,7
8,5;58,8
9,2;59,2
8,8;58,8
7,9;58,6
7,5;58,5
7,3;59,4
7,5;58,4
7,6;58,5
7,9;57,2
8,2;58,2
8,4;57,3
8,5;55,4
8,9;58,1
9,4;58,6
9,9;58,4
98;58,6
9,8;58,5
9,9;59,4
8,8;58,4
8,6;58,5
8,9;57,2
9,3;58,2
9,4;57,3
9,2;55,4
9;58,1
8,9;58,6
8,6;58,4
8,2;58,6
8;58,8
7,7;58,5
7,7;58,8
7,8;59,3
7,8;57,6
8;57,8
8,7;58,5
9,3;58,2
9,1;59,1
8,5;59,3
7,9;60
7,5;59,4
6,3;58,6
5,8;58,3
6,7;58,6
6,9;58,1
7,2;58,5
7,7;57,9
8,2;58
8,6;58,2
9;55,4
9,2;55,6
79;57,9
76;57,4
69;58
62;58,4
6,8;59,5
7,1;58,5
7,3;58
7,6;58,6
8,1;59,8
8,2;58,5
9,6;58,8
10,1;59,2
9,6;59,1
8,4;59,6
7,7;59,5
7,3;59,2
7,5;59
7,6;58,3
7,7;56,9
7,5;57,6
7,8;56,4
8;57,7
8,4;55,5
8,7;56,3
8,3;53,9
7,9;52,9
7,4;54,4
7;57,7
7,2;52,6
7,2;52,9
7,6;52,9
7,5;52,5
7,8;52,4
8,5;53,7
8,6;53,7
8,6;53,1
8,1;53,7
7,5;53,2
7;53,2
6,8;53
7;52,9
7,2;54,6
7,2;52,8
7,4;53,5
7,5;54,3
7,6;56,4
7,4;54,2
7,2;54,7
7;55,2
6,8;55,4
6,7;55,5
6,6;51,4
5,4;49,4
5,2;57,1
5,8;50,8
6,2;50,7
6,6;51,4
6,8;55,1
6,9;52,5
6,7;51,6
6,5;51,6
6,4;51,6
6,6;51,8
6,7;57,1
6,7;53
6,8;53
7;53,2
6,8;56,6
7,2;52,7
8,1;53,4
8,4;53
8,6;53,1
8,4;52,6
8,2;52,9
8,4;53,7
8;53,1
8,1;52,6
8,7;51,2
9,2;51,6
9,3;51,1
9,5;55,2
9,4;53,8
9,3;54,1
8,5;53,9
7,7;53,9
7,1;53,5
6,8;53,6
6,9;53,6
6,8;53,8
6,8;53,1
7,9;50,5
9,3;54,7
9,5;54,3
9,8;55,3
10;54,5
9,3;53,8
8,6;50,4
7,8;50,9
7,3;50,7
7,3;50,6
7,4;51
7,6;50,9
7,8;50,2
7,9;49,5
8,3;50,4
8;49,9
7,9;50,5
7,6;52,2
7,3;51,5
7,1;50
6,8;50,7
7,4;50,5
7,8;51,2
7,9;50,1
8,1;48,2
7,8;49,6
7,6;50,3
7,4;51,4
7,3;51,5
7,4;48,5
7,2;48,5
7;48,5
6,9;48,5
7;48,7
7,1;46,3
7;47,1
6,8;46,4
6,6;46,7
6,5;47
6,3;49
6,2;48,7
6,1;48,8
6;48,4
5,8;48
5,7;48,3
5,9;47,2
6;47
6,1;46,1
6,5;46,8
6,7;48,1
6,5;45,7
6,4;46,6
6,5;46,9
6,5;46,8
6,5;47,7
6,4;47,5
6,4;47,6
5,9;47,7
5,8;47
5,9;46,1
5,7;45,3
5,6;46,5
5,8;45,1
5,7;46,8
5,7;46,9
5,6;45,9
5,7;46
5,8;45,9
5,8;45,7
5,4;44,2
5,3;44,2
5,1;43,7
5,1;45,9
5,4;43,7
5,6;43,1
5,6;43,4
5,5;44
5,5;43,5
5,5;44,1
5,4;44
5,4;44
5,6;43,6
5,8;44,2
5,8;43,2
5,9;43,8
6;43,6
5,8;43,7
5,7;44,6
5,7;45,4
5,6;45,4
5,5;45,7
5,4;45,9
5,4;45,8
5,4;44,7
5;43,1
4,9;43,9
5,6;44
5,8;43,7
5,6;45,9
5,9;41,8
5,7;43,3
5,6;43,3
5,8;56,7
5,6;56,9
5,9;56,3
5,8;57,4
2,9;42,2
6;55,2
6,2;57,9
6,2;57,1
6,2;55,3
6,1;57,1
5,9;59
5,9;59,3
5,7;45,1
5,6;45,2
5,5;45,2
5,4;45,5
5,4;45,1
5,3;44,7
5,3;43,2
5,4;45,1
5,6;43,7
5,4;45
5,5;45,5
5,5;45,5
5,4;45,1
5,3;44,8
5,2;44,8
5,2;45,8
5,2;45,1
5,3;42,9
5,4;42,4
5,4;43,7
5,4;46,1
5,3;44,5
5,3;44,4
5,1;44,9
4,8;56,2
4,7;57,2
4,6;57,5
4,5;56,2
4,3;56,5
4,5;54,3
4,7;55,4
4,9;53,2
5;59,2
5,4;55,4
6,6;54,7
6,2;54,7
6,4;43,3
6,5;43,1
6,6;42
6;43,6
5,9;44
5,5;43,7
5,4;43,3
5,8;45,5
6,2;43,3
6;44,7
5,8;45,2
5,4;45,1
5,2;45,1
5;45
5,1;49,6
4,9;43,7
5,1;41,7
5,2;46,8
5,4;46,7
5,6;47,6
5,6;46,8
5,7;46,7
2,7;47,1
5,5;47
5,4;47,2
5,3;47,2
5,4;47,1
5,4;47
5,3;49,4
5,3;45,9
5,9;46
5,8;48,3
5,6;46,9
5,5;46,7
5,3;46,9
5;46,6
4,7;46,7
4,4;46,6
4,7;46,8
4,5;45,1
4,7;44,1
4,8;44,6
5,1;44,7
5;44,3
5,2;44,7
5,3;44,5
5,3;44
5,4;44,4
5,2;44,3
4,7;44,8
4,8;46,1
4,9;44,5
5;44,8
5,4;44,1
5,8;46,5
5,7;45
5,5;44,9
5,5;45,3
5,5;45,2
5,4;44,9
5,5;44,8
4,9;45,9
4,8;45,4
4,9;41,8
4,9;40,8
5;39,5
5,2;41,3
5,2;41,5
5,1;41,9
5;42,1
4,8;41,7
4,8;40,8
4,7;42,1
4,6;40,9
4,7;40,7
4,7;42,1
4,8;41,2
5,2;40,6
5,7;45,3
5,7;47
5,2;46,8
4,7;46,7
4,3;41,7
4;40,8
3,9;42,1
4,1;40,9
4,3;40,7
5,4;42,1
5,6;41,2
5,8;40,6
5,6;45,3
5,4;47
5,2;46,8
5,3;46,7
5,2;37,6
5,2;37,5
5,1;37,9
5,2;37,6
5,3;37,5
5,1;36,3
5,3;37,8
5,4;37,4
5,5;37,2
5,6;37,4
5,2;37,4
5;36,2
5;36,2
4,9;37,4
4,7;37,1
4,6;36,7
4,8;36,7
4,9;36
5;35,4
5,1;36,7
5,2;37,4
5,2;38
5,1;37,5
4,9;37,5
5;37,5
4,8;37,5
4,9;37,5
4,8;37,5
5,1;37,5
5,3;37,5
5,8;37,5
6,2;37,5
6,3;37,5
6,3;37,5
5,9;37,5
5,5;37,5
5;37,5
4,9;37,5
5;37,5
5,1;37,5
5,2;37,5
5,4;37,5
5,9;37,5
6;37,5
5,9;37,5
5,7;37,5
5,7;37,5
5,7;37,5
5,8;37,5
5,9;37,5
6;37,5
6,1;37,5
5,9;37,5
5,8;37,5
5,7;37,5
5,5;37,5
5,4;37,5
5,5;37,5
5,4;37,5
5,3;37,5
5,2;37,5
5,4;40
5,1;40
5,3;40
5,2;40
5,1;40
4,9;40
4,8;40
4,8;40
4,7;40
4,7;40
4,7;40
4,6;40
4,6;40
4,8;40
5,1;40
5,2;40
5,6;40
5,7;40
5,8;40
5,9;40
5,8;40
5,6;40
5,3;40
5,1;40
4,8;40
4,9;40
5,1;40
5,2;40
5,1;40
5,3;40
5,4;40
5,6;40
5,4;40
5,3;40
5;40
4,9;40
4,8;40
4,5;40
4,4;40
4,4;39,2
4,5;37
4,6;36,6
5,3;38,9
6,5;36,2
6,7;38,6
7;38,5
7,2;38,3
7,3;38
7,3;40,1
7,8;38,7
8,5;39,1
8,6;39,6
7,2;40,1
6,9;39,2
7,1;41
6,8;39,3
7;41,6
7,2;41,8
7,4;41,8
7,5;41,6
7,8;41,5
8;41
8,5;40,2
8,4;39,7
8,5;39,8
9,4;40,3
9,8;39,6
9,9;39,9
9,5;40
9;40,2
8,4;40,5
7,8;40,1
7,2;40,1
6,8;40
6,9;40,2
7;40,1
6,7;39,9
6,8;40
7,3;40,5
7,7;40,4
7,4;40,4
7,2;40,3
7,2;40,6
7;40,2
6,8;40,5
6,5;39,6
5,8;40,4
5,7;40,9
5,8;40,7
5,9;40,9
6;40,6
6,2;42,4
5,9;42,5
6,3;41,8
6,3;42,2
6,5;41,8
6,4;41,8
6,6;41,5
5,6;40,4
5,7;40,1
5,6;40,1
5,5;40
5,8;40,1
6,2;40,3
6,3;41,1
6,3;41,3
6,4;41,4
6,5;41,1
6,7;40,8
6,8;40,8
5,4;41,2
5,6;40,9
5,8;41,3
6;41,3
6,4;40
6,2;40,2
6,1;40,3
5,9;40,6
5,6;39,9
5,4;40
5,2;40
5,1;40,1
5,2;39,9
5;40,2
5,4;36,8
5,6;36,9
5,9;36,9
6;36,9
6,1;36,6
6,2;36,7
6,1;36,8
6;36,8
5,8;37,4
5,7;36,8
5,2;37,2
5,3;42
5,3;36,4
5,2;36,8
5,1;37
4,9;36,5
5;40,8
5;38
5;38,6
5;38,5
5;38,1
5;38,3
5;38,1
4,9;37,8
4,9;39,1
4,8;35,6
4,8;36,6
4,8;36,4
4,8;37,1
4,8;35,6
4,8;36,4
4,6;36,5
4,3;36,9
4,2;38,7
4,3;51
4,5;38,5
4,7;38,1
4,8;37,8
4,9;38
5;38,7
5,1;38,2
4,9;38,1
4,8;38,5
4,7;37,8
4,6;37
4,5;36,8
5;37
4,9;37
4,6;37,2
4,5;36,9
5,3;38,4
5,9;36,5
5,9;36,9
5,8;37,3
5,8;37,1
5,6;36,5
4,5;37,7
4;35,1
5,1;35,4
5,2;35,6
5,3;36
5,5;35,8
5,5;33,8
5,5;35,7
5,6;35,9
5,4;35,9
5,2;35,9
5,3;34,4
5,1;34,4
5,2;35,3
5,3;36,1
5,2;35,7
5,3;35,8
5,5;35,3
5,7;35,8
5,9;35,9
5,8;35,8
5,7;35,9
5,9;36
6,1;35,6
6;35,4
5,9;34
5,7;34,7
5,5;34,9
5,3;33,9
5,6;34,8
5,9;34,7
5,8;34,4
6,1;33,5
6,6;34,5
7;34,3
6,9;32,9
7,1;35,3
7,2;35,3
7,2;35,3
7,3;35,3
7,3;35,3
7,4;35,3
7,5;35,3
7,2;35,3
7,1;35,3
6,8;38
6,3;38
5,7;38
5,4;39
5,2;37,7
5,5;37,4
5,7;37,4
6;37,3
6,3;41,1
6,4;37,4
6,5;37,4
6,2;36,4
6;37,1
5,6;37,8
5,1;37,5
5,7;41,7
5,8;37,6
5,9;37,8
6,1;37,8
6,3;38,4
6,4;39,2
6,6;38,3
6,7;45,8
6,9;45,8
6,8;40,2
6,7;40,5
6,6;39,5
6;42
8;40,5
8,3;40,6
8,2;42,8
7,8;42,9
7,6;36,3
8;38,3
8,3;42,8
7,2;43,1
6,6;42,3
6,5;43,1
5,8;43,7
5,3;42,2
4,8;41,7
4,9;42,7
5,3;44,2
5,8;41,4
5,9;45,3
6,1;43,8
6;44,3
6,2;41,8
6,5;42,8
6,7;42,3
6,9;42,9
5,8;42,2
5,9;41,5
6,1;42,5
6,2;42,2
6,3;45,9
6,1;48,5
6,4;49
6,5;48,9
6,4;46,6
6,6;42,8
6,5;42,3
6,7;42,9
5,3;42,2
5,3;41,5
5,4;42,5
4,7;42,2
4,6;45,9
4,6;48,5
4,6;49
4,6;48,9
4,6;46,6
4,5;46,7
4,5;47
4,5;47,1
5,1;48,3
6,1;48,4
6,3;47
6,5;45,9
6,8;45,8
7,4;45,3
7,6;47,2
7,3;47,1
7,2;44,6
7;46,4
6,9;47,1
7,2;44,7
4,4;45
4,5;48
4,5;45,7
4,4;46
5,2;46
5,3;44,1
5,3;46,6
5,5;47,7
5,6;47,1
5,8;46,8
5,8;45
5,9;45,2
5,8;50,7
5,4;49,4
5,1;49
6;49
7;54,2
6;51,2
5,8;50,7
5,7;50,5
5,7;50,8
5,6;50,5
5,6;51,4
5,6;49,6
5,8;50,3
5,7;47,6
5,7;49,2
5,9;49,3
6,1;54,1
5,9;44,8
6,3;44,7
6,9;44,6
7,4;43,8
8,2;43,2
7,9;44,7
8,2;44,9
8,4;44,9
8,2;50,4
8;50,4
8,1;50,4
8,9;50,4
9,6;50,4
11;50,4
10;50,4
9,4;50,4
8,6;50,4
7,1;50,4
5,5;50,1
5,6;50,2
4,9;50,4
4,6;49,8
4,4;50
4,5;54,1
4,7;50,6
4,8;51,3
5,3;51,4
5,5;51,2
5,8;50,8
5,9;45,9
5,7;47
5,4;47
5,5;47
5,7;47
5,8;47
5,5;47,4
5,7;47,4
5,6;47,4
5,9;47,4
6,4;52,2
6,3;52,2
6,4;52,2
6,6;52
6,7;53,8
6,8;53,6
6,7;51,2
6,8;44,9
6,6;45,8
6,5;46,7
6,4;46,8
6,7;46,4
7;44,5
7,4;45,8
7,7;44,9
7,2;44,2
6,1;44,1
6,4;43,5
6,9;43,8
7,2;65,1
6,8;65,9
6,7;46,3
7,1;44,5
7,3;44,9
7,9;45,7
8,6;45,4
8,4;43,5
5,9;45,6
5,9;45,7
7,3;45,5
8,2;45,5
7,2;45,9
7,3;43,5
6,8;46
6,7;46,2
6,5;45,4
6,1;45,3
5,5;44,4
5,1;44,3
5,7;44,7
6;45,7
6,1;44,8
6;50,8
5,9;40,2
6,4;49
7,3;49,7
8;50,4
7,7;50,3
7,4;49,7
6,9;49,9
6,6;47,6
5,6;42,8
5,5;48,1
5,6;47,5
5,7;47,9
7,1;48,2
7;48,3
6,8;48,5
6,8;47,9
6,6;47,3
6,5;66,1
6,8;60,9
6,2;48
6,4;44,8
6,4;45,6
6,6;47,1
6,9;47,1
6,8;49,7
6,7;49,2
6,7;49,1
6,5;49,1
6,9;48,9
6,4;49,1
6;47
5,8;47,3
5,7;46,8
5,9;46,6
6;47,4
6,1;45,6
6;50,5
5,9;50,4
5,8;47,4
5,6;47,3
5,6;46,9
5,5;47,8
4,9;47,6
4,8;46,5
4,7;48,9
4,6;48,7
5,1;46,5
5,4;48
5,4;53
5,3;46,4
5,1;45,4
5;45,3
5;46
4,9;46
5,2;46,6
4,9;47,7
6,3;46,6
7,2;46,1
7,4;46,1
7,2;50,7
6,9;47,9
7,4;47,9
6,2;48,3
6,3;48,5
5,7;45,8
5,9;48,1
5,4;45,4
5,5;45,9
5,6;45,7
5,3;43,6
5;44,1
5,2;40,3
5,4;43,2
5,5;43,4
5,7;42,7
5,5;41,6
5,4;40,2
5,6;40,5
4,8;40,1
4,9;40,5
5,2;49,3
5,3;48,8
5,7;40,2
6,1;44,7
6,1;39,8
6;36,9
5;37,2
5;37,1
4,9;37,2
4,9;36,1
5,2;44,8
4,9;39,6
5,1;39,9
5,4;39,8
5,3;40,1
5,7;43,9
6,9;45,8
6,7;45,4
6,5;43,2
6,2;39,8
6,6;41
6,4;39
6,5;37,9
6,6;38,2
6,8;35,1
6,7;34,7
6,4;34
6,2;38,8
6;39,4
5,8;46,9
5,9;38,8
6,1;38,6
6,2;38,6
6,3;38,6
5,4;34,1
5,1;33,8
11;33,5
23;34
29;45,7
51;45,2
56;45,2
58;45,3
39;45,5
34;45
28;45
21;45,3
18;49,2
16;49,7
16;48,7
18;48,6
17;50,1
51;47,1
56;53,4
54;53,1
53;51,8
56;53,5
53;53,6
50;53,6
46;53,2
43;47,4
40;48,4
38;48,3
35;48,1
32;48,7
30;48,5
29;48,6
26;49,7
25;47,9
27;55,9
24;48,8
27;48,7
25;48,9
26;48,7
24;48,2
24;48,4
25;48,7
23;48,4
20;49,1
17;49,4
19;50
18;51,5
17;51,5
16;51,4
15;51,3
15;51,9
14;51,7
14;51,6
13;51,8
13;51,7
15;52
14;52,6
14;51,6
14;52
15;51,5
15;51,7
14;51,6
14;51,6
14;52
14;49,4
13;49,2
13;48,9
12;48,8
12;48,9
13;49,1
13;48,8
15;50,5
15;53,9
14;54,7
14;55,5
13;55,3
12;54,9
12;55,1
12;55,3
12;55,6
13;48,3
13;48,1
12;48,1
13;50,2
13;53
12;48,9
11;48,4
10;52,4
10;51,5
9,5;47,2
9,2;51,6
8,9;51,7
8,7;50,9
8,6;51,1
8,9;50,8
8,5;52,7
8,6;52,2
8,4;57,8
9,8;59,4
10;52,4
10;51,5
11;47,2
8,8;51,6
7,9;51,7
8,1;50,9
8,4;51,1
8,5;50,8
8,3;52,7
8,2;52,2
8;57,8
8,1;59,4
8;46,3
7,9;45,7
7,7;46,6
6,7;46,7
6,8;46,1
7;38,9
7,2;38,3
8,9;38,8
8,8;46
8,5;46,8
7,3;46,9
6,8;46,5
6,8;47
6,7;46,8
6,6;47,5
6,9;45,1
6,8;46,4
6,7;44,9
6,7;47,3
8,3;55,9
7,7;65,5
6,8;54,6
6,5;45,7
6,6;47,5
6,7;47
6,8;47,4
6,4;47
7,2;47,1
8,2;48
7,6;47,5
7,2;47,5
7;48,3
6,6;47,5
6;47,7
5,8;48,1
5,5;49
5,7;48,1
5,5;41,6
5,4;44,4
14;45,3
13;44,9
10;45,7
8;45,8
6,9;46,1
6,5;45,9
6,1;45,8
5,9;48,7
6;48,9
6,1;48,6
6,3;47,1
6,4;46,7
6,6;46,5
6,9;49,7
7,1;48,8
7,2;49,6
7,3;49,4
7,2;50,3
6,9;49,9
6,8;50
6,2;48,8
6,6;45,3
6,4;46,2
6,5;45,7
6,6;48,1
6,3;50,3
6,2;49
6,2;48,2
6,3;47,6
5,9;47,6
6,2;48,3
6,3;49
6,6;47,1
6,7;41,8
6,6;41,7
6,6;41,7
6,7;42,2
6,6;42
6,5;42
6,5;42,1
6,1;41,6
5,8;41,6
5,3;41,6
5,2;41,4
5,3;38,4
5,3;40,5
5,5;41,4
5,8;40,6
5,8;42,9
6,2;43,2
6,6;43,4
6,9;42,7
6,9;43,2
7,4;42,5
7,7;41,6
7,2;40,1
7,3;37,6
7,3;36,2
7,4;33,9
7,6;34
7,5;34,5
7,8;38
7,8;37,6
7,4;34,5
7;37,7
6,6;36,1
6,2;38
5,7;36,1
7,1;34,6
7,3;34,8
6;35,1
6,1;34,8
7,4;35,5
7,5;46
7,5;46,2
7,3;45,8
7,2;46
7;35,8
6,7;35,7
6,5;35,6
7,8;33,5
7,3;36,2
6,9;35,8
6,7;31,2
6,9;31,2
6,8;41,7
7;35,2
6,2;34,8
6,1;34,1
5,9;35,1
5,8;35,2
5,5;35,1
5,2;41,5
5,6;41,8
5,8;41,8
6;41
6,2;41,8
6;47
5,7;41,2
5,9;41,7
6;41,5
6,2;41,2
6,3;41,2
6,3;44,3
6,4;38
7,6;37,6
7,7;39,8
5,7;38,4
5,8;39,5
6,1;36,2
5,9;40
5,8;40,5
5,7;40,5
5,6;40,1
5,6;40,3
8;38,9
8,3;39,1
8,7;39,2
8,3;38,6
8,6;39,6
8,4;39,4
7,8;39,5
7,6;39,1
7,4;39,4
7,3;39,4
7,4;39,5
7,1;39,2
7,3;36,8
7,4;40,7
7,5;36,7
8,2;40
8,6;40,2
8,8;37,2
8,6;41,3
8,5;36,3
8,6;37,7
8,5;38,3
8,4;38,1
8,4;40,5
8,6;38,5
8,4;41,2
8,3;37,9
8,2;40,9
8,9;37,1
8,7;41,1
8,6;37,1
8,3;37,8
7,9;38,5
7,5;40,8
7,2;40,8
7;38
7,2;40
6,9;39,8
6,7;39,5
6,6;39,7
6,8;39,6
7,1;39,2
7,4;39,6
7,1;39,5
7,4;39,7
7,5;38,9
7,6;38,8
7,8;39,5
7,3;36,9
7,2;37
7,1;37,1
6,7;38,8
6,9;42,3
7;43,9
6,6;43,5
6,3;41,3
6,6;40,7
6,5;40,1
6,4;41,3
6,4;40,8
6,5;43,8
6,3;43,2
6;44,3
6,3;43,6
6,6;41,5
6,4;43,6
6,6;43,2
6,7;43,9
6,6;41,2
6,2;41,5
6,4;43,3
6,9;42,8
6,9;42
7;43,1
7;40,7
7,2;44,7
7,2;39,1
7;43,6
7;40,9
6,9;41,1
6,6;41,7
6,5;42
6,5;42
6,4;41,7
5,4;42,8
5,4;42,2
7,1;37,3
8;45,5
8,5;47,5
8,8;41,9
7,5;40,2
7,1;40,9
6,4;41,2
6,2;41
6;40,7
25,7;41,1
6,5;41,6
6,6;40,6
6,7;43,7
6,8;44,3
7,4;41,9
8,8;42,6
82;41,1
8;40,9
7,6;41,9
7,1;40,5
6,4;40,3
7,9;41,7
7,8;41,7
7,6;42,2
7,5;44,5
7;45,1
6,9;42,4
6,8;44,1
6,7;40,6
6,5;40,2
6,3;41
6,2;41,5
6;40,8
6,2;41,7
6,4;41
6,6;41,3
6,8;44,3
6,7;41,9
6,9;43,8
7;42,1
7,1;40,9
6,8;42
6,2;41,2
5,7;41,9
5,5;41,1
5,4;41,2
5,5;41,7
5,6;42,3
5,8;42,5
6,8;42,5
7,4;41,5
7,3;42,2
6,9;39,5
6,2;40,1
6,4;30,4
6,2;45
5,9;39,1
6,2;38,1
6,1;38,5
7,3;38,1
11;43,3
14;41,2
1,8;50,2
22;52,1
137;98,5
158;111
162;106,2
168;111,7
255;113
317;113
310;110,9
301;112,8
290;110,7
248;111,8
228;110,6
201;116,8
188;116,9
162;111
148;106,2
134;111,7
136;113
138;113
135;110,9
132;112,8
141;110,7
154;111,8
151;110,6
148;116,8
172;116,9
227;92,4
294;92,8
331;92,2
184;84,6
131;84,4
115;79,4
113;77,9
119;80,4
121;77,7
123;82,9
119;78,9
114;78,4
108;81,6
105;80,8
102;83,4
107;77,2
105;77,7
107;78,7
103;90,3
102;77,8
99;76,8
84;96,9
70;96,3
68;96
70;95,8
72;95,7
69;95,3
66;91,7
65;94,4
65;93,5
62;93,3
59;89,3
65;87,1
68;87,1
64;87,1
59;87,1
58;87,1
60;87,1
57;87,1
58;87,1
59;87,1
57;80
56;80
55;80
50;77,5
51;79,8
52;79
53;80,8
54;80,9
56;92,2
55;90,7
54;91
52;88,3
51;82,6
49;82,3
49;79
52;80,7
47;81,9
46;77,8
49;86,8
46;83,9
48;88,2
48;89,6
47;85,5
48;84,1
51;89,6
49;90,1
48;96
48;83,6
46;94,2
45;89,4
49;91
50;91,4
53;90,9
52;89,9
52;89,7
52;90,6
50;86
48;86
52;87,5
50;87,3
53;84,2
53;83
52;82,7
52;78
50;81
48;79,9
46;81,4
45;81,2
44;81
46;81,8
48;81,5
49;80,7
54;81,2
53;88,1
51;92,7
51;87,1
52;91,3
53;91
52;92
51;86,8
57;80,5
65;79,2
59;82,3
63;82,6
102;99,8
109;86,2
105;91,6
103;91,1
104;91
106;85,3
108;88,9
100;94,4
99;93,4
98;88,8
97;89
93;88,1
88;90,6
83;89,6
80;89,6
74;84,2
69;81
66;82,9
65;85,2
64;85,1
66;85,5
67;84,1
64;78,9
58;75
56;75,6
53;73,5
51;76,2
52;78,7
52;76,7
52;76,2
52;76,5
52;79,6
52;73,8
50;74,9
48;77,5
45;77,1
42;77,1
40;77,4
40;74,8
44;78,3
37;75,8
46;77,8
47;78,6
48;78,9
49;76,7
345;127,7
312;125,6
270;118,6
227;99,6
191;100,6
156;99,5
141;100,8
128;101,4
117;100,2
115;100,5
118;101,7
120;101,8
122;106,4
119;120,3
116;101,8
113;98,1
110;98,3
105;97,2
107;92,3
110;92,2
112;91,7
107;92,4
110;92,7
176;93,7
249;95
247;94,9
243;91,9
206;90,6
161;90,1
158;90,7
143;90,4
139;91,4
137;91,1
134;91,4
126;98,5
134;92
148;92,4
144;91
145;91
152;101,2
158;100,7
163;101,2
165;100,6
160;101,6
153;101,7
148;101,9
140;101,9
123;100,2
116;93,6
115;99
109;99
106;100
105;99,8
108;99,7
110;98,9
114;98,3
118;103,1
132;99
147;101,4
154;103,3
163;106,5
166;106,5
170;106,7
175;106,4
173;105
161;96,9
153;92,9
142;97
135;98,2
132;92,5
124;94,6
119;92,7
124;93
127;93,1
93;90,6
86;91,6
83;91,6
73;85,6
70;88,8
71;85,9
69;85,8
70;85,7
70;89,4
69;88,3
65;89,6
62;87
59;87,5
62;85,4
64;85,3
58;85
54;84,5
54;83,7
55;83,6
57;83,8
56;84
53;84,5
52;85
51;85,1
47;86,1
45;85,1
41;82,3
44;83,8
42;78,3
46;77,9
44;78,6
45;79,1
48;78,3
50;76,1
50;77,7
49;76,7
49;75,6
48;76,3
48;76,7
14;76,6
49;77,1
49;80,2
51;76,1
51;77
50;76,3
48;76,9
48;77,2
46;77,1
46;77,1
45;76,6
45;76,1
44;77,8
48;81,2
53;81,4
51;77,2
50;83,5
52;77,1
56;80,8
59;75,8
64;77,9
65;77,5
63;79,2
60;80,2
57;81,2
61;80,4
63;79,1
64;76,4
65;77
69;79,4
68;90
65;83,5
63;81,1
60;83,8
58;81,4
56;80,9
55;83,3
51;79,6
46;79,5
56;84,4
52;78,1
55;80,1
60;80,2
56;81,5
53;80,7
56;80,8
57;81,4
54;80,9
51;83,3
48;80,8
47;79,5
47;79,5
46;79,5
48;80,3
49;78,3
48;76,8
46;80,8
45;75,9
46;74,1
47;73,7
48;76,6
48;75,1
46;73,6
47;75,5
45;74,3
445;74,7
45;75,2
46;75,4
47;74,8
44;75,7
42;81,6
42;77,5
41;83,5
41;77,9
41;77,6
41;76,9
41;72
43;74,6
41;61,8
37;61,2
38;62,2
4;62,5
40;75,7
40;77,1
38;74,7
38;75,7
37;73,6
37;74,5
38;73,4
39;77,7
42;85
45;55,7
48;65,1
46;71,1
45;65,7
42;65
43;67,4
47;70,8
49;70,3
49;67,4
50;71
49;71,9
48;72,8
47;72,2
45;70,4
43;71,7
42;68,3
44;69,7
42;69,5
44;68,9
42;70,2
46;70
46;69,9
48;69,6
50;69,6
45;69,8
42;69
39;70,1
36;70,4
35;71,2
36;71,2
37;66,6
37;73,5
38;68,2
38;70,4
39;71
39;68,9
38;71,3
38;67,5
37;68,4
39;68,3
36;68,3
40;66,7
39;67,2
39;68,1
40;67,2
39;67,8
41;68,3
39;67,1
39;65,9
38;66,9
35;66,1
37;67
37;70,7
37;67,7
38;62
39;70,3
78;70,6
75;71,8
57;69,5
38;73,8
37;73,4
36;69,7
35;69,7
36;68,8
37;73,1
38;73,1
40;72,1
40;73,1
39;73,4
38;68,9
35;74,2
35;73
34;70,1
34;70,8
34;70,9
33;71
35;70,7
36;73,7
37;73,3
37;70,5
38;69,9
39;72,3
39;73,2
38;71,3
38;69,2
37;73,2
36;72,7
36;69,5
37;69,9
38;69,6
38;70,1
38;69,5
37;70,1
37;69,2
36;70,8
35;70,9
35;70,4
34;69,8
33;68,3
35;68,7
32;69,5
33;69,3
37;69,4
41;68,9
39;68,4
42;71
44;71
45;82,3
44;82,3
41;82,2
46;74,5
47;73,7
48;75,5
49;75,1
51;75,1
52;74
53;74,8
54;74,4
56;74
58;75,1
62;74,1
64;74,5
67;73,6
66;74,4
67;73,9
68;74,4
68;74,8
67;74,6
65;74,2
63;74
61;74,1
59;73,7
55;74,5
54;73,8
57;76,4
62;78,5
64;71,8
59;71,6
61;71,2
51;71,5
50;88,5
46;74,1
47;73,4
48;73,3
50;72,8
50;73,6
51;73,6
52;73,4
50;74,1
48;72,9
45;73
43;74,1
44;72,8
45;73,5
46;73,5
45;73,4
47;74,2
49;74,4
52;72,8
54;73,7
52;73,2
48;73,2
45;72,9
42;73,3
40;73,2
42;72,6
41;72,7
40;72,5
40;72,1
39;72,1
37;72,6
38;72,6
40;73,2
42;73,1
43;72,5
45;72,2
44;74,3
45;74
45;73,8
44;74,6
48;74,5
52;74,7
54;83,4
55;75,6
58;74,9
60;74,2
62;74,4
68;72,1
66;72,4
64;72,5
62;72,7
65;73,3
69;71,5
74;72,6
68;72,5
66;72,6
65;72,8
62;72,8
63;73,1
48;76,3
48;76,7
14;76,6
49;77,1
49;80,2
51;76,1
51;77
50;76,3
48;76,9
48;77,2
46;77,1
46;77,1
45;76,6
45;76,1
44;77,8
48;81,2
53;81,4
51;77,2
50;83,5
52;77,1
56;80,8
59;75,8
64;77,9
65;77,5
63;79,2
60;80,2
57;81,2
61;80,4
63;79,1
64;76,4
65;77
69;79,4
68;90
65;83,5
63;81,1
60;83,8
58;81,4
56;80,9
55;83,3
51;79,6
46;79,5
56;84,4
52;78,1
55;80,1
60;80,2
56;81,5
53;80,7
56;80,8
57;81,4
54;80,9
51;83,3
48;80,8
47;79,5
47;79,5
46;79,5
48;80,3
49;78,3
48;76,8
46;80,8
45;75,9
46;74,1
47;73,7
48;76,6
48;75,1
46;73,6
47;75,5
45;74,3
445;74,7
45;75,2
46;75,4
47;74,8
44;75,7
42;81,6
42;77,5
41;83,5
41;77,9
41;77,6
41;76,9
41;72
43;74,6
41;61,8
37;61,2
38;62,2
4;62,5
40;75,7
40;77,1
38;74,7
38;75,7
37;73,6
37;74,5
38;73,4
39;77,7
42;85
45;55,7
48;65,1
46;71,1
45;65,7
42;65
43;67,4
47;70,8
49;70,3
49;67,4
50;71
49;71,9
48;72,8
47;72,2
45;70,4
43;71,7
42;68,3
44;69,7
42;69,5
44;68,9
42;70,2
46;70
46;69,9
48;69,6
50;69,6
45;69,8
42;69
39;70,1
36;70,4
35;71,2
36;71,2
37;66,6
37;73,5
38;68,2
38;70,4
39;71
45;69,8
42;69
39;70,1
36;70,4
35;71,2
36;71,2
37;66,6
37;73,5
38;68,2
38;70,4
39;71
41;68,3
39;67,1
39;65,9
38;66,9
35;66,1
37;67
37;70,7
37;67,7
38;62
39;70,3
78;70,6
75;71,8
57;69,5
38;73,8
37;73,4
36;69,7
35;69,7
36;68,8
37;73,1
38;73,1
40;72,1
40;73,1
39;73,4
38;68,9
35;74,2
35;73
34;70,1
34;70,8
34;70,9
33;71
35;70,7
36;73,7
37;73,3
37;70,5
38;69,9
39;72,3
39;73,2
38;71,3
38;69,2
37;73,2
36;72,7
36;69,5
37;69,9
38;69,6
38;70,1
38;69,5
37;70,1
37;69,2
36;70,8
35;70,9
35;70,4
34;69,8
33;68,3
35;68,7
32;69,5
33;69,3
37;69,4
41;68,9
39;68,4
42;71
44;71
45;82,3
44;82,3
41;82,2
46;84,9
43;84,6
47;85,1
46;86
45;85,7
44;85,4
46;85,7
47;85,2
58;85,2
69;86,2
105;86,1
137;99
145;115
157;90,3
180;96,8
182;118,6
180;77,3
177;95
142;91,8
94;89,4
70;85,6
68;85,3
65;86
64;85,3
63;85,2
67;99,9
60;94
63;87,1
162;93,3
182;92,8
228;93
273;104
266;107,2
221;107,8
175;109,6
169;109,4
172;95,1
156;94,7
153;90,1
163;84,1
167;86,2
165;86,4
162;87,6
161;87,3
158;87,2
156;94,3
155;91,8
216;90,2
272;128,4
317;111,7
301;111,3
327;121,6
302;124
309;123,9
301;126,7
259;104,5
109;88,8
88;88,4
82;87,6
156;81,4
275;93,1
237;90,1
236;91,5
234;90,8
235;92,4
232;90,7
247;97,8
289;98,1
302;96,8
288;96,3
274;95,7
258;96,3
245;96,7
243;97,3
241;96,4
235;90,3
227;99,1
229;101,5
230;100,3
245;98
242;97,9
192;96,3
198;69,2
207;68,7
215;68,8
221;73,7
245;67,4
175;88,8
176;89
165;78,2
164;77,2
163;77,1
165;77,9
161;76,9
155;77,6
147;77
145;77,1
143;77,6
143;81,1
145;76,4
145;76,9
158;65,2
149;66,3
157;66,6
150;68
139;68
127;72
125;72,5
124;84
121;83,9
121;82,9
119;83,2
118;81,4
122;80
131;81
115;73,2
117;73,2
119;73
122;73,3
120;73,6
122;73,6
124;73,8
125;72,9
142;78
142;77,2
143;77,7
145;77,2
147;78
150;78,3
148;77,3
147;78
150;78
154;77,2
157;77,6
160;78,1
161;77,8
158;78,4
155;77,4
154;77,7
150;78,5
152;78,1
143;78,1
148;78,5
143;78,3
140;78,3
138;78,3
140;77,8
150;77,1
141;77,9
139;78,8
135;79,7
132;78,3
131;78,8
126;81,4
122;75,9
115;76,8
116;77
117;79,2
118;78,6
120;78
122;78,5
125;79
127;78
130;75,9
134;75,8
138;75,5
142;75,8
146;76
137;75
132;75,6
131;75,9
130;75,9
132;75,5
134;76,3
131;75,6
130;75,6
129;75,7
127;76
124;75,6
115;76,9
115;75,6
120;75,7
122;75,8
117;75,4
116;74,9
116;75,2
115;75,6
115;75
115;76,9
114;75,3
113;75,2
109;75,7
83;73,5
80;74,1
94;72,7
90;72,9
95;73,5
94;72,8
93;72,8
92;72,9
88;72,6
86;73,4
84;72,6
85;73,9
82;74,6
88;73,9
97;74,1
92;73,9
85;74,1
76;74,1
71;75
70;72,6
68;72,7
74;74
75;74,5
76;73,5
75;73,6
73;73,1
72;74,4
71;74,8
89;73,9
88;75,1
70;73,9
64;74,8
63;73,7
62;73,6
65;74,3
72;74,4
87;70,3
83;72,8
78;70,5
73;74
71;74,1
72;74,5
75;74,3
73;74,4
73;74,2
74;73,6
73;74,3
73;73,9
73;74,6
72;73,6
72;73,9
73;74,3
72;73,8
72;74,3
77;74,4
76;74,5
63;74,2
79;92,7
78;74,5
75;74,6
72;75,9
71;74,9
70;74,7
65;70,5
66;70,4
66;70,2
65;70,5
65;70,7
68;70,4
70;70,1
70;70,3
69;70,3
71;70
64;69,1
66;69,8
62;70,4
64;70
66;70
68;70,1
72;70,4
76;70,4
71;70,5
70;70,5
67;78,2
72;72,1
72;72,3
53;68,7
52;68,6
50;69
49;67,6
49;68,6
51;69,8
35;66,6
34;67
35;67,3
37;73,2
35;67
34;67,5
33;67,2
33;67,6
34;67,3
35;67,6
36;67,4
35;67,6
36;67,1
37;63
38;62,5
37;65
36;67
36;67,1
36;67,3
38;67,5
38;67,6
39;67,2
39;66,6
32;59,4
32;60,2
32;59,6
33;60,2
33;59,7
31;59,4
30;59,8
30;59,7
36;59,2
35;59,8
36;59,7
35;59,4
35;60
36;59,6
36;60
35;60
34;59,9
32;56,2
31;56,7
33;56,2
35;56,1
36;55,8
37;60,9
36;61,7
34;62,3
34;61,6
34;62,7
33;61,5
34;62,1
35;61,6
34;62,5
34;61,4
33;61,8
33;62,3
33;62
33;62
32;61,9
32;62
31;61,7
32;61,7
32;61,7
30;61,7
31;61,6
31;61,7
30;62,1
30;61,6
29;61,7
28;61,9
28;62,1
28;61,8
30;62,1
30;62,2
29;61,9
29;61,8
29;60,5
29;62
30;60
27;62,2
2,6;62,1
2,8;62,1
2,9;62,1
3,1;60,7
36;62,2
34;61,9
34;61,8
31;61,6
30;62,3
28;65,3
28;65,1
27;65,5
27;65,2
28;68,3
28;68,2
26;68,1
26;67,5
26;67,8
26;67,7
25;65,4
27;65,5
25;67
25;68,6
25;67,8
26;67,8
28;65,3
27;67,6
26;65,5
25;67,9
25;67,6
25;67,8
24;67,7
23;67,5
24;67,4
25;68
24;64,6
24;65,1
24;64,4
24;65,2
25;65,2
25;65,1
21;65,1
22;64,8
22;65,2
22;64,6
23;64,4
25;64,8
25;65,6
24;65,1
24;64,9
23;64,9
22;65,2
23;65,7
24;65,3
22;64,8
22;64,5
23;64,5
23;64,3
24;64,2
24;62,9
23;64,8
22;64,4
22;64,6
22;63,3
22;63,4
22;65,2
23;65,2
22;64,9
21;64,9
21;65
22;65
22;64,5
22;65,6
22;65,5
22;65,3
21;64,8
21;64,9
21;65,1
21;64,9
21;64,4
21;64,6
22;65
23;64,8
23;64,7
23;65
22;65,3
22;65,4
22;64,7
22;65,2
21;64,4
20;64,5
21;67,7
21;67,2
23;65,4
22;69
23;63,2
25;61,3
24;65,3
24;65,3
22;65
21;63,9
22;63,7
22;64,6
21;63,3
21;65,1
22;62,2
22;61,9
21;64
21;64
21;62,8
21;65,4
20;64,7
20;65,2
21;64,4
21;64,5
22;67,7
21;65,2
22;62,9
21;64,5
21;65,9
22;66,4
22;66,8
22;62
23;63,8
23;64,3
23;64,5
23;65,3
24;64,2
24;64
24;64,1
21;64
21;63,1
20;63,9
20;62
19;63,6
19;63,6
19;64,5
18;64,4
18;64,4
18;64,3
18;64,4
18;62
20;66,5
19;66,3
20;66,3
20;66,4
21;66,9
22;66,6
23;66,2
23;64,9
22;64,3
22;65,4
21;64,4
21;64,5
20;63,8
20;64,1
21;64
21;64,6
22;64,3
22;64,5
23;64,1
24;64
22;63,5
22;64
20;64,4
20;62
19;66
19;66,6
20;67,4
20;66,6
20;66,5
21;66,6
21;66
21;66
22;66,7
22;66,4
21;65,6
21;66,9
20;63
19;63,7
19;64,8
19;64
19;63,8
20;63,9
20;61,5
21;61,8
21;63,5
19;63
20;63,1
20;62,9
20;63
18;63,4
20;63,5
20;64,6
20;61,5
20;63,3
20;63,3
21;63,4
20;64,3
20;64,3
19;64,1
19;62,2
20;64,3
20;64,7
20;65,1
20;65,5
19;65,4
19;64,8
19;65
19;65
20;64,5
20;92,2
19;65,6
19;68
19;67,9
19;66,9
19;66,9
18;66,9
18;67,9
18;67,1
17;64,4
18;64,8
17;68,8
19;73,4
19;76,9
20;68
21;56
18;67,7
18;68,1
19;68
19;68,3
18;67,7
18;67,8
18;67,2
18;67,6
18;67,6
18;67,5
16;68,1
17;68,2
17;68,3
17;68,4
18;67,4
18;67,5
18;68,1
18;67,5
18;67,5
18;67,6
18;67,6
18;67,5
18;68,1
18;68,2
19;68,3
20;68,4
26;67,4
26;67,5
25;68,1
24;67,5
32;67,5
36;71,6
40;71,5
42;72,5
38;75,6
35;77
33;77,8
30;71,6
29;71
28;70,7
28;70,1
27;68,6
26;66,2
25;67,8
26;68,8
24;70
22;66,8
23;69
22;69,2
22;69,2
23;69,4
22;69,8
21;68,9
20;71,5
18;70,9
18;71,7
18;71,4
18;71,6
18;71,8
22;71,6
24;71,6
19;72
18;72,1
18;70,5
17;71,8
17;71,2
16;72,5
16;71,7
16;72
16;71,9
17;71,6
18;72,1
17;72,1
17;72,2
18;71,5
18;68,2
18;68,3
17;68,4
17;67,8
16;68,7
16;66
16;64,7
18;65,6
20;66,5
18;93,2
17;89,1
16;63,8
16;65,8
16;66,1
16;65,8
16;63,9
16;65,8
17;68,2
16;68,4
16;68,3
15;69,1
15;65,1
15;65,4
15;64,6
15;65,6
15;65,1
15;67,8
15;67,5
15;67,6
14;64,3
14;64,9
14;64,9
14;65
15;65,4
15;65
15;64,8
15;64,7
14;64,9
14;64,9
13;65,7
13;64,5
13;62,4
13;62,8
13;68,5
14;65,6
14;64
14;62,3
15;60,7
15;62,1
15;60,6
14;61,7
13;61,6
14;70,8
15;70,2
14;96
14;67,8
14;67,8
14;66,3
14;66,8
14;67,4
14;67
14;68,2
14;67,3
14;67,6
13;63,7
13;62,4
14;62,9
12;64,7
12;63
13;62,7
14;64,9
14;63,4
14;64,7
13;65,4
13;64,7
13;62,6
12;67,8
12;68
12;70,2
12;66,8
12;66,1
13;66,9
12;66,1
12;66
12;66,2
12;67,6
12;67,3
13;67,3
14;67,6
14;68,1
14;66,8
14;67,9
14;68,1
13;65,9
13;65,9
13;65,8
13;65,6
13;65,9
13;66
13;65,6
12;65,9
12;65,8
12;66,4
11;65,8
11;65,8
10;65,9
10;65,8
11;65,3
11;65,8
11;65,3
12;65,7
12;66,4
12;63
11;63,7
12;64,2
11;64
11;64,2
10;61,6
10;63,7
12;63,7
12;62,9
12;63,8
12;62,6
12;63,3
12;64,4
12;58,8
13;59,8
13;59,8
14;60,9
14;60,3
15;59,2
15;59,1
14;59,2
13;61,8
13;61,8
12;62,4
12;59,5
12;60
11;60,1
12;60,3
12;59,4
12;59
13;60,1
13;60,4
12;58
11;59,7
10;59,4
10;59,9
10;61,8
10;61,5
10;61,9
9;61,5
11;61,3
10;62
11;61,1
11;61,4
10;61,7
10;61,6
10;61,6
9,9;61,6
9,2;62,6
9,4;61,8
9,6;61,8
9,8;61,6
10;61,7
10;62
11;61,5
11;61,8
10;61,9
11;61,9
9,8;61,7
9,7;62,7
8,9;61,7
8,8;61,8
8,7;61,7
8,6;62,3
9,6;61,5
8,5;61,6
9,5;61
9,4;61,7
9,5;61,6
9,5;61,8
9,6;61,1
9,6;61,1
9,6;59,9
9,5;59,6
9,5;61
9,6;58,8
9,7;59,1
9,7;56,9
11;60,7
15;61,4
16;61
15;65,3
15;64,2
13;58,8
13;60,9
14;60,7
12;60,7
12;60,8
12;60,5
12;60,7
11;60,6
11;60,8
11;60,5
11;60,6
10;60,6
10;60,1
9,2;61,8
9,3;61,6
8,7;61,6
8,1;62,2
9,8;61,9
9;61,9
10;62,5
10;62,6
9,8;62,5
9,7;61,9
9,3;61,7
9,1;61
8,8;57,9
9;59,5
9,2;59,5
9,2;59,5
9,4;59,8
9,3;59,9
9;59,3
8,5;59,8
8,8;59,4
8,8;59,5
8,7;59,3
8,7;59,5
9,2;61,4
9,3;62
9,2;60,8
8,9;61,5
9,2;62,4
9,5;59,3
9,6;59,3
9,8;59,5
9,7;59,3
9,9;59,6
9,8;59,2
8,5;59,4
8,6;59,2
8,6;59,1
8,8;59,8
9,3;59
9,7;59,5
9,6;59,7
9,5;59
9,4;59,2
9,3;59,2
9,5;59,6
9,6;59,1
9;56,9
8,5;57,2
8,6;57,7
8,7;57,8
8,7;57,6
9;57,1
9,5;57,8
9,6;57,1
9,5;58,1
9,4;56,3
9,3;57,4
9,3;57,1
9,5;59,7
9,4;59,9
9,4;59,9
9,5;60,2
9,4;64,8
9,3;56,7
9,6;57
9,5;58,6
9,5;57,3
9,7;57,6
9,8;58,2
10;57,6
9,4;57,6
9,3;58,1
8,7;59,6
8,3;57,7
13;58,5
11;57,9
9,7;59
9,6;57,1
9,5;57,2
9,5;58,2
9,4;58,4
9,3;58,4
9;56,5
8,8;56,3
8,9;56,4
9,1;56,5
9,2;56,8
9,3;56,1
9,4;54,4
9,5;55,9
9,5;56,7
9,3;58,1
9,3;58,8
9,3;56,1
9,4;58,6
9,5;58,4
9,6;58,6
9,7;57,9
9,8;55,9
9,6;55,9
9,4;56
9,1;54,9
9,1;54,8
9,2;58,1
9,2;58,8
9,3;56,1
8,9;58,6
9;58,4
8,6;58,6
8,3;57,9
8,7;55,9
9,2;55,9
8,9;56
8,7;54,9
8,5;54,8
8,5;54,8
8,4;54,7
8,3;54,6
8,8;54,9
8,9;53,3
8,7;53,7
8,8;54,1
8,7;52,1
9;51,6
9,6;53,2
10;50
10;49,6
10;58,6
10;49,9
9,9;47
10;48,1
11;48,5
11;47,3
12;46,7
12;48,1
10;48,3
9,5;48,3
8,8;46,8
8,5;48
8,2;48,3
8,1;47,2
7,7;50,1
7,8;49,9
7,7;49,9
7,8;49,3
8;49,7
8,1;49,8
8,1;49,7
8;49,9
7,9;49,5
7,8;49,5
7,9;49,2
8;50,1
8,5;49,3
8,4;51,2
8,2;52
8;49,9
7,6;49,7
7,2;49,3
7,3;49,7
7,5;48,9
7,8;49,9
8,2;50
8,8;49,9
9,2;50,2
9,3;47,2
9;48
8,5;48,7
8,3;47,1
8,7;48,2
9,3;48,1
9,4;48
10,1;47,9
9,5;47,8
9;48,2
8,8;48
8,4;46,7
8,2;49,6
8,1;49,5
8;49,7
7,9;49,7
8,4;49,5
8,9;49,6
9;49,5
9,2;49,7
9,5;49
9,7;49
9,9;49
10;49,2
10;48,5
10;47,8
10;48,1
10;46,7
11;48,4
11;48,6
11;47,3
11;48,6
12;48
11;46,5
11;47,1
11;46,4
10;49,6
9,8;49,6
9,4;49,4
9,7;49,2
9,6;49,8
10;49,2
12;49,8
13;49,5
12;49,1
13;49,8
13;49,6
12;47,7
12;47,6
12;48,1
16;47,9
15;48
16;51
16;54,5
16;51,6
14;51,1
12;49,8
12;49,5
11;47,9
13;52,2
14;52,2
15;53,2
15;51,2
16;62,8
17;51
18;50,3
19;50,5
18;50,6
17;54,7
14;53,3
13;53,3
11;52,2
11;50,2
11;51,2
11;51,7
11;51,5
12;51,2
12;51
11;51,1
11;51
11;51,6
10;51,1
10;50,9
9,8;53,3
9,3;54,2
10;54,5
13;53,7
13;53,9
12;54,2
12;53,6
11;53,6
11;53,8
10;53,7
10;53,7
10;52,2
10;52
11;52,7
10;52,4
11;52,8
11;52,1
10;52
10;52,3
11;52
12;47,9
11;49
11;48,8
11;47,3
10;49
11;49,5
12;48,1
13;53,3
12;53,3
11;53,5
11;53,8
10;52,9
10;53,6
9;53,7
9;54,2
9,2;55,9
9,4;55,5
9,5;55,4
8,8;55,3
8,8;55,1
9;54,9
9,2;55,3
9,3;51,8
9,3;52,1
9,3;52,9
9,2;52,8
9,2;52,8
9;50,8
8,8;51,7
8,7;51,5
8,8;51,5
9;63
9,3;52,5
9,2;51,1
9;50,6
9;50,5
8,8;50,6
8,6;50,1
8,6;50,2
9,2;49,5
8,4;52,4
8,7;50,4
8,8;52,8
9,1;48,7
9,8;50
11;50
11;49,8
12;49,8
11;49,3
11;49,4
12;49,8
8,3;51,5
8,1;51,5
7,8;51,6
8,3;51,9
8,5;51,5
8,3;51,9
8,3;53,5
8,7;51,6
8,9;51,6
9,5;52,1
9,8;51,1
10;52,7
9,8;53,1
9,7;53,1
9,5;52,3
9,4;51,9
9,3;52,2
9,5;52,3
9,8;51,1
10;51
9,8;50,9
9,5;51,8
9,2;51,4
8,8;51,4
8,2;51,6
8,3;51,5
8,3;51,4
8,3;51,6
8,8;51,9
9,5;55
9,6;53,2
9,7;52,7
9,6;52,3
9,7;51,5
9,8;52
9,8;49,1
8,5;48,3
8,8;48,5
8,6;46,9
8,8;48,5
8,6;48,6
8,7;49,1
9,2;48,8
9,3;48,5
8,8;48,8
8,6;48,6
8,2;47,5
8,3;48,4
8,6;48,7
9;48,4
9,1;48,5
9,1;47
9;49,4
9,3;48,6
9,1;48,7
8,9;48,6
8,8;48,5
8,7;48,6
8,6;47
8,6;48,5
8,4;49,9
8,7;48,6
8,7;48,6
9,1;48,6
9,2;49
9,4;48,5
9,5;48,8
9,6;49
9,7;49,2
9,7;48,5
9,2;47,2
9,4;52,6
9,6;67,6
9,7;54,8
9,7;50,8
9,5;47
9,5;46,2
9,6;46,8
8,6;47,1
8,8;46,4
8,3;47,1
8,2;47,1
6,8;49,4
6;49
6,5;48,8
6,4;48,7
5;49
6,1;49,1
6,8;49,3
6,5;48,9
6,3;49,2
5,8;49
5,4;49,2
5,1;49,2
6,2;47
6,5;45,5
6,7;47,7
6,9;45,5
6,9;47,2
6,8;46,9
6,8;47,5
6,6;47,4
6,3;47,2
6,2;45,5
6,1;47
6,1;46,9
6;49,2
6,1;49,2
6,2;49
6,3;49
6,3;49,2
6,4;49,3
6,5;49,2
6,5;49,5
6,6;48,8
6,7;48,5
6,6;47,7
6,5;48
5,7;48
5,8;48,1
5,6;48,8
5,3;49,7
5,5;48,8
6,2;48,4
6,2;48,6
6,1;48,7
6;48,6
6,1;46,1
6;46,4
5,9;48,5
5,9;46,3
6,2;46,7
6,3;46,7
6,1;47
6,4;47,5
6,6;46,4
6,8;46,3
6,9;46,5
7,2;46,4
6,9;46,1
7,1;46,4
7,3;48,5
7,4;46,3
7,3;46,7
7,3;46,7
7,2;47
7,2;47,5
7,3;46,4
7,4;46,3
7,4;46,5
7,2;46,4
6,9;50,5
6,4;51
6;50,2
6,2;48,3
6,1;49,2
6,4;49,5
6,6;48,8
6,8;49,2
7;49
7;48,4
7,2;48,3
8;48,5
8;47,9
7,9;48,4
6,3;49,7
6,2;50,5
6,4;50,5
6,3;50
6,7;49,9
7,1;49,5
7;49,7
6,8;49,9
6,5;50,4
6,3;49,9
6;49,8
5,8;49,4
5,6;48
5,6;48,4
5,9;48,4
6,1;49,1
5,8;49
5,6;48,6
5,6;48,5
5,7;48,5
6,9;48,3
6,3;48,2
6,2;48,3
6;48,1
5,7;47,5
5,8;48,3
6;48
5,9;48,7
6,1;48,9
6,1;47,9
6,2;48,4
6,2;47,5
6,6;48,5
6,4;48,3
6,4;48,3
6,5;48,1
6,8;49
6,7;48,6
6,4;48,5
6,2;48,5
5,8;46,4
5,7;48,1
5,6;48,1
5,5;48,3
5,3;48,8
5,1;49
5;49,4
4,7;48,5
4,9;49,2
5,2;49,2
4,5;46,7
4,8;48
6,1;49,9
5,9;49,5
5,8;49,5
5,5;48,8
5,6;48,6
4,8;48,7
4,5;48,8
5,1;47,1
5,2;47,5
5,5;47,5
5,4;51,2
5,5;46,8
5,5;46,8
5,8;46,5
5,4;45,5
4;67,4
4,5;67,7
4,8;66,7
4,7;68
4,5;67,3
4,3;67,3
4,2;67,7
4,4;57,7
4,2;73,1
4,3;72,8
4,5;72,8
4,6;73,1
4,7;61,9
4,8;62,3
4,5;51,9
4,1;51,3
4,1;51,9
4;51,6
3,9;51,1
3,9;52,3
4,1;54,2
3,8;50,4
3,9;51,2
4;51,8
3,8;51,8
3,8;50,6
3,9;51,4
4;51,2
3,9;51
4,2;51,1
4,1;51,3
4,1;50,9
6,1;59,9
6,6;59,2
5,2;60,6
5,7;73,2
4,8;62,3
4,6;56,8
4,9;55,5
5,6;60,9
6,1;61,9
6,4;61,7
6,8;60,3
7,5;61,7
7,4;61,5
7,7;63,1
7,3;64,7
9,2;64,6
12,3;62,4
9,6;61,2
7;61
7,2;61,3
7,4;62,6
7,9;63
7,2;62,3
7;62,6
6,9;62,9
6,9;62,7
6,8;62,6
6,6;63,1
6,8;62,9
7;62,3
7,3;59,5
75;60,2
7,7;59,5
7,8;58,1
7,8;58,4
7,7;58,9
7,5;59,1
7,6;58,1
7,2;56,2
6,8;55,6
7;57,3
7,3;57,3
7,4;57,2
7,4;56,8
76;56,7
78;56,3
7,4;55,6
7,1;56,1
6,9;56
6,8;56
7,4;60,1
8;61
7,7;58,2
7,6;57,8
7,8;57,4
8;58,1
8,2;57,8
8,3;58
7,9;57,9
7,4;58,2
7,1;57,9
6,8;57,5
6,5;58,2
6,3;58,4
6;58,6
6;58,3
6;58,1
7,3;57,9
8,4;61,4
6,7;62,5
6,6;62
6,3;62,8
6;62,2
5,9;61,4
6,2;59,9
6,2;59
6,7;57,9
7,3;59,1
7,4;59,6
7,6;59,1
7,9;58,9
8,1;59,1
7,8;57,9
7,7;58,8
7,3;58,8
7,1;58,9
7,8;61,3
8;61,8
8,1;61,1
7,9;61,1
8,2;62,7
8;63,3
7,7;62,6
7,4;62,4
7,8;57,7
8,1;57,6
8;57,4
8,2;57,4
8,2;57,7
8,3;57,5
8;55,9
7,5;55,9
7,6;55,8
7,6;55,1
7,7;55,8
7,7;55,6
7,5;55,6
7,6;55,5
7,5;55,5
7,3;59,8
6,8;60,8
7,1;60,9
7,3;61,5
7,1;70,3
7;67,5
6,5;67,6
6,5;60,6
6,5;61
6,9;60,7
7,3;60,7
7,7;60,8
6,6;58,6
6,7;59
6,5;57,9
6,8;58,7
6,9;59,1
7,4;58,8
7,3;58,9
7,3;58,5
5,9;36
6,1;35,6
6;35,4
5,9;34
5,7;34,7
5,5;34,9
5,3;33,9
5,6;34,8
5,9;34,7
5,8;34,4
6,1;33,5
