6.6;7.3;34.5
7.0;7.3;34.3
6.9;7.3;32.9
7.1;7.3;35.3
7.2;7.3;35.3
7.2;7.3;35.3
7.3;7.3;35.3
7.3;7.3;35.3
7.4;7.3;35.3
7.5;7.3;35.3
7.2;7.3;35.3
7.1;7.3;35.3
6.8;7.3;38.0
6.3;7.3;38.0
5.7;7.3;38.0
5.4;7.3;39.0
5.2;7.3;37.7
5.5;7.3;37.4
5.7;7.3;37.4
6.0;7.3;37.3
6.3;7.3;41.1
6.4;7.3;37.4
6.5;7.3;37.4
6.2;7.3;36.4
6.0;7.3;37.1
5.6;7.3;37.8
5.1;7.3;37.5
5.7;7.3;41.7
5.8;7.3;37.6
5.9;7.3;37.8
6.1;7.3;37.8
6.3;7.3;38.4
6.4;7.3;39.2
6.6;7.3;38.3
6.7;7.3;45.8
6.9;7.3;45.8
6.8;7.3;40.2
6.7;7.3;40.5
6.6;7.3;39.5
6.0;7.3;42.0
8.0;7.3;40.5
8.3;7.3;40.6
8.2;7.3;42.8
7.8;7.3;42.9
7.6;7.3;36.3
8.0;7.3;38.3
8.3;7.3;42.8
7.2;7.3;43.1
6.6;7.3;42.3
6.5;7.3;43.1
5.8;7.3;43.7
5.3;7.3;42.2
4.8;7.3;41.7
4.9;7.3;42.7
5.3;7.3;44.2
5.8;7.3;41.4
5.9;7.3;45.3
6.1;7.3;43.8
6.0;7.3;44.3
6.2;7.3;41.8
6.5;7.3;42.8
6.7;7.3;42.3
6.9;7.3;42.9
5.8;7.3;42.2
5.9;7.3;41.5
6.1;7.3;42.5
6.2;7.3;42.2
6.3;7.3;45.9
6.1;7.3;48.5
6.4;7.3;49.0
6.5;7.3;48.9
6.4;7.3;46.6
6.6;7.3;42.8
6.5;7.3;42.3
6.7;7.3;42.9
5.3;7.3;42.2
5.3;7.3;41.5
5.4;7.3;42.5
4.7;7.3;42.2
4.6;7.3;45.9
4.6;7.3;48.5
4.6;7.3;49.0
4.6;7.3;48.9
4.6;7.3;46.6
4.5;7.3;46.7
4.5;7.3;47.0
4.5;7.3;47.1
5.1;7.3;48.3
6.1;7.3;48.4
6.3;7.3;47.0
6.5;7.3;45.9
6.8;7.3;45.8
7.4;7.3;45.3
7.6;7.3;47.2
7.3;7.3;47.1
7.2;7.3;44.6
7.0;7.3;46.4
6.9;7.3;47.1
7.2;7.3;44.7
4.4;7.3;45.0
4.5;7.3;48.0
4.5;7.3;45.7
4.4;7.3;46.0
5.2;7.3;46.0
5.3;7.3;44.1
5.3;7.3;46.6
5.5;7.3;47.7
5.6;7.3;47.1
5.8;7.3;46.8
5.8;7.3;45.0
5.9;7.3;47.0
5.4;7.3;46.6
5.1;7.3;46.3
5.7;7.3;45.7
6.3;7.3;46.5
6.4;7.3;46.7
6.6;7.3;46.2
6.7;7.3;47.7
6.8;7.3;47.3
6.8;7.3;44.4
6.6;7.3;46.7
6.5;7.3;46.4
6.4;7.3;47.1
5.9;7.3;45.2
5.8;7.3;50.7
5.4;7.3;49.4
5.1;7.3;49.0
6.0;7.3;49.0
7.0;7.3;54.2
6.0;7.3;51.2
5.8;7.3;50.7
5.7;7.3;50.5
5.7;7.3;50.8
5.6;7.3;50.5
5.6;7.3;51.4
5.6;7.3;49.6
5.8;7.3;50.3
5.7;7.3;47.6
5.7;7.3;49.2
5.9;7.3;49.3
6.1;7.3;54.1
5.9;7.3;44.8
6.3;7.3;44.7
6.9;7.3;44.6
7.4;7.3;43.8
8.2;7.3;43.2
7.9;7.3;44.7
8.2;7.3;44.9
8.4;7.3;44.9
8.2;7.3;50.4
8.0;7.3;50.4
8.1;7.3;50.4
8.9;7.3;50.4
9.6;7.3;50.4
11.0;7.3;50.4
10.0;7.3;50.4
9.4;7.3;50.4
8.6;7.3;50.4
7.1;7.3;50.4
5.5;7.4;50.1
5.6;7.4;50.2
4.9;7.4;50.4
4.6;7.4;49.8
4.4;7.4;50.0
4.5;7.4;54.1
4.7;7.4;50.6
4.8;7.4;51.3
5.3;7.3;51.4
5.5;7.3;51.2
5.8;7.3;50.8
5.9;7.3;45.9
5.7;7.3;47.0
5.4;7.3;47.0
5.5;7.3;47.0
5.7;7.3;47.0
5.8;7.3;47.0
5.5;7.3;47.4
5.7;7.3;47.4
5.6;7.3;47.4
5.9;7.3;47.4
6.4;7.3;52.2
6.3;7.3;52.2
6.4;7.3;52.2
6.6;7.3;52.0
6.7;7.3;53.8
6.8;7.3;53.6
6.7;7.3;51.2
6.8;7.3;44.9
6.6;7.3;45.8
6.5;7.3;46.7
6.4;7.3;46.8
6.7;7.3;46.4
7.0;7.3;44.5
7.4;7.3;45.8
7.7;7.3;44.9
7.2;7.3;44.2
6.1;7.3;44.1
6.4;7.3;43.5
6.9;7.3;43.8
7.2;7.3;65.1
6.8;7.3;65.9
6.7;7.3;46.3
7.1;7.3;44.5
7.3;7.3;44.9
7.9;7.3;45.7
8.6;7.3;45.4
8.4;7.3;43.5
5.9;7.3;45.6
5.9;7.3;45.7
7.3;7.3;45.5
8.2;7.3;45.5
7.2;7.3;45.9
7.3;7.3;43.5
6.8;7.3;46.0
6.7;7.3;46.2
6.5;7.3;45.4
6.1;7.3;45.3
5.5;7.3;44.4
5.1;7.3;44.3
5.7;7.3;44.7
6.0;7.3;45.7
6.1;7.3;44.8
6.0;7.3;50.8
5.9;7.3;40.2
6.4;7.3;49.0
7.3;7.3;49.7
8.0;7.3;50.4
7.7;7.3;50.3
7.4;7.3;49.7
6.9;7.3;49.9
6.6;7.3;47.6
5.6;7.3;42.8
5.5;7.3;48.1
5.6;7.3;47.5
5.7;7.3;47.9
34.0;7.3;47.2
7.3;7.3;49.1
7.1;7.3;48.2
7.0;7.3;48.3
6.8;7.3;48.5
6.8;7.3;47.9
6.6;7.3;47.3
6.5;7.3;66.1
6.8;7.3;60.9
6.2;7.3;48.0
6.4;7.3;44.8
6.4;7.3;45.6
6.6;7.3;47.1
6.9;7.3;47.1
6.8;7.3;49.7
6.7;7.3;49.2
6.7;7.3;49.1
6.5;7.3;49.1
6.9;7.3;48.9
6.4;7.3;49.1
6.0;7.3;47.0
5.8;7.3;47.3
5.7;7.3;46.8
5.9;7.3;46.6
6.0;7.3;47.4
6.1;7.3;45.6
6.0;7.3;50.5
5.9;7.3;50.4
5.8;7.3;47.4
5.6;7.3;47.3
5.6;7.3;46.9
5.5;7.3;47.8
4.9;7.3;47.6
4.8;7.3;46.5
4.7;7.3;48.9
4.6;7.3;48.7
5.1;7.3;46.5
5.4;7.3;48.0
5.4;7.3;53.0
5.3;7.3;46.4
5.1;7.3;45.4
5.0;7.3;45.3
5.0;7.3;46.0
4.9;7.3;46.0
5.2;7.3;46.6
4.9;7.3;47.7
6.3;7.3;46.6
7.2;7.3;46.1
7.4;7.3;46.1
7.2;7.3;50.7
6.9;7.3;47.9
7.4;7.3;47.9
6.2;7.3;48.3
6.3;7.3;48.5
5.7;7.3;45.8
5.9;7.3;48.1
5.4;7.3;45.4
5.5;7.3;45.9
5.6;7.3;45.7
5.3;7.3;43.6
5.0;7.3;44.1
5.2;7.3;40.3
5.4;7.3;43.2
5.5;7.3;43.4
5.7;7.3;42.7
5.5;7.3;41.6
5.4;7.3;40.2
5.6;7.3;40.5
4.8;7.3;40.1
4.9;7.3;40.5
5.2;7.3;49.3
5.3;7.3;48.8
5.7;7.3;40.2
6.1;7.3;44.7
6.1;7.3;39.8
6.0;7.3;36.9
5.0;7.3;37.2
5.0;7.3;37.1
4.9;7.3;37.2
4.9;7.3;36.1
5.2;7.3;44.8
4.9;7.3;39.6
5.1;7.3;39.9
5.4;7.3;39.8
5.3;7.3;40.1
5.7;7.3;43.9
6.9;7.3;45.8
6.7;7.3;45.4
6.5;7.3;43.2
6.2;7.3;39.8
6.6;7.3;41.0
6.4;7.3;39.0
6.5;7.3;37.9
6.6;7.3;38.2
6.8;7.3;35.1
6.7;7.3;34.7
6.4;7.3;34.0
6.2;7.3;38.8
6.0;7.3;39.4
5.8;7.3;46.9
5.9;7.3;38.8
6.1;7.3;38.6
6.2;7.3;38.6
6.3;7.3;38.6
5.4;7.3;34.1
5.1;7.3;33.8
11.0;7.3;33.5
23.0;7.3;34.0
29.0;7.3;45.7
51.0;7.3;45.2
56.0;7.3;45.2
58.0;7.3;45.3
39.0;7.3;45.5
34.0;7.3;45.0
28.0;7.3;45.0
21.0;7.3;45.3
18.0;7.3;49.2
16.0;7.3;49.7
16.0;7.3;48.7
18.0;7.3;48.6
17.0;7.3;50.1
18.0;7.3;49.9
43.0;7.3;49.9
48.0;7.3;49.4
51.0;7.3;47.1
56.0;7.3;53.4
54.0;7.3;53.1
53.0;7.3;51.8
56.0;7.3;53.5
53.0;7.3;53.6
50.0;7.3;53.6
46.0;7.3;53.2
43.0;7.3;47.4
40.0;7.3;48.4
38.0;7.3;48.3
35.0;7.3;48.1
32.0;7.3;48.7
30.0;7.3;48.5
29.0;7.3;48.6
26.0;7.3;49.7
25.0;7.3;47.9
27.0;7.3;55.9
24.0;7.3;48.8
27.0;7.3;48.7
25.0;7.3;48.9
27.0;7.3;49.1
26.0;7.3;48.7
24.0;7.3;48.2
24.0;7.3;48.4
25.0;7.3;48.7
23.0;7.3;48.4
20.0;7.3;49.1
17.0;7.3;49.4
19.0;7.3;50.0
18.0;7.3;51.5
17.0;7.3;51.5
16.0;7.3;51.4
15.0;7.3;51.3
15.0;7.3;51.9
14.0;7.3;51.7
14.0;7.3;51.6
13.0;7.3;51.8
13.0;7.3;51.7
15.0;7.3;52.0
14.0;7.3;52.6
14.0;7.3;51.6
14.0;7.3;52.0
15.0;7.3;51.5
15.0;7.3;51.7
14.0;7.3;51.6
14.0;7.3;51.6
14.0;7.3;52.0
14.0;7.3;49.4
13.0;7.3;49.2
13.0;7.3;48.9
12.0;7.2;48.8
12.0;7.2;48.9
13.0;7.2;49.1
13.0;7.2;48.8
15.0;7.2;50.5
15.0;7.2;53.9
14.0;7.2;54.7
14.0;7.2;55.5
13.0;7.2;55.3
12.0;7.2;54.9
12.0;7.2;55.1
12.0;7.2;55.3
12.0;7.2;55.6
13.0;7.2;48.3
13.0;7.2;48.1
12.0;7.2;48.1
13.0;7.2;50.2
13.0;7.2;53.0
12.0;7.2;48.9
11.0;7.2;48.9
11.0;7.2;48.4
10.0;7.2;52.4
10.0;7.2;51.5
9.5;7.2;47.2
9.2;7.2;51.6
8.9;7.2;51.7
8.7;7.2;50.9
8.6;7.2;51.1
8.9;7.2;50.8
8.5;7.2;52.7
8.6;7.2;52.2
8.4;7.2;57.8
9.8;7.2;59.4
10.0;7.2;52.4
10.0;7.2;51.5
11.0;7.2;47.2
8.8;7.3;51.6
7.9;7.3;51.7
8.1;7.3;50.9
8.4;7.3;51.1
8.5;7.3;50.8
8.3;7.3;52.7
8.2;7.3;52.2
8.0;7.3;57.8
8.1;7.3;59.4
8.0;7.3;46.3
7.9;7.3;45.7
7.7;7.3;46.6
6.7;7.2;46.7
6.8;7.2;46.1
7.0;7.2;38.9
7.2;7.2;38.3
8.9;7.2;38.8
8.8;7.2;46.0
8.5;7.2;46.8
7.3;7.2;46.9
6.8;7.2;46.5
6.8;7.2;47.0
6.7;7.2;46.8
6.6;7.2;47.5
6.9;7.2;45.1
6.8;7.2;46.4
6.7;7.2;44.9
6.7;7.2;47.3
7.7;7.2;47.5
8.6;7.2;54.9
11.0;7.2;54.3
8.5;7.2;54.2
8.3;7.2;55.9
7.7;7.2;65.5
6.8;7.2;54.6
6.5;7.2;45.7
6.6;7.2;47.5
6.7;7.2;47.0
6.8;7.2;47.4
6.4;7.2;47.0
7.2;7.2;47.1
8.2;7.2;48.0
7.6;7.2;47.5
7.2;7.2;47.5
7.0;7.2;48.3
6.6;7.2;47.5
6.0;7.2;47.7
5.8;7.2;48.1
5.5;7.2;49.0
5.7;7.3;48.1
5.5;7.3;41.6
5.4;7.3;44.4
14.0;7.3;45.3
13.0;7.3;44.9
10.0;7.3;45.7
8.0;7.3;45.8
6.9;7.3;46.1
6.5;7.3;45.9
6.1;7.3;45.8
5.9;7.3;48.7
6.0;7.3;48.9
6.1;7.3;48.6
6.3;7.3;47.1
6.4;7.3;46.7
6.6;7.3;46.5
6.9;7.3;49.7
7.1;7.3;48.8
7.2;7.3;49.6
7.3;7.3;49.4
7.2;7.3;50.3
6.9;7.3;49.9
6.8;7.3;50.0
6.2;7.3;48.8
6.6;7.3;45.3
6.4;7.3;46.2
6.5;7.3;45.7
6.6;7.3;48.1
6.3;7.3;50.3
6.2;7.3;49.0
6.2;7.3;48.2
6.3;7.3;47.6
5.9;7.3;47.6
6.2;7.3;48.3
6.3;7.3;49.0
6.6;7.3;47.1
6.7;7.3;41.8
6.6;7.3;41.7
6.6;7.3;41.7
6.7;7.3;42.2
6.6;7.3;42.0
6.5;7.3;42.0
6.5;7.3;42.1
6.1;7.3;41.6
5.8;7.3;41.6
5.3;7.3;41.6
5.2;7.3;41.4
5.3;7.3;38.4
5.3;7.3;40.5
5.5;7.3;41.4
5.8;7.3;40.6
5.8;7.3;42.9
6.2;7.3;43.2
6.6;7.3;43.4
6.9;7.3;42.7
6.9;7.3;43.2
7.4;7.3;42.5
7.7;7.3;41.6
7.2;7.3;40.1
7.3;7.3;37.6
7.3;7.3;36.2
7.4;7.3;33.9
7.6;7.3;34.0
7.5;7.3;34.5
7.8;7.3;38.0
7.8;7.3;37.6
7.4;7.3;34.5
7.0;7.3;37.7
6.6;7.3;36.1
6.2;7.3;38.0
5.7;7.3;36.1
7.1;7.3;34.6
7.3;7.3;34.8
6.0;7.3;35.1
6.1;7.3;34.8
7.4;7.3;35.5
7.5;7.3;46.0
7.5;7.3;46.2
7.3;7.3;45.8
7.2;7.3;46.0
7.0;7.3;35.8
6.7;7.3;35.7
6.5;7.3;35.6
7.8;7.3;33.5
7.3;7.3;36.2
6.9;7.3;35.8
6.7;7.3;31.2
6.9;7.3;31.2
6.8;7.3;41.7
6.9;7.3;29.2
7.0;7.3;35.2
6.2;7.3;34.8
6.1;7.3;34.1
5.9;7.3;35.1
5.8;7.3;35.2
5.5;7.3;35.1
5.2;7.3;41.5
5.6;7.3;41.8
5.8;7.3;41.8
6.0;7.3;41.0
6.2;7.3;41.8
6.0;7.3;47.0
5.7;7.3;41.2
5.9;7.3;41.7
6.0;7.3;41.5
6.2;7.3;41.2
6.3;7.3;41.2
6.3;7.3;44.3
6.4;7.3;38.0
7.6;7.3;37.6
7.7;7.3;39.8
5.7;7.3;38.4
5.8;7.3;39.5
6.1;7.3;36.2
5.9;7.3;40.0
5.8;7.3;40.5
5.7;7.3;40.5
5.6;7.3;40.1
5.6;7.3;40.3
8.0;7.3;38.9
8.3;7.3;39.1
8.7;7.3;39.2
8.3;7.3;38.6
8.6;7.3;39.6
8.4;7.3;39.4
7.8;7.3;39.5
7.6;7.3;39.1
7.4;7.3;39.4
7.3;7.3;39.4
7.4;7.3;39.5
7.1;7.3;39.2
7.3;7.3;36.8
7.4;7.3;40.7
7.5;7.3;36.7
8.2;7.3;40.0
8.6;7.3;40.2
8.8;7.3;37.2
8.6;7.3;41.3
8.5;7.3;36.3
8.6;7.3;37.7
8.5;7.3;38.3
8.4;7.3;38.1
8.4;7.3;40.5
8.6;7.3;38.5
8.4;7.3;41.2
8.3;7.3;37.9
8.2;7.3;40.9
8.9;7.3;37.1
8.7;7.3;41.1
8.6;7.3;37.1
8.3;7.3;37.8
7.9;7.3;38.5
7.5;7.3;40.8
7.2;7.3;40.8
7.0;7.3;38.0
7.2;7.3;40.0
6.9;7.3;39.8
6.7;7.3;39.5
6.6;7.3;39.7
6.8;7.3;39.6
7.1;7.3;39.2
7.4;7.3;39.6
7.1;7.3;39.5
7.4;7.3;39.7
7.5;7.3;38.9
7.6;7.3;38.8
7.8;7.3;39.5
7.3;7.3;36.9
7.2;7.3;37.0
7.1;7.3;37.1
6.7;7.3;38.8
6.9;7.3;42.3
7.0;7.3;43.9
6.6;7.3;43.5
6.3;7.3;41.3
6.6;7.3;40.7
6.5;7.3;40.1
6.4;7.3;41.3
6.4;7.3;40.8
6.5;7.3;43.8
6.3;7.3;43.2
6.0;7.3;44.3
6.3;7.3;43.6
6.6;7.3;41.5
6.4;7.3;43.6
6.6;7.3;43.2
6.7;7.3;43.9
6.6;7.3;41.2
6.2;7.3;41.5
6.4;7.3;43.3
6.9;7.3;42.8
6.9;7.3;42.0
7.0;7.3;43.1
7.0;7.3;40.7
7.2;7.3;44.7
7.2;7.3;39.1
7.0;7.3;43.6
7.0;7.3;40.9
6.9;7.3;41.1
6.6;7.3;41.7
6.5;7.3;42.0
6.5;7.3;42.0
6.4;7.3;41.7
5.4;7.3;42.8
5.4;7.3;42.2
7.1;7.3;37.3
8.0;7.3;45.5
8.5;7.3;47.5
8.8;7.3;41.9
7.5;7.3;40.2
7.1;7.3;40.9
6.4;7.3;41.2
6.2;7.3;41.0
6.0;7.3;40.7
25.7;7.3;41.1
6.5;7.3;41.6
6.6;7.3;40.6
6.7;7.3;43.7
6.8;7.3;44.3
7.4;7.3;41.9
8.8;7.3;42.6
82.0;7.2;41.1
8.0;7.2;40.9
7.6;7.2;41.9
7.1;7.2;40.5
6.4;7.2;40.3
7.9;7.2;41.7
7.8;7.2;41.7
7.6;7.2;42.2
7.5;7.2;44.5
7.0;7.2;45.1
6.9;7.2;42.4
6.8;7.2;44.1
6.7;7.2;40.6
6.5;7.2;40.2
6.3;7.2;41.0
6.2;7.2;41.5
6.0;7.2;40.8
6.2;7.2;41.7
6.4;7.2;41.0
6.6;7.2;41.3
6.8;7.2;44.3
6.7;7.2;41.9
6.9;7.2;43.8
7.0;7.2;42.1
7.1;7.2;40.9
6.8;7.2;42.0
6.2;7.2;41.2
5.7;7.2;41.9
5.5;7.2;41.1
5.4;7.3;41.2
5.5;7.3;41.7
5.6;7.3;42.3
5.8;7.3;42.5
6.8;7.3;42.5
7.4;7.3;41.5
7.3;7.3;42.2
6.9;7.3;39.5
6.2;7.3;40.1
6.4;7.3;30.4
6.2;7.3;45.0
5.9;7.3;39.1
6.2;7.3;38.1
6.1;7.3;38.5
7.3;7.3;38.1
11.0;7.3;43.3
14.0;7.3;41.2
18.0;7.3;50.2
22.0;7.3;52.1
63.0;7.3;87.5
137.0;7.2;98.5
158.0;7.2;111.0
162.0;7.2;106.2
168.0;7.2;111.7
255.0;7.2;113.0
317.0;7.2;113.0
310.0;7.3;110.9
301.0;7.3;112.8
290.0;7.3;110.7
248.0;7.3;111.8
228.0;7.3;110.6
201.0;7.3;116.8
188.0;7.3;116.9
162.0;7.3;111.0
148.0;7.3;106.2
134.0;7.3;111.7
136.0;7.3;113.0
138.0;7.3;113.0
135.0;7.3;110.9
132.0;7.3;112.8
141.0;7.3;110.7
154.0;7.3;111.8
151.0;7.3;110.6
148.0;7.3;116.8
172.0;7.3;116.9
227.0;7.3;92.4
294.0;7.3;92.8
331.0;7.3;92.2
184.0;6.8;84.6
131.0;6.8;84.4
115.0;6.8;79.4
113.0;6.8;77.9
119.0;6.8;80.4
121.0;6.8;77.7
123.0;6.8;82.9
119.0;6.8;78.9
114.0;6.8;78.4
108.0;6.8;81.6
105.0;7.0;80.8
102.0;7.0;83.4
107.0;7.0;77.2
105.0;7.0;77.7
107.0;7.0;78.7
103.0;7.0;90.3
102.0;7.0;77.8
99.0;7.0;76.8
94.0;7.0;79.1
99.0;7.0;77.6
96.0;7.0;82.1
84.0;7.0;96.9
70.0;7.0;96.3
68.0;7.0;96.0
70.0;7.0;95.8
72.0;7.0;95.7
69.0;7.0;95.3
66.0;7.0;91.7
65.0;7.0;94.4
65.0;7.0;93.5
62.0;7.0;93.3
59.0;7.0;89.3
65.0;7.0;87.1
68.0;7.0;87.1
64.0;7.0;87.1
59.0;7.0;87.1
58.0;7.0;87.1
60.0;7.0;87.1
57.0;7.0;87.1
58.0;7.0;87.1
59.0;7.3;87.1
57.0;7.3;80.0
56.0;7.3;80.0
55.0;7.3;80.0
50.0;7.0;77.5
51.0;7.0;79.8
52.0;7.0;79.0
53.0;7.0;80.8
54.0;7.0;80.9
56.0;7.0;92.2
55.0;7.0;90.7
54.0;7.0;91.0
52.0;7.0;88.3
51.0;7.0;82.6
49.0;7.0;82.3
49.0;7.0;79.0
52.0;7.0;80.7
51.0;7.0;79.7
49.0;7.0;80.3
47.0;7.0;81.9
46.0;7.0;77.8
49.0;7.0;86.8
46.0;7.0;83.9
48.0;7.0;88.2
48.0;7.0;89.6
47.0;7.0;85.5
48.0;7.0;84.1
51.0;7.0;89.6
49.0;7.0;90.1
48.0;7.0;96.0
48.0;7.0;83.6
46.0;7.0;94.2
45.0;7.0;89.4
49.0;7.0;91.0
50.0;7.0;91.4
53.0;7.0;90.9
52.0;7.0;89.9
52.0;7.0;89.7
52.0;7.0;90.6
50.0;7.3;86.0
48.0;7.3;86.0
52.0;7.3;87.5
50.0;7.3;87.3
53.0;7.3;84.2
53.0;7.3;83.0
52.0;7.3;82.7
52.0;7.3;78.0
50.0;7.3;81.0
48.0;7.3;79.9
46.0;7.3;81.4
45.0;7.3;81.2
44.0;7.3;81.0
46.0;7.3;81.8
48.0;7.3;81.5
49.0;7.3;80.7
54.0;7.3;81.2
53.0;7.3;88.1
51.0;7.3;92.7
51.0;7.3;87.1
52.0;7.3;91.3
53.0;7.3;91.0
52.0;7.3;92.0
51.0;7.3;86.8
57.0;7.3;80.5
68.0;7.3;80.6
64.0;7.3;81.0
65.0;7.3;79.2
59.0;7.3;82.3
63.0;7.3;82.6
84.0;7.3;80.4
103.0;7.3;85.5
102.0;7.3;99.8
105.0;7.3;85.7
109.0;7.3;86.2
105.0;7.3;91.6
103.0;7.2;91.1
104.0;7.2;91.0
106.0;7.2;85.3
108.0;7.2;88.9
100.0;7.2;94.4
99.0;7.2;93.4
98.0;7.2;88.8
97.0;7.2;89.0
93.0;7.2;88.1
88.0;7.2;90.6
83.0;7.2;89.6
80.0;7.2;89.6
74.0;7.3;84.2
69.0;7.3;81.0
66.0;7.3;82.9
65.0;7.3;85.2
64.0;7.3;85.1
66.0;7.3;85.5
67.0;7.3;84.1
64.0;7.3;78.9
58.0;7.3;75.0
56.0;7.3;75.6
53.0;7.3;73.5
51.0;7.3;76.2
52.0;7.3;78.7
52.0;7.3;76.7
52.0;7.3;76.2
52.0;7.3;76.5
52.0;7.3;79.6
52.0;7.3;73.8
50.0;7.3;74.9
48.0;7.3;77.5
45.0;7.3;77.1
42.0;7.3;77.1
40.0;7.3;77.4
40.0;7.3;74.8
44.0;7.3;78.3
37.0;7.3;75.8
46.0;7.3;77.8
47.0;7.3;78.6
48.0;7.3;78.9
49.0;7.3;76.7
54.0;7.3;80.7
57.0;7.3;80.7
74.0;7.3;80.7
142.0;7.3;82.5
251.0;7.3;82.5
281.0;7.3;82.5
312.0;7.3;118.5
334.0;7.0;126.3
341.0;7.0;118.5
345.0;7.0;127.7
312.0;7.0;125.6
270.0;7.0;118.6
227.0;7.0;99.6
191.0;7.0;100.6
156.0;7.0;99.5
141.0;7.0;100.8
128.0;7.0;101.4
117.0;7.0;100.2
115.0;7.3;100.5
118.0;7.3;101.7
120.0;7.3;101.8
122.0;7.3;106.4
119.0;7.3;120.3
116.0;7.3;101.8
113.0;7.3;98.1
110.0;7.3;98.3
105.0;7.3;97.2
107.0;7.3;92.3
110.0;7.3;92.2
112.0;7.3;91.7
107.0;7.3;92.4
110.0;7.3;92.7
243.0;7.3;91.9
143.0;7.3;90.4
148.0;7.3;92.4
160.0;7.3;100.0
163.0;7.3;101.2
165.0;7.3;100.6
160.0;7.3;101.6
140.0;7.3;101.9
116.0;7.3;93.6
105.0;7.3;99.8
118.0;7.3;103.1
163.0;7.3;106.5
173.0;7.3;105.0
135.0;7.3;98.2
126.0;7.3;92.5
109.0;7.3;86.9
83.0;7.3;91.6
73.0;7.3;85.6
71.0;7.3;86.8
59.0;7.3;87.5
56.0;7.3;84.0
51.0;7.3;85.1
43.0;7.3;81.8
44.0;7.3;79.3
48.0;7.3;78.3
50.0;7.3;76.1
41.0;7.3;76.6
48.0;7.3;77.2
44.0;7.3;77.8
50.0;7.3;83.5
64.0;7.3;77.9
57.0;7.3;81.2
69.0;7.3;79.4
55.0;7.3;83.3
52.0;7.3;78.1
51.0;7.3;83.3
51.0;7.3;79.6
49.0;7.3;80.7
46.0;7.3;79.5
48.0;7.3;76.6
45.0;7.3;74.3
44.0;7.3;75.7
41.0;7.3;72.0
4.0;7.3;62.5
44.0;7.3;61.8
40.0;7.3;75.7
37.0;7.3;73.6
49.0;7.3;71.0
45.0;7.3;65.7
49.0;7.3;67.4
42.0;7.3;68.3
46.0;7.3;70.0
39.0;7.3;70.1
39.0;7.3;70.1
39.0;7.3;71.0
37.0;7.3;68.4
39.0;7.3;68.1
38.0;7.3;66.9
38.0;7.3;62.0
36.0;7.3;69.7
34.0;7.3;70.8
39.0;7.3;72.3
37.0;7.3;73.2
38.0;7.2;70.1
34.0;7.2;69.8
33.0;7.2;69.3
41.0;7.3;82.2
46.0;7.3;81.6
54.0;7.3;74.4
64.0;7.3;74.5
67.0;7.3;73.6
68.0;7.3;74.8
54.0;7.3;73.8
62.0;7.3;78.5
51.0;7.3;71.5
43.0;7.3;74.1
54.0;7.3;73.7
42.0;7.3;73.3
40.0;7.3;72.1
45.0;7.3;72.2
62.0;7.3;74.4
65.0;7.3;73.3
63.0;7.3;73.1
53.0;7.3;74.2
14.0;7.3;76.6
48.0;7.3;77.2
44.0;7.3;77.8
50.0;7.3;83.5
64.0;7.3;77.9
57.0;7.3;81.2
69.0;7.3;79.4
55.0;7.3;83.3
52.0;7.3;78.1
64.0;7.3;83.3
60.0;7.2;79.6
60.0;7.2;80.1
46.0;7.3;79.5
48.0;7.3;76.6
45.0;7.3;74.3
44.0;7.3;75.7
41.0;7.3;72.0
4.0;7.3;62.5
44.0;7.3;61.8
40.0;7.3;75.7
37.0;7.3;73.6
49.0;7.3;71.0
45.0;7.3;65.7
49.0;7.3;67.4
42.0;7.3;68.3
46.0;7.3;70.0
117.0;7.3;81.1
118.0;7.2;81.2
115.0;7.2;83.0
39.0;7.3;70.1
39.0;7.3;71.0
37.0;7.3;68.4
39.0;7.3;68.1
38.0;7.3;66.9
38.0;7.3;62.0
36.0;7.3;69.7
34.0;7.3;70.8
39.0;7.3;72.3
37.0;7.3;73.2
38.0;7.2;70.1
34.0;7.2;69.8
33.0;7.2;69.3
35.0;7.3;82.2
42.0;7.3;82.0
43.0;7.2;84.6
47.0;7.3;85.1
46.0;7.3;85.7
157.0;7.3;90.3
70.0;7.3;85.6
63.0;7.3;85.2
169.0;7.0;109.4
176.0;7.2;94.3
163.0;7.2;84.1
155.0;7.2;91.8
82.0;7.3;87.6
176.0;7.2;94.6
235.0;7.2;93.6
302.0;7.5;96.8
245.0;7.5;96.7
243.0;6.5;97.3
229.0;6.8;101.5
242.0;7.0;97.9
222.0;7.0;96.8
298.0;7.3;99.8
229.0;7.0;93.3
216.0;7.0;92.0
214.0;7.0;90.9
197.0;6.8;90.2
191.0;6.8;96.4
232.0;6.8;70.0
224.0;6.8;70.7
210.0;6.8;70.0
163.0;6.8;70.0
170.0;6.8;105.4
163.0;7.3;89.3
175.0;7.2;88.8
164.0;7.2;77.3
165.0;7.2;77.9
163.0;7.2;75.9
158.0;7.2;82.0
149.0;6.8;76.4
156.0;7.3;76.7
147.0;7.2;77.0
145.0;7.2;76.4
157.0;7.0;66.6
152.0;6.8;72.9
134.0;6.8;72.9
150.0;7.3;71.8
127.0;7.0;72.0
119.0;7.0;69.2
129.0;7.0;70.4
133.0;7.0;65.1
118.0;7.0;66.4
142.0;7.0;66.8
119.0;6.8;83.2
130.0;6.8;79.4
118.0;6.8;72.3
122.0;7.3;73.3
125.0;7.3;72.9
134.0;7.0;70.9
147.0;7.3;77.7
130.0;7.3;78.1
145.0;7.0;77.2
160.0;7.3;78.1
154.0;7.3;77.7
138.0;6.8;78.3
150.0;6.8;77.1
138.0;6.8;78.7
136.0;7.3;76.7
142.0;7.3;76.4
115.0;7.0;76.8
130.0;7.3;75.9
146.0;7.3;76.0
137.0;6.8;75.0
132.0;6.8;75.6
123.0;6.8;73.1
126.0;6.8;74.6
136.0;6.8;74.1
112.0;7.0;75.4
130.0;7.3;75.5
109.0;7.3;75.7
116.0;6.8;75.2
108.0;6.8;75.7
111.0;6.8;75.7
106.0;6.8;75.7
112.0;6.8;74.4
107.0;7.0;75.4
120.0;7.3;75.8
108.0;7.3;75.5
116.0;6.8;76.3
111.0;6.8;75.0
103.0;6.8;76.7
102.0;6.8;74.4
104.0;6.8;73.6
102.0;7.0;62.0
104.0;7.3;72.7
98.0;7.3;72.8
104.0;6.8;72.6
103.0;6.8;73.1
104.0;6.8;72.6
87.0;6.8;69.0
118.0;6.8;73.8
100.0;6.8;89.0
107.0;7.3;83.9
105.0;7.3;84.3
102.0;7.3;84.8
99.0;7.3;84.4
97.0;7.3;84.2
101.0;7.0;84.0
95.0;7.0;69.7
93.0;7.0;69.8
101.0;7.0;74.5
62.0;6.8;68.7
99.0;6.8;71.7
79.0;6.8;70.7
80.0;6.8;71.7
100.0;6.8;71.2
103.0;6.8;74.1
99.0;6.8;73.7
96.0;6.8;74.2
93.0;7.0;73.2
92.0;7.3;73.3
90.0;7.3;73.7
93.0;7.3;74.1
100.0;7.3;73.7
97.0;7.3;73.3
95.0;7.3;74.0
93.0;7.3;74.1
90.0;7.3;73.7
88.0;7.3;74.0
85.0;7.3;74.6
83.0;7.3;73.5
80.0;7.3;74.1
93.0;7.3;72.6
94.0;7.3;72.7
90.0;7.3;72.9
94.0;7.3;73.1
92.0;7.3;73.0
95.0;7.3;73.5
94.0;7.3;72.8
93.0;7.3;72.8
84.0;7.3;72.6
89.0;7.0;75.1
98.0;7.0;74.9
94.0;7.0;74.0
87.0;7.0;75.1
82.0;7.0;74.6
92.0;7.0;73.9
71.0;7.0;75.0
70.0;7.0;72.6
68.0;7.0;72.7
67.0;7.0;72.9
70.0;7.0;73.1
72.0;7.0;73.0
74.0;7.0;74.0
75.0;7.0;74.5
76.0;7.0;73.5
75.0;7.0;73.6
73.0;7.0;73.1
72.0;7.0;74.4
71.0;7.0;74.8
89.0;6.8;73.9
88.0;6.8;75.1
70.0;6.8;73.9
71.0;6.8;73.8
61.0;6.8;74.6
64.0;6.8;74.8
63.0;6.8;73.7
62.0;6.8;73.6
65.0;6.8;74.3
72.0;6.8;74.4
86.0;6.8;74.2
88.0;6.8;73.2
74.0;6.8;73.2
88.0;6.8;70.3
85.0;6.8;71.8
87.0;6.8;72.6
89.0;6.8;71.3
92.0;6.8;72.9
94.0;6.8;72.8
97.0;6.8;72.8
91.0;7.0;72.9
87.0;7.0;70.3
83.0;7.0;72.8
78.0;7.0;70.5
73.0;7.0;74.0
71.0;7.0;74.1
72.0;7.0;74.5
75.0;7.0;74.3
73.0;7.0;74.4
73.0;7.0;74.2
74.0;7.0;73.6
73.0;7.0;74.3
73.0;7.0;73.9
73.0;7.0;74.6
72.0;7.0;73.6
72.0;7.0;73.9
73.0;7.0;74.3
72.0;7.0;73.8
72.0;7.0;74.3
73.0;7.0;73.8
75.0;7.0;74.8
77.0;7.0;73.6
78.0;7.0;74.3
80.0;7.0;74.0
79.0;7.0;74.1
78.0;7.0;74.4
77.0;7.0;74.4
76.0;7.0;74.5
71.0;7.0;74.0
72.0;7.0;74.0
71.0;7.0;74.2
63.0;7.0;74.2
79.0;7.0;92.7
78.0;7.0;74.5
75.0;7.0;74.6
72.0;7.0;75.9
71.0;7.0;74.9
70.0;7.0;74.7
69.0;7.0;74.7
68.0;7.0;74.6
68.0;7.0;73.2
70.0;7.0;73.0
72.0;7.0;72.7
74.0;7.0;71.6
76.0;7.0;73.1
75.0;7.0;71.7
72.0;7.0;71.7
74.0;7.0;73.4
75.0;7.0;72.2
74.0;7.0;73.2
72.0;7.0;72.3
74.0;7.0;72.2
63.0;7.0;73.3
60.0;7.0;73.7
59.0;7.0;73.7
58.0;7.0;74.0
60.0;7.0;74.4
64.0;7.0;74.2
68.0;7.0;70.6
72.0;7.0;70.2
68.0;7.0;70.5
66.0;7.0;70.4
65.0;7.0;70.5
64.0;7.0;69.8
62.0;7.0;70.0
64.0;7.0;70.9
66.0;7.0;70.4
66.0;7.0;70.2
65.0;7.0;70.5
65.0;7.0;70.7
68.0;7.0;70.4
70.0;7.0;70.1
70.0;7.0;70.3
72.0;7.0;70.7
72.0;7.0;70.7
71.0;7.0;70.7
69.0;6.8;70.3
71.0;6.8;70.0
70.0;6.8;70.0
70.0;6.8;70.4
69.0;6.8;70.8
70.0;6.8;70.5
69.0;6.8;71.0
69.0;6.8;69.9
70.0;6.8;69.4
71.0;6.8;69.8
71.0;6.8;69.8
70.0;6.8;70.9
68.0;6.8;69.3
69.0;6.8;68.4
69.0;6.8;66.1
69.0;6.8;68.9
68.0;6.8;69.0
69.0;6.8;68.7
70.0;6.8;69.5
73.0;6.8;68.9
68.0;6.8;67.3
66.0;6.8;68.5
66.0;6.8;68.6
66.0;6.8;68.4
64.0;6.8;69.1
66.0;6.8;69.8
62.0;6.8;70.4
64.0;6.8;70.0
66.0;6.8;70.0
68.0;6.8;70.1
72.0;6.8;70.4
70.0;6.8;69.5
76.0;6.8;70.4
70.0;6.8;70.0
69.0;6.8;70.5
67.0;6.8;70.5
63.0;7.0;69.3
64.0;7.0;70.0
65.0;7.0;69.8
64.0;7.0;69.8
66.0;7.0;70.0
67.0;7.0;70.5
69.0;7.0;70.4
73.0;7.0;70.1
74.0;7.0;70.9
72.0;7.0;70.0
71.0;7.0;70.5
70.0;7.0;70.5
71.0;7.0;69.3
69.0;7.0;70.0
72.0;7.0;69.8
70.0;7.0;69.8
72.0;7.0;70.0
72.0;7.0;70.5
76.0;7.0;70.4
74.0;7.0;70.1
71.0;7.0;70.9
68.0;7.0;68.2
64.0;7.0;68.5
65.0;7.0;68.6
62.0;7.0;69.5
61.0;7.0;69.7
62.0;7.0;70.1
62.0;7.0;69.8
69.0;7.0;70.1
67.0;7.0;70.6
67.0;7.0;70.1
68.0;7.0;70.2
67.0;7.0;70.8
66.0;7.0;69.7
65.0;7.0;70.2
66.0;7.0;70.6
64.0;7.0;70.0
62.0;6.8;70.5
62.0;6.8;76.7
63.0;6.8;76.1
63.0;6.8;75.9
69.0;6.8;76.2
70.0;6.8;76.6
72.0;6.8;76.3
73.0;6.8;76.4
71.0;6.8;75.7
